hostname,st_teff,st_lum,st_mass,st_rad,st_logg,st_met,st_age,sy_dist_log,sy_pm,sy_snum,sy_gaiamag,st_spectype_group,sy_pnum,hz_pnum,has_hz_planet,st_logg_filled
51 Peg,5787.0,0.161,1.05,1.15,4.36,0.2,6.76,1.189248815891922,216.4603396,1,5.28647,G,1,0,0,False
55 Cnc,5235.0,-0.18,0.96,0.93,4.48,0.31,9.5,1.099870473990655,539.1329986,2,5.72973,G,5,1,1,False
HD 209458,6065.0,0.21,1.119,1.155,4.361,0.0,3.1,1.683961517079919,34.5682789,1,7.50866,,1,0,0,False
HR 810,6097.0,0.25,1.15,1.18,4.38,0.11,2.72,1.2385002430636125,399.5181853,1,5.25587,G,1,0,0,False
GJ 876,3293.74,-1.847020765474539,0.369607,0.367,4.874911,0.2129,,0.6697974074480213,1171.1009489,1,8.8753,,4,2,1,False
HD 38529,5573.0,0.74,1.41,2.66,3.81,0.37,3.09,1.6268923814907015,161.8424176,2,5.74796,,2,1,1,False
rho CrB,5817.0,0.26007,0.95,1.34,4.25,-0.2,10.2,1.2422208066118348,797.5220847,1,5.24167,,4,0,0,False
HD 169830,6305.0,0.629,1.4,1.73,4.09,0.09,2.5,1.5752432832378744,16.4600597,1,5.77641,,2,1,1,False
HD 168443,5645.0,0.246,1.05,1.39,4.16,0.12,9.0,1.597963795134679,242.3014111,1,6.73166,,2,1,1,False
ups And,6213.0,0.561,1.31,1.64,4.16,0.15,3.12,1.1272797773044245,419.8574185,2,3.98687,F,3,1,1,False
GJ 3021,5519.04,-0.18927,0.97,0.879611,4.53626,0.1046,,1.24442309839919,437.5480518,2,6.39729,,1,0,0,False
HD 27442,4961.0,0.79,1.46,3.18,3.76,0.26,2.89,1.2617480556114933,174.6127895,2,4.14532,,1,0,0,False
eps Eri,5146.0,-0.456,0.86,0.77,4.61,-0.03,2.6,0.5055026993129453,975.5865066,1,3.47719,K,1,0,0,False
HD 160691,5784.0,0.303,1.15,1.33,4.25,0.29,7.96,1.1930717002922953,191.5319109,1,4.94916,G,4,1,1,False
BD-10 3166,5388.0,-0.313,1.0,0.8,4.44,0.42,1.0,1.9263779502919958,185.0255981,1,9.83981,,1,0,0,False
HD 89744,6249.16,0.79579,1.21,2.13257,3.86304,0.2238,,1.5869966536396418,183.3619728,2,5.60551,,1,0,0,False
HD 134987,5764.0,0.144,1.1,1.19,4.19,0.33,4.5,1.4179762776794302,407.3027012,1,6.28994,,2,0,0,False
47 UMa,5882.0,0.233,1.06,1.24,4.31,0.04,6.48,1.1397752209537655,322.3708569,1,4.87837,G,3,1,1,False
tau Boo,6387.0,0.525,1.34,1.46,4.27,0.23,1.64,1.1945726139097987,472.3602962,2,4.36617,F,1,0,0,False
HD 10697,5614.0,0.42,1.11,1.75,4.11,0.15,6.98,1.5200968844414016,113.3529363,1,6.10286,,1,1,1,False
HD 179949,6168.0,0.322,1.18,1.22,4.36,0.14,2.56,1.4386578288675052,156.5457503,1,6.1106,F,1,0,0,False
HD 177830,4949.0,0.68502,1.47,2.62,3.65,0.545,4.4,1.797734139339906,66.7665853,2,6.8866,,2,0,0,False
HD 210277,5553.0,-0.027,1.0,1.05,4.31,0.22,7.5,1.3283490182433377,458.5778739,1,6.34701,,1,1,1,False
HD 130322,5373.0,-0.273,0.9,0.84,4.33,0.05,1.0,1.5034719927747715,191.8604963,1,7.83448,,1,0,0,False
HD 46375,5336.0,-0.137,0.95,1.0,4.37,0.32,9.0,1.4706001042426868,147.7164267,2,7.69533,,1,0,0,False
HD 195019,5741.0,0.329,1.05,1.48,4.06,0.03,8.5,1.575973714699524,354.1908518,2,6.72911,,1,0,0,False
16 Cyg B,5674.0,0.143,0.96,1.17,4.3,0.04,11.8,1.3250988198082547,211.1222128,3,6.06428,G,1,1,1,False
HD 217107,5665.0,0.042,1.1,1.09,4.25,0.4,4.0,1.302372061308539,16.3978436,1,5.96401,,2,0,0,False
HD 187123,5790.0,0.12713,1.04,1.15043,4.33338,0.09,,1.6623308803497672,188.6982861,1,7.67284,,2,0,0,False
HD 52265,6076.0,0.352,1.17,1.28,4.31,0.19,3.76,1.476835974332564,141.6078979,1,6.15257,G,1,0,0,False
HD 92788,5772.0,0.091,1.1,1.11,4.3,0.32,3.5,1.5397508645912357,223.7420083,1,7.13929,,2,0,0,False
HD 12661,5785.0,0.033,1.1,1.04,4.39,0.37,1.0,1.5780406400942535,204.3236427,1,7.24746,,2,0,0,False
HD 222582,5780.0,0.055,1.0,1.06,4.33,-0.01,6.0,1.6248861804215213,183.1072102,2,7.51889,,1,1,1,False
70 Vir,5545.0,0.501,1.1,1.88,3.96,-0.01,7.92,1.2528797186476042,622.5685118,1,4.76178,G,1,0,0,False
HD 16141,5747.0,0.24,1.05,1.39,4.14,0.14,7.51,1.5773320695861208,464.7992802,2,6.65773,,1,0,0,False
HD 75289,5974.0,0.29,1.2,1.31,4.06,0.2,3.5,1.464128727496159,228.8658,2,6.21047,,1,0,0,False
GJ 86,5151.0,-0.377,0.8,0.8,4.54,-0.27,11.3,1.0327637700467147,2218.591653,2,5.88516,K,1,0,0,False
HD 192263,5028.0,-0.546,0.8,0.7,4.29,-0.02,1.0,1.2930508116963806,268.3808352,1,7.49558,,1,0,0,False
OGLE-TR-10,6075.0,0.45076215493823163,1.277,1.52,4.178,0.28,3.1,3.128712597364626,5.1852878,1,15.6845,,1,0,0,False
HD 73526,5564.0,0.33,1.01,1.41,4.13,0.23,9.59,1.9878431636827125,170.3177023,1,8.79682,,2,0,0,False
2MASS J12073346-3932539,2825.0,-2.56086,0.188001,0.21887,5.03186,,,1.8082650030912368,68.3315134,1,17.4076,,1,0,0,False
HD 39091,6037.0,0.164,1.15,1.11,4.42,0.08,1.5,1.2617433015080368,1094.0304816,1,5.5128,,3,1,1,False
GJ 581,3500.0,-1.90781,0.295,0.302,4.97,-0.08,,0.7992095519981126,1225.3257121,1,9.411,M,3,0,0,False
HD 50554,5982.0,0.119,1.05,1.07,4.29,-0.07,3.5,1.493686640248343,103.324084,1,6.69786,,1,1,1,False
HD 111232,5406.0,-0.158,0.7,0.95,4.31,-0.46,13.0,1.4617550659138727,115.6833576,1,7.40535,,2,0,0,False
HD 142,6249.0,0.477,1.23,1.4,4.26,0.1,3.12,1.4180575538952562,576.4678738,2,5.58442,F,3,0,0,False
HD 81040,5620.0,-0.109,0.9,0.93,4.13,-0.21,8.0,1.5369887363661578,155.5120051,1,7.55543,,1,0,0,False
GJ 436,3350.0,-1.585,0.452,0.464,4.843,-0.03,6.0,0.9891475752728323,1209.8576781,1,9.57148,,1,0,0,False
TrES-1,5230.0,-0.359,0.878,0.807,4.567,0.02,3.7,2.2031906846594214,38.1245166,2,11.5565,,1,0,0,False
HD 118203,5683.0,0.61805,1.251,2.102,3.889,0.223,5.32,1.965008272223494,116.6279708,1,7.89255,,2,0,0,False
HD 189733,5040.0,-0.48,0.806,0.756,4.587,-0.03,6.8,1.2958704503916423,250.2466863,2,7.41432,,1,0,0,False
HD 99492,4955.0,-0.469,0.83,0.76,4.61,0.36,8.6,1.2601620553899735,752.2828201,2,7.26005,K,2,0,0,False
HD 104985,4738.0,1.76989,1.22,11.12,2.42,-0.32,,2.002494359337486,173.5842549,1,5.49698,G,1,0,0,False
HD 196050,5912.0,0.268,1.2,1.3,4.19,0.29,3.5,1.7047869011572907,201.847549,3,7.3407,,1,1,1,False
HD 216437,5806.0,0.332,1.2,1.45,4.06,0.22,5.0,1.426351828136363,84.9908695,1,5.89397,,1,1,1,False
HD 27894,4832.0,-0.449,0.8,0.85,4.02,0.21,13.0,1.6416862482261063,325.7145651,1,9.06573,,3,0,0,False
HD 28185,5706.0,0.01,1.1,1.04,4.35,0.27,2.5,1.5952856371593194,103.1407298,1,7.62682,,2,1,1,False
HD 74156,6071.0,0.435,1.2,1.49,4.28,0.04,5.0,1.7604451023384486,201.7827476,1,7.46934,,2,1,1,False
gam Cep,4775.0,1.0203400369945181,1.27,4.74,3.189,0.18,5.7,1.1492930288298249,136.1249426,2,2.92627,K,1,0,0,False
DH Tau,4371.0,-0.21153,0.683,1.36687,4.00103,,,2.1298380682995313,21.871659,1,12.4961,,1,0,0,False
HD 41004 A,5310.0,-0.293,0.95,0.85,4.37,0.23,1.0,1.5645615606641587,78.0072371,2,,,1,0,0,False
HD 41004 B,5036.0,-0.20175,0.84,1.04137,4.32713,,,1.6185752090336456,72.6789265,2,8.37625,,1,0,0,False
HD 11977,5008.0,1.84,2.13,9.94,2.97,0.19,1.0,1.83208143325958,105.5736344,1,4.43863,,1,0,0,False
OGLE-TR-56,6119.0,0.30035275298900826,1.233,1.26,4.331,0.25,1.7,,,1,,,1,0,0,False
HD 114729,5779.0,0.339,0.95,1.48,4.01,-0.33,10.5,1.5775641762196781,367.3596313,2,6.51382,,1,1,1,False
HD 128311,4965.0,-0.495,0.83,0.76,4.61,0.2,6.4,1.2129649083070195,323.1998789,1,7.16719,K,2,1,1,False
HD 190360,5590.0,0.053,0.96,1.13,4.48,0.25,6.7,1.2043072317785548,862.1421738,2,5.55436,G,2,0,0,False
HD 141937,5842.0,-0.026,1.1,0.95,4.25,0.1,1.0,1.5232546815447479,99.0912957,1,7.09149,,1,1,1,False
HD 162020,4891.0,-0.688,0.75,0.63,4.09,-0.07,1.0,1.4889002674517704,32.4378566,1,8.75949,,1,0,0,False
HD 213240,5924.0,0.378,1.2,1.47,4.12,0.19,4.0,1.6114120760168034,236.8762676,2,6.65761,,1,1,1,False
HD 117207,5615.0,0.043,1.0,1.11,4.16,0.19,6.5,1.509937377301524,218.0171086,1,7.07737,,1,0,0,False
HD 30177,5595.0,-0.023,1.1,1.04,4.15,0.39,3.5,1.744970892165367,67.2822907,1,8.21511,,2,0,0,False
14 Her,5388.0,-0.155,1.07,0.96,4.51,0.46,5.24,1.2536359958225034,324.5303062,1,6.383,K,2,0,0,False
HD 208487,6105.0,0.2,1.1,1.13,4.42,0.02,2.0,1.654628896914579,155.9182946,1,7.33164,,1,0,0,False
HD 149026,6160.0,0.38561,1.294,1.368,4.278,0.36,1.9,1.8800374549413439,93.9751146,1,8.01416,,1,0,0,False
HD 183263,5930.0,0.2,1.2,1.19,4.23,0.3,3.0,1.7339632273815089,37.4192004,1,7.71818,,2,1,1,False
HD 114783,5089.0,-0.411,0.85,0.8,4.27,0.09,7.0,1.323516103968136,138.7804107,1,7.31783,,2,1,1,False
OGLE-TR-113,4804.0,-0.5365089497282779,0.768,0.78,4.539,0.15,,2.7531684813342094,17.912214,1,15.443,,1,0,0,False
HD 178911 B,5564.0,-0.04303,0.98,1.02415,4.40857,0.2,,1.6124945838326816,204.0735915,3,7.86705,,1,0,0,False
HD 216435,5993.0,0.498,1.3,1.65,4.14,0.24,3.5,1.5182954216277915,232.563273,1,5.88357,,1,1,1,False
HD 114386,4820.0,-0.495,0.78,0.74,4.6,0.0,1.4,1.445982295128822,352.6224636,1,8.41823,K,1,0,0,False
HD 216770,5463.0,-0.225,1.0,0.86,4.38,0.36,1.0,1.5642220759886085,287.8677517,1,7.91638,,1,0,0,False
HD 23079,6017.0,0.092,1.05,1.03,4.52,-0.12,2.0,1.5245142549081896,213.7394128,1,6.96235,,1,1,1,False
HD 330075,5140.0,-0.391,0.9,0.81,4.38,0.18,1.0,1.6560876561026692,250.4810904,1,9.09159,,1,0,0,False
HD 4308,5695.0,0.029,0.93,1.02,4.41,-0.31,8.68,1.3427344712751252,758.1402158,1,6.37578,G,1,0,0,False
HD 76700,5687.0,0.188,1.15,1.28,4.14,0.41,5.0,1.7844967574060453,307.3738581,1,7.97348,,1,0,0,False
HD 202206,5722.0,-0.028,1.1,0.99,4.27,0.3,1.0,1.6624414367815346,126.2020582,2,7.91051,,1,0,0,False
HD 109749,5853.0,0.144,1.1,1.15,4.17,0.23,4.0,1.799906142539416,157.5073946,2,8.02456,,1,0,0,False
HD 88133,5452.0,0.5,1.12,1.85,3.98,0.28,6.88,1.8669503873784723,265.3912437,1,7.80979,,1,0,0,False
HD 117618,5901.0,0.18,1.05,1.18,4.19,0.0,6.0,1.577240111863596,127.9447545,1,7.0216,,1,0,0,False
HD 65216,5632.0,-0.176,0.9,0.86,4.43,-0.16,4.0,1.5455606901980516,191.7550039,3,7.7943,,2,1,1,False
HD 82943,5997.0,0.215,1.13,1.14,4.39,0.27,2.84,1.440754848669891,174.7245488,1,6.38964,G,2,1,1,False
HD 188015,5726.59,0.05636,1.02,1.08403,4.37659,0.2836,,1.704756046882863,105.8899417,2,8.06588,,1,1,1,False
HD 3651,5221.0,-0.268,0.88,0.88,4.51,0.16,8.2,1.0466356142303657,591.8261077,1,5.65255,K,1,0,0,False
HD 142022 A,5467.0,-0.091,1.0,1.01,4.2,0.2,7.0,1.535043347050548,338.4961047,2,7.51423,,1,0,0,False
HD 66428,5615.0,0.071,1.0,1.15,4.06,0.23,8.0,1.7265780729347868,217.1239644,1,8.08142,,2,0,0,False
HD 23596,5982.0,0.45821,1.1,1.57785,4.08333,0.28,,1.7160183766451413,57.130186,2,7.10356,,1,1,1,False
HD 72659,5926.0,0.33646,1.06,1.36,4.24,-0.02,6.5,1.7151246794151342,148.3055502,1,7.3107,G,2,0,0,False
HD 70642,5711.0,-0.054,1.1,0.96,4.42,0.22,1.0,1.4665117384861455,302.2287869,1,6.99211,,1,0,0,False
HD 80606,5574.0,-0.030884779745489123,1.018,1.037,4.415,0.34,5.9,1.8226328657754534,56.8807437,2,8.82008,,1,0,0,False
HD 108874,5572.0,0.013,1.0,1.09,4.25,0.24,8.0,1.7746446806190166,156.0955141,1,8.57502,,2,1,1,False
HD 8574,6031.0,0.37649,1.12,1.41292,4.18705,0.03,,1.651533862155692,296.6402261,1,6.98345,,1,0,0,False
HD 2638,5236.0,-0.448,0.9,0.73,4.38,0.22,1.0,1.7400633179559428,247.3852499,3,9.192761,,1,0,0,False
iot Dra,4504.0,1.72247,1.54,11.79,2.48,0.03,2.65,1.4959371062033693,18.1121506,1,2.96828,K,2,1,1,False
HD 106252,5923.0,0.108,1.05,1.08,4.44,-0.05,3.5,1.5818927949386175,280.9408178,1,7.26281,,1,1,1,False
HD 83443,5442.0,-0.10403,1.0,0.94,4.39,0.34,2.64,1.611713751299903,122.1338299,1,8.0265,K,2,0,0,False
HD 107148,5739.0,0.128,1.1,1.17,4.2,0.28,5.0,1.6938640728994963,72.4419017,2,7.85111,,2,0,0,False
HD 99109,5311.0,-0.29,1.0,0.85,4.22,0.38,1.0,1.7387020930868098,239.7552007,1,8.86823,,1,1,1,False
HD 164922,5390.0,-0.14874,0.926,0.946,4.46,0.18,9.58,1.342454264726944,717.364353,1,6.78614,,4,0,0,False
HD 68988,5866.0,0.2196,1.06,1.24672,4.27183,0.3,,1.7842227541190678,131.8506008,1,8.04611,,2,0,0,False
OGLE-TR-132,6210.0,0.371,1.305,1.32,4.313,0.37,1.2,3.3037617840879263,6.3857717,1,16.4883,,1,0,0,False
HD 50499,5927.0,0.342,1.25,1.41,4.05,0.26,3.5,1.6654355765148259,97.1708763,1,7.0564,,2,0,0,False
HD 93083,5059.0,-0.449,0.9,0.78,4.28,0.17,1.0,1.4550870830530036,178.2516947,1,8.04206,,1,0,0,False
HD 121504,5951.0,0.174,1.1,1.15,4.32,0.09,3.0,1.6197109257432325,263.2012165,1,7.39023,,1,0,0,False
HD 11964,5321.0,0.47,1.1,1.95,3.94,0.06,7.45,1.5255229158992998,439.8070368,2,6.209,,2,1,1,False
HD 49674,5583.0,-0.02162,0.99,1.04257,4.39749,0.23,,1.633871253608643,127.5748255,1,7.91841,,1,0,0,False
HD 168746,5625.0,-0.034,0.95,1.01,4.36,-0.05,8.0,1.6187601741724746,72.0994498,1,7.77169,,1,0,0,False
HD 37124,5492.0,-0.091,0.75,1.0,4.4,-0.4,13.0,1.500557547353794,427.6360836,1,7.47238,,3,1,1,False
HD 40979,6139.0,0.29056,1.16,1.2352,4.31905,0.25,,1.532605343293173,180.1229873,3,6.59963,,1,0,0,False
HD 4203,5644.0,0.206,1.15,1.33,4.11,0.43,5.0,1.9105150171969416,174.1399947,1,8.51545,,2,0,0,False
HD 45350,5566.0,0.14065,0.98,1.26442,4.22551,0.23,,1.6709255300369505,68.5076102,1,7.7,,1,1,1,False
HD 4208,5638.0,-0.188,0.9,0.85,4.39,-0.28,6.0,1.5339460970715728,347.3074549,1,7.61066,,1,1,1,False
HD 47536,4424.0,2.27,0.91,22.39,2.13,0.69,10.15,2.0882636993492807,125.544935,1,4.88004,,1,0,0,False
HD 149143,5892.0,0.276,1.2,1.32,4.04,0.32,4.0,1.8649860533101563,87.2392449,1,7.74081,,1,0,0,False
HD 142415,5939.0,0.034,1.15,0.98,4.38,0.15,1.0,1.550617208904085,151.9685258,1,7.17789,,1,0,0,False
HD 102117,5631.0,0.124,1.1,1.21,4.08,0.3,6.0,1.597467011722404,94.8733286,1,7.28191,,1,0,0,False
HD 33564,6420.0,0.502,1.31,1.4367,4.242539112131224,0.08,2.2,1.3212482856935241,180.0737299,1,4.97155,F,1,0,0,True
HD 2039,5934.0,0.288,1.2,1.32,4.3,0.3,3.5,1.9329412927385423,79.7853427,1,8.85974,,1,1,1,False
HD 212301,6303.0,0.231,1.25,1.1,4.57,0.17,1.0,1.7342428077758958,120.0378927,2,7.63495,,1,0,0,False
HD 6434,5742.0,0.061,0.75,1.09,4.52,-0.58,13.0,1.626935446018323,554.588905,1,7.5609,,1,0,0,False
HD 101930,5190.0,-0.387,0.9,0.79,4.31,0.27,1.0,1.4775177293172828,349.3958196,2,7.96664,,1,0,0,False
HIP 14810,5541.0,-0.018,1.0,1.06,4.19,0.26,6.0,1.7031193462360779,53.2887182,1,8.33307,,3,1,1,False
HD 13189,4175.0,2.6044043835761235,2.24,38.41,1.62,-0.37,,2.69707495764488,5.5152485,1,7.01743,,1,0,0,False
HD 154857,5604.56,0.66269,0.99,2.27465,3.71987,-0.2236,,1.8024193058451285,103.8983825,1,7.04837,,2,0,0,False
HD 63454,4907.0,-0.668,0.8,0.64,4.11,0.0,1.0,1.5762192237121873,44.5330074,1,9.05402,,1,0,0,False
HD 19994,6188.0,0.626,1.37,1.75,4.17,0.19,2.56,1.3526493749338777,205.2976134,3,4.93038,G,1,0,0,False
HD 147513,5888.0,-0.033,1.1,0.93,4.54,0.09,1.0,1.1106974289038574,74.23686,2,5.22664,,1,1,1,False
HD 108147,6179.0,0.245,1.2,1.16,4.26,0.09,1.0,1.5901728315963144,192.3721742,1,6.85345,,1,0,0,False
HD 37605,5448.0,-0.229,1.0,0.901,4.511,0.336,7.0,1.6701196294990006,252.7602573,1,8.46192,K,2,0,0,False
AB Pic,5378.0,-0.4,0.9,0.73,4.44,-0.05,1.0,1.6993823882424712,47.297973,1,8.8378,,1,0,0,False
OGLE-TR-111,5044.0,-0.40626620334843583,0.846,0.822,4.536,0.19,9.7,3.028705424080074,10.7592331,1,16.5277,,1,0,0,False
BD-08 2823,4816.0,-0.6343,0.78,0.692034,4.64991,-0.06,,1.6163095365217266,376.3791094,1,9.50331,,2,1,1,False
HD 110014,4559.0,2.3,2.28,20.15,2.27,0.05,0.83,2.003279538365731,80.7669238,1,4.31048,,1,0,0,False
CoRoT-1,6355.07,0.38854,1.26,1.29027,4.31708,0.0656,,2.896476061296657,6.039454,1,13.457,,1,0,0,False
bet Pic,8038.68,0.95282,1.95,1.54416,4.35072,,,1.295439541586153,82.614613,1,3.82015,,2,0,0,False
HIP 5158,4962.0,-0.95861,0.78,,4.37,0.1,6.0,1.7126715841312024,230.1580182,1,9.80235,,2,1,1,False
WASP-29,5203.0,-0.57392,0.88,0.635603,4.77618,0.17,,1.9424808043550135,105.495185,1,10.8932,,1,0,0,False
alf Ari,4504.0,1.934,3.13,15.21,2.2,,,1.305570396422958,240.4100663,1,,K,1,0,0,False
WASP-4,5400.0,-0.2158321929637457,0.864,0.893,4.47,-0.07,7.0,2.426846205815617,88.072915,1,12.3162,,1,0,0,False
HAT-P-3,5185.0,-0.35458,0.936,0.824,4.61,0.27,0.4,2.12889661292925,31.0851689,2,11.2795,K,1,0,0,False
HAT-P-24,6373.0,0.408,1.191,1.317,4.27,-0.16,2.8,2.61840794109062,8.330933,2,11.6396,F,1,0,0,False
HD 104067,4956.0,-0.469,0.83,0.77,4.6,0.1,0.4,1.3088460267658995,447.0205242,1,7.62029,K,2,0,0,False
HR 8799,7204.58,0.73347,1.61,1.49338,4.29656,,,1.6153618311718432,119.0689573,1,5.90914,,4,0,0,False
WASP-25,5736.0,-0.12511,1.025,0.876762,4.56303,0.06,,2.325137851697822,29.9367529,1,11.6885,,1,0,0,False
WASP-12,6154.0,0.59711,1.17,1.74942,4.02046,0.21,,2.630678005421892,7.1348482,3,11.4999,,1,0,0,False
WASP-13,5826.0,0.45301678797255474,1.22,1.657,4.086,0.0,5.0,2.3570520277591562,20.4329552,1,10.38,,1,0,0,False
HAT-P-18,4803.0,-0.569,0.77,0.749,4.57,0.1,12.4,2.2079035303860515,39.2955032,1,12.3682,K,1,0,0,False
WASP-19,5616.0,-0.04335,0.965,1.006,4.417,0.04,6.4,2.4286611380324996,39.4024365,1,12.1088,,1,0,0,False
Kepler-4,5857.0,0.354,1.223,1.487,4.17,0.17,4.5,2.688345059960547,7.6063536,1,12.1577,,1,0,0,False
TrES-2,5850.0,-0.02319,0.99,0.952,4.4,-0.15,3.1,2.3330843711436504,5.4639005,2,11.2819,,1,0,0,False
Kepler-9,5774.0,-0.038,1.022,0.958,4.49,0.05,2.0,2.7981373361733874,14.9221369,1,13.7809,,3,0,0,False
Kepler-11,5820.0,0.1202,1.05,1.12955,4.35344,0.07,,2.8104650654619836,7.0692817,1,13.7062,,6,0,0,False
HAT-P-11,4653.0,-0.6377145004376906,0.81,0.74,4.6,0.34,2.69,1.5770860390434585,264.8686021,1,9.15098,,2,0,0,False
Kepler-6,5647.0,0.299,1.209,1.391,4.236,0.34,3.8,2.7686669546073417,8.4838193,1,13.1714,,1,0,0,False
Kepler-7,5933.0,0.618,1.347,1.843,4.03,0.11,3.5,2.96499556220571,21.1570086,1,12.8649,,1,0,0,False
HAT-P-7,6366.0,0.77,1.51,2.0,4.01,0.28,2.07,2.53285498101726,20.3369477,2,10.3654,,1,0,0,False
CoRoT-8,5143.0,-0.69881,0.868,0.563398,4.87496,0.22,,2.5079057722321294,35.483344,1,14.2195,,1,0,0,False
CoRoT-10,5075.0,-0.4301117811108277,0.89,0.79,4.65,0.26,3.0,2.5294123867295126,22.9585905,1,14.6645,K,1,0,0,False
CoRoT-12,5675.0,0.007816682490439661,1.018,1.046,4.407,0.16,5.8,3.051681074852048,3.8659215,1,15.3453,,1,0,0,False
HD 132406,5766.0,0.18672710503955367,1.051,1.245,4.19,0.14,7.187,1.8499301925333067,280.734294,1,8.28075,,1,1,1,False
HD 175167,5635.0,0.45028,1.0,1.76199,3.94606,0.28,,1.851785910044792,191.6405164,1,7.82424,,1,1,1,False
HD 40307,4956.0,-0.639,0.7,0.65,4.21,-0.35,3.0,1.1118100785459815,79.7896257,1,6.84367,,5,1,1,False
WASP-2,5200.0,-0.328,0.89,0.84,4.537,0.1,5.6,2.18537781143487,48.6429449,2,11.5638,,1,0,0,False
BD-17 63,4714.0,-0.678,0.74,0.69,4.26,-0.03,4.3,1.5373190539529105,421.9214191,1,9.20112,K,1,0,0,False
HD 75898,5963.0,0.46,1.26,1.58,4.1430563712087185,0.28,3.56,1.8923756895450785,99.3528846,1,7.89597,G,2,0,0,True
HD 11506,6058.0,0.36,1.19,1.38,4.32,0.31,5.4,1.7097870741511079,100.1591624,1,7.37382,G,3,1,1,False
LP 261-75 A,3138.0,-2.08618,0.283907,0.306378,4.91873,,,1.5305582594516531,199.2956354,1,13.833,,1,0,0,False
HAT-P-15,5568.0,0.0,1.013,1.08,4.38,0.22,6.8,2.28446682954815,17.186859,1,11.7232,G,1,0,0,False
WASP-38,6124.0,0.47849,1.157,1.54109,4.12575,0.04,,2.1343046349545447,49.9988588,1,9.20974,,1,0,0,False
HAT-P-13,5653.0,0.346,1.22,1.56,4.13,0.41,5.0,2.392362752025857,35.7342909,1,10.4168,G,2,1,1,False
HAT-P-19,4962.0,-0.48545,0.807,0.773,4.5687,0.166,7.2,2.3055190349468946,42.0916998,1,12.5567,,1,0,0,False
HAT-P-8,6401.79,0.49124,1.285,1.4311,4.23563,0.048,,2.3254191883730932,76.2465043,3,10.1489,,1,0,0,False
WASP-32,6427.0,0.2104,1.3,1.02763,4.52834,0.28,,2.4408996407782055,16.6967089,1,11.409,,1,0,0,False
WASP-5,5880.0,0.05269387582343629,0.972,1.026,4.403,0.0,3.05,2.4901509880272803,17.5478704,1,11.996,G,1,0,0,False
Qatar-1,5013.0,-0.43771,0.838,0.803,4.552,0.171,,2.268613069695335,59.5264366,1,12.4764,,1,0,0,False
WASP-14,6475.0,0.6411989351219828,1.35,1.666,4.126,0.0,2.4,2.209506971977757,30.057238,3,9.64647,,1,0,0,False
HAT-P-6,6570.0,0.55267,1.29,1.46,4.22,-0.13,2.3,2.4398976985960714,20.3165716,1,10.3056,,1,0,0,False
WASP-18,6432.0,0.42813,1.294,1.319,4.31,0.107,1.57,2.091607172054137,32.5798036,2,9.16617,,2,0,0,False
FU Tau,2838.0,-0.69897,0.05,,,,0.001,,,1,15.2412,M,1,0,0,False
WASP-11,4800.0,0.0,0.77,0.74,4.45,0.0,,2.0959709223437146,44.9914262,3,11.5535,,1,0,0,False
XO-2 N,5332.0,-0.155,0.97,1.01,4.44,0.43,7.9,2.188289924915664,157.1107895,2,10.9718,,1,0,0,False
HAT-P-14,6583.0,0.59218,1.32,1.53,4.1,0.08,1.6,2.34764805614116,7.0779684,2,9.87283,F,1,0,0,False
GSC 06214-00210,4432.0,-0.54576,0.694,0.90484,4.36628,,,2.0354297381845483,36.7688781,1,11.8633,,1,0,0,False
HAT-P-17,5246.0,-0.319,0.857,0.838,4.52,0.0,7.8,1.9655925313063416,150.2840947,1,10.2743,K,2,0,0,False
HAT-P-25,5500.0,-0.125,1.01,0.959,4.48,0.31,3.2,2.4776767961857615,19.1456731,1,12.8416,G,1,0,0,False
CoRoT-5,6100.0,0.24237856806684302,1.0,1.186,4.19,-0.25,6.9,2.9457009345262537,8.8293871,1,13.9021,F,1,0,0,False
GJ 1214,3250.0,-2.33724,0.178,0.215,5.026,0.29,,1.1656211646312382,948.0511007,1,13.0089,M,1,0,0,False
HAT-P-1,5975.0,0.17026,1.133,1.135,4.382,0.13,2.7,2.2013397608836636,52.8378021,2,10.1786,,1,0,0,False
Kepler-5,6297.0,0.669,1.374,1.793,4.07,0.04,3.0,2.954134887583995,3.2446002,1,13.2263,,1,0,0,False
WASP-23,5046.0,-0.3374,0.84,0.88727,4.46623,0.05,,2.316997170689212,88.2328996,1,12.3208,,1,0,0,False
WASP-26,6015.0,0.2869624241364107,1.095,1.284,4.26,-0.02,4.0,2.4027066284796503,36.6887374,2,10.9935,,1,0,0,False
WASP-17,6548.0,0.61272,1.354,1.57323,4.1761,-0.07,,2.608427610867956,12.5908023,1,11.3803,,1,0,0,False
KOI-217,5525.0,-0.1888156763037822,0.97,0.88,4.53,0.12,1.7,2.9612782042903354,2.5768478,1,15.1013,,1,0,0,False
XO-3,6429.0,0.4832855392319647,1.206,1.409,4.222,-0.18,3.0,2.328487653881568,4.7275387,1,9.73889,,1,0,0,False
XO-5,5470.0,-0.06,0.88,1.08,4.31763516117627,0.05,14.8,2.4412409702026916,32.1685526,1,11.9498,G,1,0,0,True
HAT-P-16,6158.0,0.29447,1.218,1.237,4.34,0.17,2.0,2.3553308127828148,22.0468365,3,10.7568,F,1,0,0,False
WASP-8,5589.0,-0.05889,0.99,0.996641,4.43663,0.24,,1.9540523433378516,110.0108179,2,9.61249,,2,0,0,False
HD 86226,5903.0,0.025,1.06,1.02,4.36,0.05,1.5,1.6597546162681032,183.2069957,1,7.7713,G,2,0,0,False
Oph 11,2878.0,-2.47538,0.202375,0.232692,5.01066,,,,6.197166,1,18.912,,1,0,0,False
WASP-34,5694.0,0.06624,1.014,1.10901,4.35423,0.04,,2.120889666939061,79.0949566,1,10.2046,,1,0,0,False
HAT-P-22,5302.0,-0.114,0.916,1.04,4.36,0.24,12.4,1.9125658476316127,87.7253495,2,9.51936,G,1,0,0,False
81 Cet,4734.0,1.76027,1.23,11.21,2.41,-0.11,,2.005437923050822,60.3912853,1,5.37588,G,1,0,0,False
HD 32518,4580.0,1.615253553580152,1.13,10.22,2.1,-0.15,5.83,2.0867690137983863,87.3595495,1,6.11933,K,1,0,0,False
6 Lyn,5022.0,1.1242909449779261,1.562,4.83,3.15,-0.1,2.353,1.7376688328178949,340.0415405,1,5.60686,,1,0,0,False
4 UMa,4531.0,2.0257475759394192,1.61,16.751,2.32,-0.19,2.08,1.866052697601414,66.6571379,1,4.23773,,1,0,0,False
HD 81688,4919.0,1.78,1.76,10.08,2.86,0.2,1.48,1.9330735493513551,129.7872894,1,5.12598,,1,0,0,False
HD 145457,4829.0,1.6422101726871574,1.526,9.483,2.67,-0.13,2.605,2.131272116933359,41.1368197,1,6.28309,,1,0,0,False
HD 167042,5021.0,0.72,1.58,4.16,3.51,0.01,2.12,1.6960355739413389,269.5376298,1,5.72384,,1,0,0,False
HD 173416,4783.0,1.860074423274208,1.77,12.422,2.43,-0.15,1.73,2.1211788898527884,61.8894309,1,5.75681,,1,0,0,False
xi Aql,4780.0,1.83885,2.2,12.0,2.66,-0.205,,1.7496265689342398,129.3413953,1,4.42501,,1,0,0,False
18 Del,4980.0,1.63367,2.1,8.8,2.87,-0.06,,1.8820803401009107,60.6038527,2,5.27476,G,1,0,0,False
HD 210702,4957.0,1.15,1.58,4.88,3.51,0.05,2.1,1.7339696381171092,17.4590557,1,5.6807,,1,0,0,False
14 And,4813.0,1.763,2.2,11.0,2.63,-0.24,,1.877597074249053,299.2526179,1,4.91781,K,1,0,0,False
HAT-P-12,4650.0,-0.678,0.733,0.701,4.61,-0.29,2.5,2.15457915925036,141.8823722,1,12.4197,K,1,0,0,False
HD 125612,5894.0,0.001,1.1,0.96,4.3,0.25,1.0,1.7605785299647123,90.3893674,2,8.1559,,3,1,1,False
HD 143361,5505.0,-0.09151,0.95,0.99,4.42,0.22,5.0,1.8357831265845075,197.3479295,1,9.01602,G,1,1,1,False
HD 164604,4806.77,-0.60536,0.78,0.718233,4.61763,0.12,,1.595091500117892,54.2721351,1,9.32786,,1,1,1,False
HD 28254,5653.0,0.36096,1.0,1.5797,4.04092,0.36,,1.7426340220019405,158.6237757,2,7.49977,,1,1,1,False
HIP 70849,3935.0,-1.06257,0.614307,0.633112,4.62349,,,1.3812450787264905,206.4980686,2,9.69796,,1,0,0,False
WASP-3,6352.0,0.43416,1.261,1.36116,4.27096,-0.04,,2.3639145645516675,22.5756189,3,10.4525,,1,0,0,False
XO-4,6397.0,0.5467456342340599,1.285,1.531,4.177,-0.04,2.7,2.4356134662718736,17.7999868,1,10.5131,,1,0,0,False
WASP-37,5849.09,0.07659,1.056,1.06358,4.40819,-0.284,,2.594161528261765,33.3651712,1,12.542,,1,0,0,False
HD 215497,5110.0,-0.35331,0.86,0.849488,4.51425,0.2,,1.6079565848805737,81.9277302,1,8.68605,,2,1,1,False
GJ 676 A,3734.0,-1.080714714105964,0.73,0.69,4.62,0.08,,1.204857656429958,317.0836723,2,8.86517,,4,0,0,False
WASP-21,5924.0,0.30426,1.08,1.34757,4.21239,-0.22,,2.412336205485929,25.7997703,1,11.3987,,1,0,0,False
WASP-24,6107.0,0.3353730798743175,1.168,1.317,4.267,-0.02,2.5,2.508009600915981,18.8432132,3,11.3945,,1,0,0,False
CoRoT-2,5598.0,-0.1455289915540124,0.997,0.901,4.527,0.04,1.2,2.328956240820171,11.4550454,2,12.2489,,1,0,0,False
XO-1,5750.0,-0.0603369656884359,1.037,0.942,4.506,0.02,0.9,2.2136585146578605,22.8728638,1,11.004,,1,0,0,False
WASP-1,6213.0,0.45777051380000405,1.265,1.465,4.209,0.17,2.7,2.594472108489148,5.7121872,2,11.5349,,1,0,0,False
HAT-P-9,6193.0,0.35012,1.19,1.2999,4.2858,0.08,,2.658205115599564,16.2127474,1,12.1536,,1,0,0,False
HAT-P-21,5588.0,0.025,0.947,1.105,4.33,0.01,10.2,2.442915412824774,13.2872218,1,11.5583,G,1,0,0,False
HAT-P-4,5860.0,0.42813,1.26,1.59,4.14,0.24,4.2,2.5057616311823865,32.5154393,2,11.0634,G,1,0,0,False
WASP-22,6153.0,0.3065249619535159,1.249,1.255,4.338,0.26,1.3,2.5019515940840917,26.5752608,1,11.5821,,1,0,0,False
GJ 649,3734.0,-1.361,0.51,0.5,4.76,-0.15,,1.016180617371783,520.8498864,1,8.81875,M,1,0,0,False
HD 190984,5988.93,0.79055,1.1,2.30797,3.753,-0.49,,2.17081010596515,45.4809756,1,8.61126,,1,1,1,False
HD 73267,5317.0,-0.106,0.89,1.04,4.28,0.03,7.4,1.7025106667250365,162.7198154,1,8.67835,G,2,1,1,False
WASP-10,4713.98,-0.60124,0.754,0.750341,4.56492,0.0428,,2.149212952406273,35.6238642,1,12.1739,,1,0,0,False
HAT-P-26,5079.0,-0.42,0.816,0.788,4.56,-0.04,9.0,2.151789536910231,147.8161704,1,11.4641,K,1,0,0,False
WASP-7,6400.0,0.48949578184650977,1.276,1.432,4.232,0.0,2.4,2.2103265473764746,64.9452766,1,9.37671,,1,0,0,False
HD 10647,6105.0,0.215,1.1,1.14,4.39,-0.08,2.92,1.2389413827676967,196.5544898,1,5.38178,F,1,1,1,False
HAT-P-5,5960.0,0.187,1.16,1.167,4.368,0.24,2.6,2.4819239555581163,13.3103836,1,11.8224,G,1,0,0,False
HAT-P-20,4595.0,-0.721,0.756,0.694,4.63,0.35,6.7,1.8514870576928888,96.3636397,1,10.9903,K,1,0,0,False
TrES-4,6200.0,0.64246,1.394,1.816,4.064,0.14,2.9,2.712632868181526,21.8393905,2,11.4731,,1,0,0,False
HD 97658,5212.0,-0.45469,0.85,0.728,4.64,-0.23,3.9,1.3336850133531393,118.0319107,1,7.5136,K,1,0,0,False
WASP-31,6217.0,0.33572,1.2,1.26867,4.31055,-0.08,,2.5841377845322726,28.7245696,1,11.8163,,1,0,0,False
CoRoT-9,5613.0,-0.14182,0.993,0.898155,4.52831,-0.02,,2.615929019937377,20.7840672,2,13.5008,,1,0,0,False
Ross 458,3646.0,-1.29769,0.556419,0.562566,4.68312,,,1.0610526838833865,633.1763223,2,8.90809,,1,0,0,False
GJ 674,3451.0,-1.76982,0.35109,0.36463,4.85978,,,0.6579121180003986,1050.0914102,1,8.33063,,1,0,0,False
HN Peg,5974.0,0.072,1.1,1.04,4.48,-0.02,3.1,1.258124637283167,257.2932473,1,5.82363,G,1,0,0,False
HD 102365,5630.0,-0.066,0.89,0.96,4.45,-0.33,9.48,0.9679876639285985,1582.703504,2,4.71107,G,1,0,0,False
GJ 179,3370.0,-1.796,0.357,0.38,4.83,0.3,,1.091877899629413,342.4034373,1,10.7055,M,1,0,0,False
HD 154345,5468.0,-0.187,0.89,0.86,4.53,-0.1,4.92,1.262071212617293,862.586012,1,6.56771,G,1,0,0,False
HD 45364,5435.58,-0.19571,0.95,0.900132,4.50718,-0.175,,1.5359773113166677,53.5273638,1,7.88016,,2,2,1,False
HD 86264,6210.0,0.66,1.42,1.88,4.02,0.202,2.24,1.8312982275589624,66.970538,1,7.28372,,1,1,1,False
HD 8673,6389.05,0.52992,1.28,1.50225,4.19179,0.1474,,1.5782024041024487,250.9261399,2,6.2242,,1,1,1,False
CoRoT-7,5259.0,-0.33586976201144986,0.913,0.82,4.573,0.138,1.32,2.203864759668711,10.9609274,1,11.5239,,3,0,0,False
HD 89307,5914.0,0.13,1.0,1.11,4.28,-0.18,7.0,1.5052911010953154,275.2171319,1,6.86817,,1,0,0,False
HD 87883,4958.0,-0.456,0.8,0.78,4.56,0.07,9.84,1.2622421984388386,89.224207,1,7.27194,K,1,0,0,False
HAT-P-2,6290.0,0.485,1.298,1.474,4.214,0.12,2.6,2.1064424907137047,30.9650963,1,8.59842,F,2,0,0,False
HD 139357,4595.0,1.7884548964831277,1.78,12.394,2.54,0.19,2.028,2.0495668691646514,18.8494579,1,5.6303,,1,0,0,False
HD 126614,5585.0,0.08279,1.145,1.09,4.39,0.56,7.2,1.8638942060459165,209.178157,3,8.61907,,1,1,1,False
HD 4113,5646.0,0.035,1.05,1.09,4.22,0.19,5.5,1.6219309656033198,124.3823523,3,7.71051,,1,0,0,False
HD 17156,6079.0,0.415,1.2,1.47,4.29,0.24,5.7,1.8925748449360509,96.8491965,1,8.03298,G,1,0,0,False
CoRoT-11,6440.0,0.4618744537193494,1.27,1.37,4.22,-0.03,2.0,2.8162658319642917,5.5818875,1,12.841,F,1,0,0,False
HD 43197,5508.0,-0.137,0.96,1.0,4.31,0.4,,1.7952625329793457,148.516155,1,8.77158,G,2,0,0,False
HD 219828,5842.0,0.48,1.19,1.68,4.19,0.16,4.75,1.8640005444078342,7.8870329,1,7.88338,,2,1,1,False
HD 180314,4917.0,1.64345,2.6,9.2,2.98,0.2,,2.0876465668895063,51.1036408,1,6.34583,,1,0,0,False
11 Com,4874.0,1.97823,2.09,13.76,2.45,-0.26,,1.9693441453191884,140.3836266,2,4.44038,G,1,0,0,False
HAT-P-23,5905.0,0.199,1.13,1.203,4.33,0.15,4.0,2.5620703058835437,14.3246506,1,12.1741,G,1,0,0,False
kap CrB,4840.0,1.03583,1.33,4.68,3.2,0.09,,1.4780626526975986,347.8771098,1,4.52428,K,1,1,1,False
WASP-33,7308.0,0.81944,1.653,1.60242,4.24679,,,2.0861604366219018,9.0298956,2,8.07004,,1,0,0,False
TrES-3,5650.0,-0.20412,0.928,0.829,4.4,-0.19,0.9,2.3642450993107564,42.5832621,1,12.1995,,1,0,0,False
HD 180902,4989.0,1.09,1.51,3.94,3.46,0.0,2.48,2.019436179068188,42.8690335,2,7.52132,,1,0,0,False
HD 44219,5752.0,0.26,1.0,1.32,4.21,0.03,,1.7234975396173613,74.2218138,1,7.52973,G,1,0,0,False
HD 171238,5440.0,-0.17722,0.95,0.918004,4.4901,0.17,,1.6513875432131317,113.0479471,1,8.41099,,1,0,0,False
CoRoT-4,6190.0,0.23915783446635705,1.194,1.1475,4.3959,0.05,0.8,2.8611830099220823,5.3458377,1,13.5613,,1,0,0,False
WASP-6,5375.0,-0.2525687907243543,0.836,0.864,4.487,-0.15,9.0,2.2947284872802753,43.6387439,1,11.9761,,1,0,0,False
gam1 Leo,4395.0,2.431209113645406,1.462,28.395,1.66,-0.47,2.412,1.6008455275018216,346.5977496,2,,,1,0,0,False
30 Ari B,6300.0,0.2564089347484534,1.16,1.13,4.5,0.245,0.91,1.6498895443689223,141.8135318,4,6.96085,F,1,0,0,False
HD 16417,5817.0,0.465,1.12,1.63,4.09,0.13,7.32,1.4047242743004769,259.5297272,2,5.61319,G,1,0,0,False
CoRoT-6,6090.0,0.12792763735185064,1.054,1.043,4.425,-0.2,2.5,2.8097576270178553,5.8112583,1,13.7459,,1,0,0,False
GJ 849,3467.0,-1.59,0.45,0.45,4.8,0.09,,0.9445112951614097,1132.7461051,1,9.2245,M,2,0,0,False
HD 204313,5754.04,0.09817,1.03,1.12666,4.34732,0.1569,,1.679377922614596,273.8814392,1,7.83246,,3,0,0,False
CoRoT-3,6558.0,0.58851,1.36,1.52534,4.20487,0.14,,2.8857969922755755,3.5086162,1,13.2188,,1,0,0,False
WASP-16,5630.0,0.027382517545261314,0.98,1.087,4.357,0.07,8.6,2.288101602978643,17.2567459,1,11.1247,,1,0,0,False
GJ 832,3472.0,-1.585,0.45,,4.7,-0.3,,0.6958623928327816,817.8892865,1,7.73761,,1,0,0,False
HD 113538,4685.0,-1.04576,0.7,0.65,4.28,-0.17,1.3,1.2116997483464431,1118.400991,1,8.4428,K,2,0,0,False
HIP 79431,3420.0,-1.54921,0.476538,0.478625,4.75617,,,1.1623373431820048,217.0077505,1,10.2351,,1,1,1,False
HD 60532,6245.0,0.8,1.5,2.5,3.95,0.12,2.25,1.4144987054924747,61.2130787,1,4.30793,,2,0,0,False
HD 70573,5884.0,-0.275,0.9,0.7,4.57,-0.04,1.0,1.772189637645957,71.1659372,1,8.54261,,1,1,1,False
BD+14 4559,5008.0,-0.32,0.86,0.95,4.6,0.1,,1.693304757235923,233.993162,1,9.35108,K,1,1,1,False
HD 102272,4908.0,1.725150813752439,1.9,10.1,3.07,-0.26,,2.5404508600295905,10.6159064,1,8.40499,K,1,0,0,False
HD 109246,5844.0,0.07849823438674336,1.2,1.07,4.46,0.1,,1.8314531891142738,178.692738,1,8.5873,,1,0,0,False
HD 125595,4691.0,-0.61134,0.75,0.748952,4.56422,0.08,,1.4502321674240544,565.7998343,1,8.6555,,1,0,0,False
HD 145377,6046.0,0.19312,1.12,1.14,4.49,0.12,1.3,1.7282596070263725,25.3899698,1,7.96999,,1,0,0,False
HD 154672,5655.0,0.28103,1.08,1.44,4.15,0.11,8.0,1.7996740698149218,127.6386669,1,8.03732,G,1,0,0,False
HD 17092,4596.0,1.6397277252033133,1.246,10.439,2.45,0.05,5.58,2.3587379297773,41.6254578,1,7.33993,,1,0,0,False
HD 171028,5721.0,0.57,1.0,1.88,3.96,0.47,8.59,2.0478937340604735,45.3213572,1,8.10233,,1,0,0,False
HD 181720,5784.59,0.36092,1.04,1.50858,4.09796,-0.5289,,1.7796296752826497,424.296759,1,7.67484,,1,1,1,False
HD 20868,4795.0,-0.529,0.78,0.79,4.22,0.04,4.5,1.678721366541416,307.8626685,1,9.61323,K,1,1,1,False
HD 290327,5505.0,-0.13719,0.97,0.938735,4.47975,-0.14,,1.7515331381455366,102.4530933,1,8.80364,,1,0,0,False
HD 63765,5439.95,-0.25476,0.95,0.839619,4.56763,-0.155,,1.5123855158658577,315.9028879,1,7.90983,,1,1,1,False
HD 6718,5729.74,-0.0184,1.02,0.993532,4.4523,-0.0641,,1.7104930831480494,193.6807171,1,8.28147,,1,0,0,False
BD-13 2130,4545.0,2.1482696259553578,2.12,19.17,2.2,-0.08,,2.9662421957336287,3.8647189,1,9.69971,,1,0,0,False
HD 38283,5983.57,0.4106,1.1,1.49291,4.13139,-0.2143,,1.580485899791413,176.1793657,1,6.54392,,1,0,0,False
HD 224693,5894.0,0.61,1.31,1.93,3.986156677640217,0.27,4.12,1.9708185781077845,149.5555594,1,8.08528,G,1,0,0,True
HD 231701,6148.0,0.405,1.2,1.41,4.26,-0.08,4.0,2.0369361457974513,65.2671332,1,8.83051,,1,0,0,False
HD 45652,5306.0,-0.222,1.0,0.92,4.13,0.27,5.0,1.542253872897225,215.6074822,1,7.9118,,1,0,0,False
HD 159868,5630.0,0.53,1.08,1.78,4.08,0.02,7.57,1.7470255102715857,285.096985,1,7.04579,,2,1,1,False
HD 163607,5543.0,0.362,1.09,1.63,4.04,0.21,8.6,1.8311368038454665,141.596805,1,7.81298,G,2,1,1,False
HD 181342,4976.0,1.21,1.78,4.55,3.42,0.22,1.56,2.0805940218351626,55.5049316,1,7.28405,,1,0,0,False
HD 185269,6059.0,0.49,1.29,1.76,4.13,0.12,3.4,1.7159340180211695,86.7055997,3,6.51831,,1,0,0,False
HD 206610,4874.0,1.27646,1.56,6.1,3.3,0.14,3.0,2.167884206399099,2.7564494,1,8.06506,,1,0,0,False
HD 4313,5005.0,1.14,1.71,4.38,3.45,0.11,1.72,2.134521345591806,9.0943526,1,7.57399,,1,0,0,False
HD 5319,4958.0,0.908,1.51,3.85,3.45,0.15,3.1,2.0842365732935506,49.8568635,1,7.77238,K,2,0,0,False
HD 95089,4974.0,1.19,1.67,4.73,3.36,0.03,1.85,2.136584234353265,59.7403853,1,7.66056,,2,0,0,False
HD 96167,5749.0,0.53,1.16,1.73,4.15,0.35,5.62,1.9309520859831466,51.3795694,2,7.92849,,1,0,0,False
HD 25171,6160.0,0.27646,1.09,1.18,4.43,-0.11,4.0,1.745188817968381,165.4128576,2,7.638,F,1,0,0,False
HD 48265,5650.0,0.58433,1.28,2.05,3.92,0.4,5.0,1.9568625544829494,39.7813595,1,7.87925,G,1,1,1,False
HD 85390,5160.6,-0.36558,0.87,0.82123,4.54866,-0.0838,,1.5253363994486446,64.9824484,1,8.29462,,1,1,1,False
2MASS J04414489+2301513,2936.0,-2.44363,0.201559,0.231916,5.01181,,,,,1,18.9668,,1,0,0,False
42 Dra,4200.0,2.1319160058604245,0.98,22.03,1.71,-0.46,9.49,1.9573893669164957,108.2005422,2,4.43216,K,1,0,0,False
HD 9446,5793.0,0.04139,1.0,1.0,4.53,0.09,,1.702002062535246,197.6688722,1,8.2095,G,2,0,0,False
USco CTIO 108,2846.0,-2.15181,0.328851,0.345365,4.87851,,,2.158419791059333,22.9836112,1,17.4229,,1,0,0,False
HD 69830,5435.0,-0.239,0.9,0.86,4.42,0.0,3.0,1.0989585184586372,1026.8551062,1,5.75392,,3,1,1,False
WASP-15,6405.0,0.5437956911592158,1.305,1.522,4.189,0.0,2.4,2.4503892303854675,24.0466985,1,10.797,,1,0,0,False
HD 13931,5829.0,0.1959,1.022,1.23,4.3,0.03,8.4,1.6757444397267758,208.516252,1,7.45464,,1,0,0,False
HD 16175,6029.0,1.19,1.28,1.69,4.28,0.23,3.27,1.7771294572734755,56.6953717,1,7.1291,,1,0,0,False
HD 129445,5635.2,0.0871,1.0,1.1598,4.3093,0.37,,1.8289085459199825,205.9080194,1,8.6178,,1,1,1,False
BD+20 2457,4137.0,3.17,2.8,49.0,1.51,-1.0,,3.187438930408063,46.8841645,1,9.22684,K,2,0,0,False
HD 30562,5861.0,0.45,1.219,1.637,4.09,0.243,4.0,1.4176327591823656,398.7628439,1,5.61828,,1,1,1,False
CoRoT-13,5945.0,0.05814003335141396,1.09,1.01,4.46,0.01,1.635,3.0602935695587705,3.6450532,1,14.9147,G,1,0,0,False
HD 7924,5177.0,-0.409,0.83,0.78,4.59,-0.15,0.88,1.2302496111236685,47.6113429,1,6.92516,K,3,0,0,False
HD 90156,5626.0,-0.102,0.94,0.9,4.52,-0.21,2.6,1.341426610255788,106.5089329,1,6.73951,G,1,0,0,False
HD 102195,5330.0,-0.33442,0.926,0.835,4.368,0.096,2.4,1.4674393860314217,220.1843333,1,7.84665,G,1,0,0,False
HD 34445,5836.0,0.3032,1.07,1.38,4.21,0.14,8.5,1.6636133039984362,146.9992382,1,7.14947,,6,2,1,False
HD 156668,4850.0,0.23,0.772,0.72,4.598,0.05,8.6,1.38618316236681,228.612106,1,8.10753,,2,1,1,False
HD 24040,5761.0,0.27569,1.03,1.37879,4.17191,0.17,,1.6685946261113809,275.3819226,1,7.33476,,2,1,1,False
HD 240210,4316.0,2.0640151226156402,1.241,19.293,1.91,-0.14,5.085,2.5710155032916684,19.7316626,1,7.64476,,1,0,0,False
HD 10180,5901.36,0.18101,1.07,1.17829,4.32494,0.0793,,1.590626751168752,16.5883695,1,7.17261,,6,1,1,False
GJ 1148,3287.0,-1.86908,0.344045,0.358519,4.86566,,,1.0419569013236005,582.6429082,1,10.5769,,2,1,1,False
HD 31253,5960.0,0.51667,1.23,1.71,4.1,0.16,3.0,1.7645034117670817,99.7963544,1,6.98479,,1,0,0,False
Lupus-TR-3,3833.0,-1.46393,0.59,0.420347,4.9617,,,2.888409221561193,17.3832896,1,18.765,,1,0,0,False
HD 175541,5060.0,0.934,1.65,3.8,3.52,-0.07,1.9,2.112615054531228,90.4778855,1,7.75927,G,1,0,0,False
HD 86081,5864.0,0.37,1.2,1.49,3.93,0.13,6.5,2.016765998889044,68.8849737,2,8.58804,,1,0,0,False
HD 212771,5085.0,1.18,1.6,4.26,3.52,0.13,1.92,2.045929003009548,135.0501619,1,7.35208,,1,0,0,False
HD 1461,5765.0,0.107,1.03,1.11,4.37,0.18,7.12,1.3702058105565647,441.9148713,1,6.29454,G,2,0,0,False
61 Vir,5577.0,-0.095,0.942,0.963,4.34,-0.01,8.96,0.9295885229103983,1508.8416272,1,4.54052,G,3,0,0,False
HD 218566,4820.0,-0.45223,0.85,0.86,4.81,0.38,8.5,1.459805474279562,638.9585993,1,8.27432,,1,1,1,False
HD 170469,5736.0,0.181,1.1,1.25,4.08,0.26,5.0,1.7794377499810423,51.4729191,2,8.04953,,1,1,1,False
Kepler-8,6213.0,0.605,1.213,1.486,4.174,-0.055,3.84,3.0093956493468905,4.42486,1,13.5299,,1,0,0,False
24 Sex,5098.0,1.164,1.54,4.9,3.5,-0.03,2.7,1.8577490986173129,74.6277468,1,6.20374,,2,0,0,False
HD 73534,4959.0,0.68,1.31,2.79,3.73,0.16,4.01,1.9208123263464787,147.7382851,1,7.95707,,1,1,1,False
HD 136418,5071.0,0.83251,1.33,3.4,3.6,-0.07,4.0,2.0218836149362924,183.0304034,1,7.60946,,1,0,0,False
HD 148156,6308.0,0.25042,1.22,1.21,4.56,0.29,,1.7568558619298071,53.4645414,1,7.55508,,1,1,1,False
HD 156846,6080.0,0.62,1.38,1.95,4.16,0.18,2.78,1.678820550137402,198.2532321,2,6.3623,,1,0,0,False
HD 205739,6176.0,0.36,1.22,1.33,4.29,0.19,2.84,1.9661825779749091,85.0386141,1,8.41991,,1,0,0,False
HD 103197,5250.0,-0.25651,0.9,0.899664,4.48415,0.22,,1.756988116768014,81.2566557,1,9.16421,,1,0,0,False
HD 38801,5222.0,0.65896,1.36,2.53,3.84,0.26,4.67,1.961111994250444,95.1686535,1,8.03397,,1,1,1,False
HD 200964,5096.0,1.67,1.99,9.16,3.48,0.16,1.23,1.8608899584556742,107.2915421,1,6.23723,,2,0,0,False
HD 43691,6093.0,0.57168,1.14,1.73312,4.01732,0.3,,1.9324783308334492,57.9960814,3,7.8972,,1,0,0,False
HD 47186,5640.0,0.066,1.0,1.13,4.21,0.21,6.5,1.5735376287562242,263.8325178,1,7.44897,,2,1,1,False
eps Tau,4877.0,1.89271,2.57,12.35,2.66,0.1,,1.6769542909234023,113.8901159,1,3.27298,K,1,0,0,False
HD 148427,5030.0,0.91,1.41,3.15,3.5,0.04,3.05,1.8533933687684145,37.3153162,1,6.63542,,1,0,0,False
HD 62509,4946.0,1.59,2.1,8.31,3.07,0.07,0.98,,627.6878205,1,,,1,0,0,False
HD 1690,4406.0,1.53,1.02,19.6,2.01,0.31,8.37,2.876572869780165,13.8195055,1,8.74943,,1,0,0,False
HD 285968,3543.0,-1.398,0.43,0.46,4.81,,,0.9763706155263648,1295.1464507,1,8.99955,M,1,0,0,False
DP Leo,13500.0,-2.404379395345465,,0.0115,,,,2.4852727076382224,28.7362202,2,18.6333,,1,0,0,False
GJ 317,3347.0,-1.68663,0.42116,0.426606,4.80246,-0.5538,,1.1817521479019244,928.2322049,1,10.7539,,2,0,0,False
GJ 3634,3517.0,-1.54308,0.452727,0.455796,4.77636,,,1.30915942670655,574.1777508,1,10.9233,,1,0,0,False
HD 152079,5726.0,0.10721,1.1,1.15,4.36,0.16,3.0,1.943933534822244,142.2907224,1,9.01051,G,1,0,0,False
HD 33283,6022.0,0.58,1.29,1.7,4.21,0.36,3.23,1.9535775300429545,72.649153,2,7.89933,,1,0,0,False
HD 187085,6190.0,0.255,1.2,1.17,4.43,0.12,1.0,1.661806062259364,103.5954175,1,7.07508,,1,1,1,False
HD 153950,6076.0,0.34635,1.12,1.34,4.37,-0.01,4.3,1.685337701621223,178.8958515,1,7.23813,,1,0,0,False
HD 8535,6183.34,0.32818,1.18,1.27145,4.30135,0.04,,1.743824004962499,90.5536093,2,7.56066,,1,1,1,False
HD 221287,6241.0,0.231,1.2,1.12,4.37,-0.02,1.0,1.747591237765843,181.2374221,1,7.68153,,1,1,1,False
HD 192699,5227.0,1.06,1.48,4.05,3.51,0.32,2.18,1.8565035303341566,66.3950053,1,6.21085,,1,0,0,False
V0391 Peg,29300.0,1.43287,0.47,0.202,5.49946,,,3.0777239171421384,6.1376502,1,14.5897,,1,0,0,False
HD 196885 A,6218.0,0.385,1.3,1.35,4.18,0.19,2.0,1.5336348108253144,114.273673,2,6.26141,,1,1,1,False
11 UMi,4255.0,2.332244465183394,1.434,27.032,1.8,-0.13,3.186,2.0980238516800567,10.6790187,1,4.56216,,1,0,0,False
HD 155358,5911.52,0.29987,1.08,1.34645,4.21311,-0.6208,,1.6396826743377615,310.0068889,1,7.12074,,2,0,0,False
HIP 12961,3901.0,-1.0565796354998358,0.69,0.65,4.65,-0.14,,1.3686772954127857,326.883283,1,9.59893,,1,1,1,False
HD 179079,5672.0,0.37,1.05,1.45,4.21,0.19,7.88,1.8433050506492419,161.4496745,1,7.77454,,1,0,0,False
HD 190647,5608.0,0.31,1.02,1.43,4.14,0.21,9.05,1.7361876719771556,208.5650293,1,7.5942,,1,1,1,False
HD 102956,5054.0,1.06446,1.68,4.4,3.5,0.19,2.3,2.0859680770460742,21.3439043,2,7.60844,,1,0,0,False
HD 164509,5922.0,0.061,1.13,1.06,4.44,0.21,1.1,1.725191837942504,21.8448377,2,7.95594,G,1,0,0,False
HD 20782,5732.0,0.053,0.95,1.08,4.23,-0.06,8.5,1.556138402964809,355.1122675,2,7.19283,,1,0,0,False
HD 156411,5908.0,0.66,1.24,2.15,4.03,0.12,4.28,1.7548488621102052,214.1357918,1,6.5121,,1,1,1,False
HD 23127,5843.0,0.36580593203290535,1.208,1.49,4.146,0.29,4.508,1.9724597276729932,160.7027565,1,8.42019,,1,1,1,False
CT Cha,4200.2,-0.10177,,1.679694,,,,2.2803962380601424,22.2095894,1,11.7733,,1,0,0,False
HD 100777,5542.0,-0.047,1.0,1.03,4.27,0.3,5.0,1.6948998927577226,37.1356607,1,8.2387,,1,1,1,False
HIP 78530,8738.0,1.3684,2.192,2.10876,4.13086,,,2.1359559165171444,26.9390125,1,7.14665,,1,0,0,False
HD 181433,4915.0,-0.496,0.9,0.78,4.28,0.46,2.0,1.429367864244353,330.0287524,1,8.09228,,3,0,0,False
OGLE-TR-211,6325.0,0.52942,1.25,1.53193,4.1645,0.11,,3.1804871588298704,12.6276106,1,15.0702,,1,0,0,False
Kepler-40,6510.0,0.9961171658924877,1.46,2.48,3.812,0.1,0.8,3.362672813862499,6.9331051,1,14.5591,,1,0,0,False
CoRoT-14,6035.0,0.24116968833365973,1.13,1.21,4.35,0.05,4.2,3.24169586813981,3.6035031,1,15.8116,F,1,0,0,False
1RXS J160929.1-210524,3993.0,-0.40347,0.623,1.31316,3.99592,,,2.143436392356212,25.3771704,1,12.0572,,1,0,0,False
OGLE-TR-182,5924.0,0.24059,1.08,1.25233,4.27606,0.37,,3.39824390845685,10.9863836,1,16.6783,,1,0,0,False
OGLE2-TR-L9,6933.0,0.6704926119361907,1.42,1.503,4.236,-0.05,1.0,3.211555686043858,5.1613705,1,14.5637,,1,0,0,False
GJ 667 C,3350.0,-1.863,0.33,,4.69,-0.55,2.0,0.8599760435432856,1151.9552244,3,9.38033,M,5,3,1,False
Kepler-227,5524.63,-0.12113,0.97,0.949466,4.46988,0.081,,3.034652516594962,4.9998726,1,15.3234,,2,0,0,False
WASP-80,4145.0,-1.063739793995847,0.57,0.571,4.689,-0.14,,1.6971211917127311,142.014282,1,11.273,K,1,0,0,False
51 Eri,7295.0,0.75157,1.65,1.48726,4.31078,,,1.4735964422699717,77.7287954,3,5.15806,,1,0,0,False
VHS J125601.92-125723.9,2620.0,-3.14,0.07,,5.05,,0.225,,338.9409978,2,,M,1,0,0,False
HD 132563,6073.0,0.16294825119497836,1.081,1.092,4.42,-0.06,2.31,2.0218299277192795,92.4090915,3,8.85821,,1,1,1,False
WASP-71,6180.0,0.78079,1.18,2.14325,3.84781,0.37,,2.559565516105732,24.3606281,1,10.5678,,1,0,0,False
Kepler-25,6354.0,0.4216,1.26,1.34,4.285,0.11,2.75,2.3860510635534435,6.185693,2,10.6319,,3,0,0,False
WASP-47,5576.0,0.03167,0.984,1.11133,4.33938,0.36,,2.4228851778308362,43.9557276,1,11.7889,,4,1,1,False
HD 219415,4787.0,0.8982874680254339,1.138,4.098,3.22,0.03,7.233,2.217967978527756,13.2231256,1,8.59745,,1,1,1,False
HD 207832,5726.0,-0.11,1.05,0.89,4.562409285780113,0.14,1.36,1.7703298083441148,192.6495672,3,8.61176,G,2,1,1,True
HAT-P-54,4390.0,-0.9017,0.645,0.617,4.667,-0.127,3.9,2.1573086535996007,33.2370806,1,13.0172,,1,0,0,False
GJ 3470,3652.0,-1.5376,0.51,0.48,4.658,0.2,1.65,1.4686633345304807,194.3609859,1,11.3537,M,1,0,0,False
Kepler-105,5950.98,0.09657,1.09,1.05138,4.43197,-0.148,,2.662023631399799,24.2088626,1,12.8025,,2,0,0,False
HAT-P-39,6430.0,0.6074404722939619,1.404,1.625,4.165660377164,0.19,2.0,2.843235270455173,8.6647019,2,12.2269,,1,0,0,True
TrES-5,5115.0,-0.29124,0.86,0.910631,4.45388,0.23,,2.5566799316380098,32.1101185,1,13.4599,,1,0,0,False
HD 20794,5401.0,-0.161,0.85,0.92,4.46,-0.41,13.5,0.7783524268912994,3120.504737,1,4.06635,G,4,1,1,False
eps CrB,4406.0,2.173506410694121,1.7,21.0,1.94,-0.094,1.74,1.844280176350076,97.2795786,1,3.75773,K,1,0,0,False
WASP-58,5800.0,0.1429735477113598,0.94,1.17,4.27,-0.45,3.2,2.4630025940045153,57.302488,2,11.6347,G,1,0,0,False
Kepler-263,5188.56,-0.45614,0.88,0.731962,4.65357,-0.0314,,2.8778013954466624,5.7909475,1,15.4167,,2,0,0,False
WASP-43,4400.0,-0.8250477762548649,0.717,0.667,4.647267487834703,-0.05,7.0,1.9382529624363967,56.8007302,1,11.907,,1,0,0,True
HATS-2,5227.0,-0.268,0.882,0.898,4.48,0.15,9.7,2.5339308555936624,46.4383031,1,13.3419,K,1,0,0,False
WASP-84,5314.0,-0.39762075400675506,0.842,0.748,4.4,0.0,1.0,2.0025461731191667,39.4110308,1,10.5745,K,2,0,0,False
WASP-66,7051.0,0.6867,1.56,1.47741,4.29219,0.05,,2.6991940424918064,17.753996,1,11.5904,,1,0,0,False
Kepler-328,6299.0,0.4170541001072131,1.24,1.36,4.26,0.08,2.57,3.3450186992456072,5.9625493,1,15.6036,,2,0,0,False
WASP-98,5525.0,-0.38758494057560583,0.69,0.7,4.583,-0.6,8.0,2.449851593200197,35.8420975,2,12.8678,G,1,0,0,False
Kepler-397,5231.0,-0.4111440853613859,0.79,0.76,4.58,-0.24,5.25,,5.1794612,1,,,2,1,1,False
Kepler-358,5571.0,-0.14529473155275385,0.94,0.91,4.49,0.02,5.01,3.0418267626375437,2.1869901,1,15.3559,,2,0,0,False
Kepler-161,5147.0,-0.3839234392747349,0.86,0.81,4.56,0.07,4.68,2.638121698311717,11.2518067,1,14.1922,,2,0,0,False
Kepler-297,5801.0,-0.03765147758462904,0.98,0.95,4.47,-0.1,3.47,2.8401939486155476,2.4872998,1,14.1922,,3,0,0,False
Kepler-454,5767.0,0.05545721098129598,1.06,1.07,4.4,0.24,4.27,2.3633656218180805,53.0150294,2,11.4395,,3,1,1,False
Kepler-204,5865.0,0.11660787334679433,1.03,1.11,4.35,0.01,5.75,2.836781593201411,18.7319359,1,13.8745,,2,0,0,False
Kepler-165,5108.0,-0.4524794111056192,0.8,0.76,4.58,-0.12,5.01,2.748873825632022,21.9176708,1,14.7945,,2,0,0,False
Kepler-134,5819.72,0.06051,1.05,1.05464,4.41305,-0.2067,,2.5247815577761714,19.1886473,1,12.2219,,2,0,0,False
Kepler-111,5914.0,0.15836,1.118,1.145,4.369,0.237,3.4,2.817712753482287,3.8274465,1,13.4192,,2,0,0,False
Kepler-275,6193.0,0.33491410930130927,1.16,1.28,4.28,0.0,3.31,3.3084043246676513,1.6374501,1,15.2874,,3,0,0,False
Kepler-352,5279.0,-0.35072352804499146,0.86,0.8,4.57,-0.07,3.47,2.402661952573644,24.5378883,1,12.9561,,3,0,0,False
Kepler-339,5571.0,-0.1548924973162913,0.93,0.9,4.5,-0.01,4.37,2.7900295800948856,7.785265,1,14.5134,,3,0,0,False
Kepler-150,5589.0,-0.139690926926905,0.94,0.91,4.49,-0.02,4.57,2.9499225446987154,1.4660331,1,14.9743,,5,1,1,False
Kepler-356,6018.64,0.46128,1.11,1.56422,4.0948,-0.0226,,2.8497626594699628,5.6825032,1,12.9654,,2,0,0,False
Kepler-151,5303.09,-0.33413,0.91,0.806366,4.58404,0.1245,,2.8128592334965985,9.9447158,1,14.7189,,2,0,0,False
Kepler-359,6090.0,0.24245294328385045,1.14,1.19,4.35,0.08,3.02,3.159329529434128,5.6169613,1,15.8814,,3,0,0,False
Kepler-403,6111.03,0.64405,1.15,1.87262,3.95387,0.079,,2.924418341435313,13.807334,1,12.7598,,3,0,0,False
Kepler-372,6146.0,0.2510240882609758,1.12,1.18,4.34,-0.02,3.09,3.174336062614943,10.0549276,1,14.8342,,3,0,0,False
Kepler-414,5580.0,-0.1143176470830003,0.95,0.94,4.47,0.05,5.5,2.6164335002983323,8.7808963,1,13.321,,2,0,0,False
Kepler-173,5629.05,0.07365,1.0,1.14448,4.32085,0.0357,,2.920731017605361,9.0675815,1,14.2578,,2,0,0,False
Kepler-229,5014.0,-0.48474564698233913,0.8,0.76,4.59,-0.05,4.9,2.9171193567395024,5.626649,1,15.8265,,3,0,0,False
Kepler-322,5436.0,-0.21702701349054854,0.92,0.88,4.52,0.05,4.68,2.602580832264148,7.926524,1,13.5033,,2,0,0,False
Kepler-82,5529.0,-0.13955789316989736,0.96,0.93,4.49,0.12,4.68,2.9563250172883984,6.606382,1,15.1377,,5,0,0,False
Kepler-330,5033.0,-0.4781752438825722,0.79,0.76,4.59,-0.1,5.13,2.8558382478874087,11.911474,1,15.2634,,2,0,0,False
Kepler-101,5450.0,0.07828608195265296,0.98,1.23,4.24,0.3,10.96,2.9675390843227096,6.9361955,1,13.5672,,2,0,0,False
Kepler-190,5173.0,-0.3859602624124951,0.86,0.8,4.57,0.02,3.72,2.6368758799580934,9.914914,1,14.1175,,2,0,0,False
Kepler-305,5117.0,-0.41579429956336045,0.85,0.79,4.57,0.03,4.37,2.938758321452836,11.4270117,1,15.7661,,4,0,0,False
Kepler-177,5778.0,-0.017547848615010322,1.0,0.98,4.45,0.0,4.37,3.1569850441237133,4.182543,1,14.9414,,2,0,0,False
Kepler-215,5679.0,-0.17118482387029035,0.94,0.85,4.54,-0.17,1.62,2.686633588423884,5.8599222,1,13.5549,,4,0,0,False
Kepler-193,6155.0,0.275372819669528,1.14,1.21,4.33,0.03,2.88,3.0039342061737084,2.9476216,1,14.596,,2,0,0,False
Kepler-196,5163.0,-0.4002474672629388,0.85,0.79,4.57,-0.02,3.98,2.6544768811924193,15.8750168,1,14.1033,,3,1,1,False
Kepler-46,5155.0,-0.25493,0.902,0.938,4.447,0.41,9.7,2.890454553759574,3.2798182,1,15.2548,,3,0,0,False
Kepler-194,5965.0,0.14597759956604528,1.09,1.11,4.38,0.07,3.55,3.040590473982516,25.300191,1,14.9117,,3,0,0,False
Kepler-237,4952.0,-0.5063604214228836,0.81,0.76,4.59,0.03,4.27,2.8181083938028104,14.1094077,1,15.2832,,2,0,0,False
Kepler-85,5499.0,-0.19700992700485884,0.92,0.88,4.51,0.0,4.37,2.8836756275518445,6.0934733,1,14.766,,4,0,0,False
Kepler-107,5886.0,0.33674756978776893,1.16,1.42,4.19,0.2,5.37,2.72098326718195,9.4856073,1,12.4627,,4,0,0,False
Kepler-99,4774.0,-0.58545,0.769,0.745013,4.57967,0.21,,2.3188331074759767,3.5031534,2,12.9618,,1,0,0,False
Kepler-362,5745.22,0.20872,1.03,1.2835,4.23411,-0.156,,3.037629652422657,6.7279878,1,14.4863,,2,0,0,False
Kepler-48,5160.0,-0.28926,0.873,0.896858,4.47363,0.2,,2.4867675815515353,24.2749681,1,13.0772,,5,0,0,False
Kepler-100,5825.0,0.3604461055840618,1.08,1.49,4.125,0.02,6.46,2.4837940546409274,34.7865814,1,11.1293,,4,0,0,False
Kepler-12,6007.0,0.31522365969088006,1.12,1.33,4.24,0.06,4.79,2.9451661478632185,4.4483512,1,13.3596,,1,0,0,False
Kepler-145,6080.6,0.69164,1.14,1.99793,3.89381,-0.0014,,2.753468150972696,12.1567883,1,11.8746,,2,0,0,False
Kepler-142,5872.0,0.17179805221159467,1.06,1.18,4.32,0.08,5.5,2.739323879094722,21.1735632,1,13.197,,3,0,0,False
Kepler-157,5727.26,0.09117,1.02,1.12809,4.34198,-0.0593,,2.888579893976423,4.9310532,1,14.0374,,3,0,0,False
Kepler-140,6108.41,0.25061,1.15,1.19153,4.34656,-0.039,,2.7663079791065086,19.5239392,1,12.9412,,2,0,0,False
Kepler-360,5631.0,-0.11719238597756697,0.95,0.92,4.5,-0.02,4.17,2.9425259194983484,2.9201022,1,14.8128,,2,0,0,False
Kepler-37,5391.0,-0.32187,0.94,0.79137,4.61444,-0.3,,1.80564152232084,77.6774605,1,9.54988,,4,0,0,False
Kepler-103,5845.0,0.33675289614922227,1.09,1.44,4.162,0.07,5.7,2.6944577770000278,8.9361681,1,12.2466,,2,0,0,False
Kepler-421,5308.0,-0.398,0.794,0.757,4.61,-0.25,4.0,2.542275054985261,20.788311,1,13.3477,G,1,1,1,False
KOI-94,6182.0,0.479,1.277,1.52,4.181,0.0228,3.16,2.678565720931502,2.3935464,2,12.1882,,4,0,0,False
Kepler-251,5622.0,-0.12946400030483782,0.95,0.91,4.5,-0.02,3.63,2.9659656317099645,13.9679049,1,15.216,,4,0,0,False
Kepler-269,5509.0,-0.1840390472496014,0.92,0.89,4.51,0.02,4.57,3.353593129473499,4.3662486,1,15.7352,,2,0,0,False
Kepler-245,5174.0,-0.3856244785267268,0.86,0.8,4.57,0.05,3.63,2.935268892657252,6.1213447,1,15.5969,,4,0,0,False
Kepler-265,5883.0,0.056959692927417795,0.98,1.03,4.41,-0.14,5.25,3.1072947845064336,14.5297916,1,15.3522,,4,0,0,False
Kepler-364,6177.0,0.3957584281205356,1.19,1.38,4.23,0.03,3.47,2.950102835405883,14.6998782,1,13.6134,,2,0,0,False
Kepler-59,6085.0,0.22630390372394593,1.12,1.17,4.35,0.02,3.31,3.0656618606873893,10.5010367,1,14.2786,,2,0,0,False
Kepler-276,5833.0,0.042132205097693644,1.02,1.03,4.42,0.02,3.8,3.0587523819205575,8.0702604,1,15.3648,,3,0,0,False
Kepler-228,5630.0,-0.11750091593621717,0.95,0.92,4.5,-0.03,4.07,3.216062926645272,9.4344126,1,15.7042,,3,0,0,False
Kepler-203,5871.24,0.0937,1.06,1.07657,4.39929,0.0481,,2.847141852430794,4.2161457,1,13.9421,,3,0,0,False
Kepler-112,5630.0,-0.1760796681401923,0.89,0.86,4.53,-0.23,3.98,2.710291725161307,25.9514623,1,13.7662,,2,0,0,False
Kepler-370,5651.01,0.00609,1.0,1.05062,4.39518,0.1323,,3.067420532555296,17.7179891,1,15.1595,,2,0,0,False
Kepler-419,6460.0,0.5966141705885267,1.44,1.59,4.2,0.41,1.29,3.004905772983687,1.2726595,1,12.9642,,2,1,1,False
KOI-351,6031.13,0.26853,1.12,1.24773,4.29504,0.083,,2.9285259162674433,5.432016,1,13.7397,,8,1,1,False
Kepler-166,5350.0,-0.29553883719565105,0.88,0.83,4.55,-0.03,4.47,2.780698862686286,7.1768718,1,14.6848,,3,0,0,False
Kepler-30,5498.0,-0.1308439974252184,0.99,0.95,4.77,0.18,2.0,2.9610511929753773,4.8118874,1,15.3761,,3,0,0,False
Kepler-390,5174.86,-0.352,0.877,0.829576,4.54335,-0.0443,,2.6387657196798378,52.2927929,2,13.9222,,2,0,0,False
Kepler-282,5699.0,-0.1251355088475647,0.9,0.89,4.49,-0.25,5.25,3.1263295069015986,8.8835774,1,15.1779,,4,0,0,False
Kepler-188,5727.0,-0.05085895150025894,0.98,0.96,4.46,0.0,4.37,2.9861193550738663,14.9364819,1,14.6336,,2,0,0,False
Kepler-338,5860.88,0.5857,1.06,1.90361,3.90422,-0.029,,2.742566463109747,22.1965935,1,12.0828,,4,0,0,False
Kepler-363,5529.7,0.36465,0.97,1.65796,3.98569,0.3965,,2.8822945229642927,12.9666832,1,13.316,,3,0,0,False
Kepler-272,5528.34,0.06634,0.97,1.17661,4.28358,0.09,,2.949198679746338,2.2946868,1,14.6591,,3,0,0,False
Kepler-178,5535.0,-0.14706399448263546,0.94,0.92,4.49,0.08,4.68,2.8549281859566027,20.9577992,1,14.5782,,3,0,0,False
Kepler-67,5314.0,-0.38379676517409506,0.84,0.76,4.6,-0.19,1.86,3.053535557198921,9.3297341,1,16.1723,,1,0,0,False
Kepler-209,5463.31,-0.12879,0.96,0.962384,4.45364,0.11,,2.761135166709468,20.5692183,1,13.9517,,2,0,0,False
Kepler-153,5259.0,-0.3573174927949959,0.83,0.8,4.57,-0.12,4.79,2.6621607385571715,16.8915186,1,14.2493,,2,0,0,False
Kepler-380,6062.0,0.19716328076664658,1.08,1.14,4.35,-0.06,4.07,2.910471254404321,11.1729449,1,13.6113,,2,0,0,False
Kepler-200,5838.55,0.00778,1.05,0.986123,4.47139,-0.006,,2.823416841122948,9.4976398,1,13.9518,,2,0,0,False
Kepler-80,4540.0,-0.76955,0.73,0.678,4.639,0.04,2.0,2.5675568464094525,7.315832,1,14.7555,K,6,0,0,False
Kepler-216,6142.0,0.2644915904907373,1.11,1.2,4.33,-0.04,3.55,3.0746226465082436,7.7410581,1,13.9607,,2,0,0,False
Kepler-243,5127.0,-0.4124026976902326,0.83,0.79,4.57,0.01,4.79,2.841271851779091,4.790524,1,15.0573,,2,0,0,False
Kepler-58,6429.0,0.5376460711246143,1.33,1.5,4.2,0.09,2.14,2.986436705823759,4.1870556,1,14.8663,,4,0,0,False
Kepler-342,6139.09,0.45345,1.16,1.48994,4.15619,-0.0006,,2.892990662795779,8.6490708,1,13.0992,,4,0,0,False
Kepler-291,5536.0,-0.19528731900067003,0.9,0.87,4.52,-0.11,4.37,3.251998158552308,7.9958831,1,15.8985,,2,0,0,False
Kepler-246,5434.0,-0.2275931084679876,0.9,0.87,4.52,0.01,4.57,2.796628443209379,9.8548077,1,15.0422,,2,0,0,False
Kepler-389,5205.0,-0.3752472406626055,0.84,0.8,4.57,-0.06,4.68,2.911987569903929,6.6350715,1,15.7495,,2,0,0,False
Kepler-132,6023.0,0.1549266729660592,1.03,1.1,4.37,-0.13,4.37,2.543508064024451,23.6662207,2,,,4,0,0,False
Kepler-36,5911.0,0.462,1.071,1.626,4.045,-0.2,6.8,2.7225977298189363,8.1306538,1,12.0767,,2,0,0,False
Kepler-290,4958.0,-0.5157615335221021,0.79,0.75,4.6,-0.06,4.47,2.841751660234628,7.3582392,1,15.5648,,3,0,0,False
Kepler-268,6005.31,0.31808,1.11,1.33236,4.23415,0.0009,,2.9303733241207506,7.777546,1,13.6678,,2,0,0,False
Kepler-344,5535.0,-0.16615463029509628,0.93,0.9,4.5,0.03,4.68,3.0012749525136013,14.8604897,1,15.3025,,2,0,0,False
Kepler-381,6337.0,0.7711274173614934,1.44,2.02,3.98,0.04,2.57,2.4270363262962427,19.8896619,1,10.5459,,3,0,0,False
Kepler-313,5804.0,0.29382906553827043,1.08,1.39,4.18,0.16,6.61,,13.7272066,1,14.1106,,2,0,0,False
Kepler-191,5144.15,-0.4145,0.87,0.781226,4.59203,0.13,,2.774125559417713,17.6494685,1,14.7758,,3,0,0,False
Kepler-139,5680.0,0.06871923815172609,1.05,1.12,4.35,0.28,5.62,2.5922189629928463,17.1613847,1,12.677,,4,0,0,False
Kepler-31,6011.2,0.30134,1.11,1.30436,4.25259,-0.1314,,3.22132032617976,7.4144287,1,15.224,,3,0,0,False
Kepler-239,5007.0,-0.4758183340921123,0.84,0.77,4.58,0.09,3.31,2.8116480523483802,21.4588733,1,15.2333,,2,0,0,False
Kepler-20,5455.0,-0.14874,0.912,0.944,4.4,0.01,8.8,2.451115292870469,27.2511636,2,12.4535,,6,0,0,False
Kepler-149,5377.0,-0.2164649852455861,0.92,0.9,4.49,0.17,6.31,2.756661967392579,5.5377455,1,14.0194,,3,1,1,False
Kepler-65,6220.0,0.4140809892387525,1.22,1.39,4.24,0.09,3.31,2.4824848303936133,14.2223342,1,10.9656,,4,0,0,False
Kepler-27,5294.0,-0.29313655074280937,0.95,0.85,4.55,0.25,1.62,3.0188502295699515,2.2730908,1,15.8164,,3,0,0,False
Kepler-202,4791.0,-0.5987597463592194,0.78,0.73,4.61,0.01,3.24,2.4550139733499488,50.2641076,1,13.8433,,2,0,0,False
Kepler-124,5133.0,-0.5534754875880088,0.73,0.67,4.65,-0.46,1.82,2.6232968533794216,8.7718998,1,14.124,,3,0,0,False
Kepler-256,5607.0,0.061621777034210595,0.97,1.14,4.31,0.12,9.55,3.01132933690161,2.6328726,1,15.0151,,4,0,0,False
Kepler-24,5800.0,0.064,1.03,1.07,4.34,-0.24,7.7,3.0632620342087957,2.8787187,1,14.9234,,4,0,0,False
Kepler-230,5328.0,-0.3238832476264344,0.84,0.81,4.56,-0.14,4.37,2.8696740053066447,15.8601827,1,15.073,,2,0,0,False
Kepler-117,6150.0,0.5198813949542785,1.129,1.606,4.102,-0.04,5.3,3.1630330959876236,10.4029148,1,14.2472,F,2,0,0,False
Kepler-60,5961.0,0.2685862765809345,1.09,1.28,4.26,0.05,5.13,3.0107662335184253,7.9110585,1,13.9132,,3,0,0,False
Kepler-375,5543.0,-0.20313373317573225,0.9,0.86,4.53,-0.13,4.17,3.0930047024381317,5.7741465,1,15.6771,,2,0,0,False
Kepler-238,5732.0,0.1868556671036407,1.06,1.26,4.26,0.23,6.76,3.2549708069446615,0.8434128,1,15.0243,,5,0,0,False
Kepler-299,5650.0,-0.07437389267582159,0.95,0.96,4.45,-0.01,6.03,3.022114807106726,9.9396276,1,15.0103,,4,0,0,False
Kepler-234,6003.0,0.18775890409800602,1.11,1.15,4.36,0.09,3.47,3.238823622261075,3.5018317,1,15.5014,,2,0,0,False
Kepler-137,5268.0,-0.3435570471164282,0.87,0.81,4.56,-0.02,4.27,2.481412527841643,27.5949809,1,12.9414,,2,0,0,False
Kepler-254,5611.0,-0.14246405634023418,0.93,0.9,4.51,-0.06,3.98,3.1428522999783426,17.5272684,1,15.8379,,3,0,0,False
Kepler-130,5958.0,0.19831,1.091,1.17925,4.33268,-0.199,,2.5005973218671236,31.2420788,2,11.8253,,3,0,0,False
Kepler-15,5515.0,-0.087,1.018,0.992,4.46,0.36,3.7,2.8688864945079744,12.4363405,1,13.7136,,1,0,0,False
Kepler-307,5514.0,-0.1257958923759976,0.94,0.95,4.46,0.12,6.61,2.760106449386618,10.7848189,1,14.0561,,2,0,0,False
Kepler-156,5039.78,-0.43985,0.84,0.7905,4.56654,0.2535,,2.646876976709579,21.6073291,1,14.1564,,2,0,0,False
KELT-3,6306.0,0.489,1.278,1.472,4.209,0.044,3.0,2.322740135670105,37.3943413,2,9.76324,,1,0,0,False
Kepler-33,5904.0,0.556,1.291,1.82,4.027,0.025,4.27,3.082483771927373,13.1296918,1,13.9513,,5,0,0,False
Kepler-212,5881.14,0.38347,1.07,1.49783,4.11653,0.116,,2.8370793589456142,8.7629438,1,12.9872,,2,0,0,False
Kepler-382,5637.57,0.14553,1.0,1.23947,4.2516,0.082,,2.97101872227012,12.0804005,1,14.6662,,2,0,0,False
Kepler-126,6221.0,0.452,1.2,1.44854,4.19539,-0.13,,2.375482543993329,23.0479919,1,10.454,,3,0,0,False
WASP-50,5400.0,-0.2689765386170753,0.89,0.84,4.5,-0.12,7.0,2.2668147559983183,9.5449674,1,11.5518,,1,0,0,False
GJ 229,3710.0,-1.222,0.48,0.46,4.81,,,0.7601388930655988,731.8329536,3,7.30724,M,2,1,1,False
Kepler-974,3687.0,-1.382477590936209,0.52,0.5,4.76,0.07,4.37,2.128111582614128,41.1922884,1,14.4126,,2,0,0,False
Kepler-171,5949.0,0.12551872154839525,1.07,1.09,4.4,0.05,3.47,2.9364408512929736,10.425309,1,14.9053,,3,0,0,False
Kepler-53,5767.0,-0.029766875856633592,0.98,0.97,4.46,-0.03,3.89,3.1354729539830157,6.7612521,1,15.3877,,3,0,0,False
Kepler-349,6111.0,0.25570147694184325,1.12,1.2,4.34,0.03,3.09,2.9734622240021924,1.8072121,1,14.7211,,2,0,0,False
Kepler-169,5070.0,-0.4428891073184078,0.84,0.78,4.58,0.05,3.72,2.609091531703137,11.7271334,1,14.1617,,5,0,0,False
Kepler-221,5296.0,-0.3236905395387052,0.87,0.82,4.55,-0.02,4.57,2.585721228055891,3.4874398,1,13.7486,,4,0,0,False
Kepler-208,5951.0,0.3435057223829411,1.16,1.4,4.21,0.19,4.37,2.88948546825419,8.7944768,1,13.5376,,4,0,0,False
Kepler-314,5421.0,-0.23175401567309842,0.95,0.87,4.54,0.16,2.4,2.4295601146565797,8.7818477,1,12.5226,,2,0,0,False
Kepler-77,5668.0,-0.046,1.08,0.99,4.48,0.43,,2.8057801033122853,2.6367816,1,13.9172,,1,0,0,False
Kepler-385,6091.0,0.24273817075803394,1.12,1.19,4.34,0.04,3.31,3.156127978324531,5.9892617,1,15.192,,3,0,0,False
Kepler-422,5972.0,0.24,1.15,1.24,4.31,0.23,,2.859015139627798,12.2986084,1,13.4233,,1,0,0,False
Kepler-274,5668.23,0.2013,1.01,1.30739,4.20958,-0.2112,,3.1250320998857166,10.0778577,1,15.0319,,2,0,0,False
Kepler-62,4925.0,-0.678,0.69,0.64,4.68,-0.37,7.0,2.478384659842443,40.0529337,1,13.7197,K,5,2,1,False
Kepler-277,6061.0,0.47486629082579523,1.21,1.57,4.13,0.1,4.07,2.9897358416474784,18.2452448,1,13.3884,,2,0,0,False
Kepler-174,4724.0,-0.5704,0.76,0.774168,4.54121,-0.44,,2.585186529825722,42.9539105,1,14.2858,,3,1,1,False
Kepler-23,5760.0,0.362,1.11,1.52,4.0,-0.09,6.0,2.9220795031318367,4.466246,1,13.4015,,3,0,0,False
Kepler-373,5595.0,-0.1474247676965874,0.93,0.9,4.51,-0.04,4.17,3.037605756827212,8.8437202,1,14.4856,,2,0,0,False
Kepler-432,4995.0,0.9640838873696801,1.32,4.06,3.345,-0.07,4.2,2.928407631310517,11.0876491,2,12.1822,,2,0,0,False
Kepler-131,5755.0,0.02191,1.03,1.03161,4.42387,0.13,,2.3592243852530883,15.3655751,1,11.4904,,2,0,0,False
Kepler-143,5913.0,0.2128410273132065,1.06,1.22,4.29,0.03,5.62,2.9081991483209757,11.8429782,1,13.7057,,2,0,0,False
Kepler-250,5097.0,-0.42259743309699754,0.83,0.79,4.57,0.02,5.13,2.881147756151207,28.4836035,1,15.4144,,3,0,0,False
Kepler-304,4817.0,-0.5893578445340647,0.8,0.73,4.61,0.05,2.09,2.6381736548225505,3.5575792,1,14.8308,,4,0,0,False
Kepler-184,5699.0,-0.05937305605825348,0.97,0.96,4.47,0.01,4.47,2.785561871375588,22.8747961,1,14.3115,,3,0,0,False
Kepler-312,6223.0,0.27998297669023114,1.2,1.19,4.37,0.14,1.48,2.9018504805816963,4.8757482,1,12.9211,,2,0,0,False
Kepler-295,5411.0,-0.2450031118152502,0.89,0.86,4.53,-0.01,4.79,3.230241943517666,2.6259453,1,14.4325,,3,0,0,False
Kepler-286,5742.0,-0.09277461274857658,0.96,0.91,4.5,-0.12,2.75,3.0887914672465415,2.2682913,1,15.5447,,4,0,0,False
Kepler-218,5502.0,0.00935,0.97,1.11246,4.33227,0.37,,2.8171553395627025,22.395278,1,13.9069,,3,0,0,False
KOI-142,5471.0,-0.223,0.956,0.88,4.528,0.2,2.2,2.5761835009820593,5.0864493,1,13.1048,,3,0,0,False
Kepler-348,6503.59,0.4331,1.33,1.29686,4.33613,-0.128,,2.7564710297612187,10.6535028,1,12.5881,,2,0,0,False
Kepler-418,5916.0,0.11585550714795415,1.05,1.09,4.38,0.01,4.47,3.0010973774413627,2.6721257,1,14.649,,2,0,0,False
Kepler-162,6089.0,0.24943623828062728,1.12,1.2,4.33,0.03,3.02,2.9322915866137746,9.1900702,1,14.2231,,2,0,0,False
Kepler-335,5932.0,0.49631298284439085,1.23,1.68,4.08,0.18,4.37,3.1068603576238765,5.3235972,1,13.9603,,2,0,0,False
Kepler-198,5569.29,-0.1089,0.982,0.94755,4.47697,0.1142,,2.694919181213297,2.5831142,1,13.5662,,3,0,0,False
Kepler-320,6453.0,0.5613193720309851,1.33,1.53,4.19,0.05,2.14,2.917302231073767,8.4230004,1,13.4337,,2,0,0,False
Kepler-206,5853.0,0.12083999176437264,1.05,1.12,4.36,0.08,5.25,2.77411313963828,5.8689465,1,13.4609,,3,0,0,False
Kepler-319,5589.32,-0.18116,0.99,0.865671,4.559,-0.015,,2.7019442681101014,6.4549879,1,13.7908,,3,0,0,False
Kepler-262,5435.5,-0.13988,0.95,0.959919,4.45132,-0.3382,,2.7875518580325025,9.5581991,1,14.2241,,2,0,0,False
Kepler-51,5921.0,0.08484869243516457,1.05,1.05,4.41,0.01,3.39,2.894222435542577,7.4576527,1,14.6777,,4,1,1,False
Kepler-435,6161.0,1.129,1.538,3.21,3.613,-0.18,2.25,3.151911996707007,3.6932002,1,13.604,,1,0,0,False
Kepler-311,5841.2,0.19328,1.05,1.2198,4.28668,-0.095,,2.891344518941357,7.9066901,1,13.7537,,3,0,0,False
Kepler-447,5461.54,-0.19007,0.95,0.897403,4.50982,0.0554,,2.428201229520823,24.1721761,1,12.3795,,1,0,0,False
Kepler-164,6048.0,0.18549386690672706,1.09,1.13,4.37,0.0,3.47,2.949759731489237,12.4248048,1,14.2329,,4,0,0,False
Kepler-109,5953.0,0.34654,1.09,1.40104,4.18259,-0.02,,2.6765665027462484,13.363584,1,12.2955,,2,0,0,False
Kepler-122,6076.0,0.20875659143750577,1.08,1.15,4.35,-0.06,3.89,3.011760696482461,7.6868732,1,14.2223,,5,0,0,False
Kepler-185,5132.0,-0.410709376640266,0.82,0.79,4.57,-0.04,4.9,2.6690703694236695,15.1322691,1,14.4426,,2,0,0,False
Kepler-309,4714.0,-0.574,0.75,0.774232,4.53539,0.26,,2.7360521176654693,35.0626106,1,15.1261,,2,1,1,False
Kepler-222,5295.0,-0.3030877201349341,0.88,0.84,4.54,0.05,4.79,2.880158227682604,1.1392978,1,15.0603,,3,0,0,False
Kepler-160,5711.0,-0.06481429879593048,0.97,0.95,4.47,-0.01,4.07,2.9717456162763587,6.2646593,1,14.616,,3,0,0,False
Kepler-294,5559.0,-0.13015755677060228,0.95,0.93,4.48,0.06,5.01,3.1325830480494328,7.2089416,1,15.8186,,2,0,0,False
Kepler-306,5011.0,-0.5089490996008535,0.81,0.74,4.6,-0.08,2.63,2.8896820339250744,20.6939652,1,15.5524,,4,0,0,False
Kepler-321,5780.0,-0.025855327818106656,1.03,0.97,4.48,0.08,2.09,2.584943780735862,3.5215413,1,12.7549,,2,0,0,False
Kepler-217,6341.0,0.6525461983434331,1.37,1.76,4.08,0.09,2.63,3.043220765363078,1.9916126,1,13.1207,,3,0,0,False
Kepler-210,4588.0,-0.7104204330872786,0.77,0.7,4.63,0.15,1.78,2.36688968965338,16.3157476,1,13.8043,,2,0,0,False
Kepler-242,4965.0,-0.5018059541455299,0.81,0.76,4.59,0.01,4.37,2.7783256569762282,2.2052459,1,15.3494,,2,0,0,False
Kepler-133,5730.0,0.22665620024854702,1.04,1.32,4.21,0.15,7.59,2.8153120435243593,11.5401208,1,12.8415,,2,0,0,False
Kepler-219,5766.61,0.2139,1.03,1.28163,4.23538,0.361,,2.8960133591212203,3.1512348,1,13.7179,,3,0,0,False
Kepler-393,6314.0,0.4083177569216972,1.21,1.34,4.26,-0.01,2.88,2.9451750170996838,11.3914196,1,13.1783,,2,0,0,False
Kepler-301,5717.0,-0.05389491509648555,0.98,0.96,4.47,0.01,4.17,2.8568291470769167,5.8363117,1,14.2737,,3,0,0,False
Kepler-434,5977.0,0.33,1.198,1.38,4.242,0.25,4.0,3.0872630776075853,8.6920068,1,14.4999,,1,0,0,False
Kepler-244,5273.0,-0.36362488212597316,0.82,0.79,4.57,-0.17,4.79,3.015565116400194,14.1299072,1,15.5455,,3,0,0,False
Kepler-50,6225.0,0.5267614469472284,1.24,1.58,4.132,0.03,3.8,2.398131056216697,9.4988317,1,10.3621,,2,0,0,False
Kepler-223,5746.0,-0.027195512024008228,0.98,0.98,4.46,0.02,4.27,3.269445226358187,11.8635178,1,15.3951,,4,0,0,False
Kepler-102,4903.0,-0.5467991375860473,0.8,0.74,4.607,0.08,1.41,2.03260264572866,59.6152716,1,11.4784,,5,0,0,False
Kepler-402,6223.39,0.2035,1.2,1.08729,4.44455,-0.08,,2.796115514809919,4.4218604,1,13.1917,,4,0,0,False
Kepler-384,5500.82,0.39588,0.96,1.73675,3.94087,-0.459,,2.9521519070313196,4.4636957,1,13.5538,,2,0,0,False
Kepler-346,5640.0,-0.11441807940823293,0.95,0.92,4.49,0.0,3.98,2.9930414383579644,0.7728535,1,15.1549,,2,0,0,False
Kepler-201,6240.51,0.34816,1.209,1.27729,4.30791,-0.0442,,2.803760878958146,6.3182029,1,12.9199,,2,0,0,False
Kepler-416,5620.27,0.02791,1.0,1.08916,4.36389,0.1259,,2.839364273715457,2.2016261,1,14.0197,,3,0,0,False
Kepler-147,6025.0,0.3269276516845266,1.14,1.34,4.24,0.07,4.47,3.0178760546701096,8.1468003,1,13.9151,,2,0,0,False
Kepler-18,5345.0,-0.031,0.972,1.108,4.31,0.19,10.0,2.6365350343046994,20.3637784,1,13.5393,,3,0,0,False
Kepler-347,5892.0,0.08455253317920107,1.05,1.06,4.41,0.04,3.89,3.1135690296371914,16.4635435,1,14.4892,,3,0,0,False
Kepler-326,5179.81,-0.15657,0.878,1.03691,4.35008,0.2385,,2.6881304926423417,8.0569135,1,13.6788,,3,0,0,False
Kepler-377,5978.0,0.17292319545328005,1.07,1.14,4.35,0.01,4.37,2.915823896352749,7.3048171,1,13.8315,,2,0,0,False
Kepler-93,5669.0,-0.10550866737772192,0.91,0.92,4.468,-0.18,5.05,1.981870683157222,29.2649286,1,9.86249,,2,0,0,False
Kepler-154,5769.0,-0.020255842815153653,0.98,0.98,4.45,-0.04,4.47,2.961521705832271,5.4216178,1,14.5121,,5,0,0,False
Kepler-292,5282.0,-0.338946524791792,0.85,0.81,4.55,-0.07,5.13,3.0238612799289353,7.4005744,1,15.9419,,5,0,0,False
Kepler-92,5830.0,0.4713374782306909,1.17,1.69,4.05,0.19,5.89,2.6794206280244,14.7184507,1,11.7451,,3,0,0,False
Kepler-179,5475.0,-0.2145351507468518,0.91,0.87,4.52,-0.02,4.27,2.7822432331761897,26.5537114,1,14.6031,,2,0,0,False
Kepler-199,5698.3,-0.09685,1.01,0.917774,4.51692,-0.048,,2.71688273421459,4.0256381,1,13.5973,,2,0,0,False
Kepler-431,6087.0,0.388941282290081,1.15,1.41,4.2,0.03,4.27,2.6871239064784906,7.9580808,1,11.9291,,3,0,0,False
Kepler-450,6263.0,0.5262686934814418,1.3,1.56,4.17,0.2,3.02,2.6589476991228405,7.8544154,1,11.6525,,3,0,0,False
Kepler-211,5224.0,-0.3581274392073429,0.9,0.81,4.58,0.1,1.55,2.490454332016366,7.1191836,1,13.2732,,2,0,0,False
Kepler-128,6083.0,0.57542,1.14,1.74633,4.01072,-0.01,,2.5981106376757315,13.3500188,1,11.2886,,2,0,0,False
Kepler-123,6147.0,0.27311344308361724,1.12,1.21,4.32,-0.03,3.55,3.009306390230048,1.1696933,1,14.0212,,2,0,0,False
Kepler-332,5008.0,-0.5099894297612672,0.8,0.74,4.6,-0.1,2.82,2.5367982483044185,27.4493414,1,14.0025,,3,0,0,False
Kepler-224,5093.0,-0.5166987478898494,0.78,0.71,4.62,-0.27,2.29,2.8932556223235313,9.9341302,1,15.6358,,4,0,0,False
Kepler-368,5562.0,0.18151707001402187,0.97,1.33,4.17,0.09,10.47,2.8870419855543035,20.8203027,1,12.838,,2,0,0,False
Kepler-106,5955.0,0.09479551138234882,1.05,1.05,4.42,-0.04,3.31,2.6476978172743157,7.9713499,1,12.8391,,4,0,0,False
Kepler-288,5837.0,0.0348489667317622,1.03,1.02,4.43,0.06,3.72,3.0770588829748053,1.4181023,1,15.152,,3,0,0,False
Kepler-293,5547.0,-0.14330183182626008,0.94,0.92,4.5,0.04,4.68,2.9888411120270857,0.797395,1,15.3334,,2,0,0,False
Kepler-129,5705.33,0.46365,1.02,1.74549,3.96283,0.221,,2.6115586908842903,27.9746534,1,11.6437,,3,0,0,False
Kepler-104,5921.0,0.08926,1.08,1.05316,4.4265,-0.38,,2.6029114590190368,52.9133767,2,12.5697,,3,0,0,False
Kepler-159,4644.0,-0.6893452257380541,0.76,0.7,4.62,0.02,2.51,2.5725742293249745,15.3127166,1,14.8882,,2,0,0,False
Kepler-424,5460.0,-0.15,1.01,0.94,4.5,0.44,,2.844257176904943,6.294719,1,14.229,,2,1,1,False
Kepler-425,5170.0,-0.323,0.93,0.86,4.535,0.24,5.0,2.810667267084752,10.4987288,1,14.7301,K,1,0,0,False
WASP-95,5630.0,0.061080316339511644,1.11,1.13,4.38,0.14,2.4,2.1384416501693555,92.2312674,1,9.93697,G,1,0,0,False
Kepler-336,5911.0,0.20510442799573728,1.09,1.21,4.3,0.12,4.9,2.8858472672881534,6.7140518,1,13.5839,,3,0,0,False
Kepler-444,5058.0,-0.42455,0.84,0.798764,4.55751,-0.37,,1.5615736010466736,639.252787,3,8.643251,,5,0,0,False
K2-18,3464.0,-1.59122,0.440668,0.444516,4.7864,,,1.5800874964016227,155.5222618,1,12.4154,,2,1,1,False
Kepler-186,3755.0,-1.26,0.544,0.523,4.736,-0.26,4.0,2.2494282890838617,4.839251,1,14.5994,,5,1,1,False
Kepler-205,4255.0,-1.0046559052244115,0.6,0.58,4.69,-0.32,3.16,2.2033593015223,89.0823812,1,13.4947,,2,0,0,False
Kepler-49,4079.0,-1.0485928279970471,0.63,0.6,4.68,0.03,2.88,2.4930702892845384,8.7342163,1,15.2293,,4,0,0,False
WASP-73,6036.0,0.716,1.34,2.07,3.93,0.14,,2.5006178934619823,14.9984878,1,10.2607,F,1,0,0,False
HAT-P-55,5804.0,0.09656,1.028,1.105,4.363,0.003,5.3,2.7087505328515835,10.9778775,1,13.0955,,1,0,0,False
Kepler-398,4577.0,-0.81101,0.723,0.625149,4.70524,0.0528,,2.2488434366297834,44.396093,1,13.2351,,3,0,0,False
Kepler-168,6364.0,0.508333964655378,1.3,1.48,4.21,0.09,2.29,3.1282699951696267,10.3959231,1,14.6046,,2,0,0,False
Kepler-410 A,6273.0,0.435,1.214,1.352,4.261,0.01,2.76,2.1688715110119423,87.2296412,2,9.3748,,1,0,0,False
Kepler-378,4707.13,-0.65539,0.753,0.707045,4.61597,0.1369,,2.1821120817828565,75.7075913,1,12.4551,,2,0,0,False
WASP-54,6097.47,0.5965,1.145,1.78076,3.99566,-0.1189,,2.4001976731356276,26.9812247,2,10.2441,,1,0,0,False
Kepler-383,4726.0,-0.6466185834091613,0.75,0.71,4.62,-0.05,3.63,,8.7875231,1,15.0655,,2,0,0,False
Kepler-327,3920.0,-1.193240502962396,0.57,0.55,4.72,-0.07,3.02,2.3837920354849174,13.4055879,1,14.9804,,3,0,0,False
Kepler-258,4951.0,-0.49535699436181246,0.82,0.77,4.59,0.1,3.63,2.7604134355272567,31.9405448,1,15.2012,,2,0,0,False
Kepler-365,5812.0,0.03586672188156737,1.02,1.03,4.42,0.06,4.27,3.0166113676094213,,1,,,2,0,0,False
Kepler-136,6193.0,0.3416735906040705,1.21,1.29,4.3,0.14,2.75,2.62409430798381,3.4480292,2,11.7544,,2,0,0,False
Kepler-331,4631.0,-0.6942149460286255,0.74,0.7,4.62,0.03,3.24,2.7635170896703674,2.8231202,1,15.8359,,3,0,0,False
Kepler-255,5130.94,-0.18311,0.86,1.02495,4.35116,0.3386,,3.022234483271389,16.3565499,1,15.5283,,3,0,0,False
Kepler-83,4082.0,-1.1072420945001051,0.58,0.56,4.71,-0.23,3.09,2.60250383056155,13.77404,2,15.7832,,3,0,0,False
Kepler-413,4700.0,-0.578883351417431,0.82,0.7761,4.5721,-0.2,,2.9281581543905126,19.026376,2,15.5943,,1,0,0,False
Kepler-148,5172.0,-0.3755060474419874,0.86,0.81,4.56,0.07,4.68,2.898265968589669,2.892914,1,15.3362,,3,0,0,False
WASP-56,5797.0,0.10097,1.04,1.1136,4.36164,0.43,,2.5066186646918873,36.8009875,2,12.0028,,1,0,0,False
HD 113337,6576.6,0.5770780806118829,1.4,1.5,4.21,0.07,0.15,1.5584685625237948,175.2556737,3,5.91168,F,2,0,0,False
Kepler-354,4634.0,-0.6930899521883719,0.73,0.7,4.62,-0.03,5.25,2.743559933034363,12.8814785,1,15.5561,,3,0,0,False
Kepler-78,5076.34,-0.49785,0.85,0.728829,4.64223,0.0352,,2.0947365855546742,41.3292811,2,11.5287,,1,0,0,False
HIP 116454,5048.0,-0.47314,0.8,0.758,4.582,0.0,5.5,1.7955261838174366,299.043235,2,9.93208,,1,0,0,False
HATS-1,6183.5,0.04066,1.18,0.913091,4.58892,0.1,,2.453273990810946,20.3782793,1,11.9363,,1,0,0,False
Kepler-114,4660.0,-0.6710497858345613,0.77,0.71,4.62,0.07,2.69,2.4141925868731655,64.5444001,1,13.7125,,3,0,0,False
Kepler-350,6492.3,0.42842,1.33,1.2944,4.33778,0.041,,2.9808479461013238,4.3299494,1,13.7606,,3,0,0,False
Kepler-287,5486.3,-0.13438,0.96,0.94821,4.46653,0.117,,2.9221335426076207,18.306699,1,14.7442,,2,0,0,False
Kepler-316,4268.0,-0.9699100062556961,0.62,0.6,4.68,-0.23,3.31,2.585390785544347,48.5298503,1,15.1944,,2,0,0,False
Kepler-55,4508.0,-0.7661566951239641,0.72,0.68,4.64,-0.01,2.34,2.7625255210925936,1.8145708,1,15.7813,,5,0,0,False
Kepler-236,3931.0,-1.172721920739955,0.58,0.56,4.71,-0.05,3.16,2.4605415451120667,23.5161136,1,15.3743,,2,0,0,False
Kepler-388,4584.0,-0.7244335327208677,0.73,0.69,4.63,0.0,3.98,,19.2335692,1,15.0015,,2,0,0,False
Kepler-225,4255.0,-0.9328307934431225,0.66,0.63,4.66,-0.04,2.88,2.74904104270826,6.1235561,1,15.9504,,2,0,0,False
WASP-52,5000.0,-0.4559759501077545,0.87,0.79,4.582,0.03,0.4,2.2425861473956914,44.7847762,1,11.9537,K,1,0,0,False
WASP-57,5600.0,-0.20994548712987826,0.954,0.836,4.574,-0.25,2.6,2.6001841367341965,27.4669832,1,12.7293,G,1,0,0,False
WASP-83,5510.0,-0.04012515648569637,1.11,1.05,4.44,0.29,5.0,2.4331343234684857,26.5041972,1,12.0084,G,1,0,0,False
WASP-135,5675.0,-0.06670422049293442,0.98,0.96,4.47,0.02,0.6,2.474528028050662,21.8480571,1,13.0045,G,1,0,0,False
Kepler-257,5209.0,-0.3631226825446244,0.85,0.81,4.56,0.04,4.79,2.892237116980911,3.1528168,1,15.4215,,3,0,0,False
Kepler-252,4542.0,-0.7790337594141096,0.7,0.66,4.64,-0.13,3.47,2.5791247981865646,10.5463699,1,15.0293,,2,0,0,False
Kepler-417,5177.0,-0.3846175161214015,0.84,0.8,4.57,-0.02,4.9,2.9885540520877765,19.4468932,1,15.8658,,2,0,0,False
Kepler-125,3824.0,-1.30189826342059,0.53,0.51,4.75,-0.14,3.8,2.2633164427982218,10.6308736,1,14.7675,,2,0,0,False
Kepler-32,3903.0,-1.216728425261781,0.57,0.54,4.72,-0.07,2.69,2.510339878263525,23.9037367,1,15.8123,,5,0,0,False
Kepler-38,5623.0,0.4398303876690227,0.941,1.752,3.926,-0.11,10.0,3.0698862991092657,13.9555186,2,13.9066,G,1,0,0,False
Kepler-449,5654.0,0.3202669611676293,1.02,1.51,4.09,0.04,9.77,2.3837238314647733,45.3968501,1,11.2263,,2,0,0,False
WASP-46,5600.0,-0.18738346631050012,0.828,0.858,4.489,-0.3,9.6,2.5743901361875574,20.3996979,1,12.8519,G,1,0,0,False
WASP-63,5715.0,0.48955,1.02,1.79224,3.93987,0.28,,2.463421127735531,32.4563917,1,10.9185,,1,0,0,False
HATS-3,6351.0,0.456,1.209,1.404,4.22,-0.157,3.2,2.6140647236316847,18.779572,1,11.8914,F,1,0,0,False
Kepler-235,3996.0,-1.253,0.507,0.495,4.753,-0.51,6.0,2.631462033350313,19.2292481,1,15.9695,,4,1,1,False
Kepler-296,3572.0,-1.569,0.454,0.426,4.833,-0.12,4.2,,11.640282,2,15.9015,,5,2,1,False
Kepler-399,5682.0,-0.08284952528564701,0.94,0.94,4.47,-0.07,3.98,2.8695467623770012,9.2584978,1,14.5277,,3,0,0,False
Kepler-279,6689.45,0.5188,1.42,1.35292,4.32781,-0.1141,,3.015946243657566,3.9877916,1,13.5847,,3,0,0,False
KOI-13,8482.0,1.268942913790013,1.67,2.0,4.06,-0.5,1.12,2.71524768234712,16.381947,3,10.3678,,1,0,0,False
HAT-P-30,6304.0,0.312,1.242,1.215,4.36,0.13,1.0,2.3303833310802737,29.536512,2,10.2998,,1,0,0,False
WASP-74,5970.0,0.4864748705801593,1.48,1.64,4.18,0.39,2.0,2.1738153937743983,64.617801,1,9.5723,F,1,0,0,False
HAT-P-57,7500.0,0.80618,1.47,1.5,4.251,-0.25,1.0,2.446940829796355,14.8748682,3,10.4253,A,1,0,0,False
Kepler-42,3169.0,-2.2829987098482984,0.22,0.24,5.01,0.38,5.13,1.6027055243735309,427.6819742,1,14.9931,,3,0,0,False
Kepler-367,4907.0,-0.5453824786470983,0.81,0.74,4.61,0.0,2.29,2.2742202168651104,29.4711891,1,12.8482,,2,0,0,False
HATS-6,3724.0,-1.2513217494505098,0.574,0.57,4.683,0.2,8.1,2.2287031299053646,7.7729164,1,14.3601,M,1,0,0,False
HATS-14,5346.0,-0.19523104485763898,0.967,0.933,4.484,0.33,4.9,2.7101266773692894,9.9372942,1,13.7712,,1,0,0,False
WASP-64,5400.0,-0.022,1.004,1.058,4.392,-0.08,1.2,2.5681148564835663,19.4211056,2,12.5257,G,1,0,0,False
Kepler-192,5487.0,-0.14351460204899807,0.94,0.94,4.46,0.13,6.76,2.814030394186056,4.5796386,1,14.1039,,3,0,0,False
Kepler-180,5610.0,-0.11429280790019662,0.95,0.93,4.49,0.03,4.57,2.8423907894659552,13.7315452,1,14.325,,2,0,0,False
WASP-69,4715.0,-0.5330022705511877,0.826,0.813,4.535,0.144,2.0,1.698626776102305,99.3197205,1,9.48466,K,1,0,0,False
GJ 1132,3270.0,-2.35853,0.181,0.207,5.065737883955349,-0.12,5.0,1.1008183957315365,1132.4832583,1,12.138,M,2,0,0,True
Kepler-98,5571.0,-0.04617717267110596,0.96,1.02,4.4,0.12,8.32,2.5444587336001856,17.989011,1,12.8694,,1,0,0,False
Kepler-110,6056.0,0.4103390275042268,1.15,1.46,4.17,0.02,4.47,2.7682909708814685,6.9155663,1,12.902,,2,0,0,False
Kepler-214,6032.0,0.13350273678457733,1.11,1.07,4.43,0.09,1.58,3.082225092215084,6.0451406,1,13.9058,,2,0,0,False
WASP-36,5928.0,0.0105,1.08,0.959588,4.50732,-0.01,,2.5869764201738508,9.617265,2,12.6284,,1,0,0,False
Kepler-197,6180.0,0.2532154738148739,1.01,1.17,4.3,-0.28,5.37,2.519270006608128,53.8032155,2,11.78,,4,0,0,False
Kepler-45,3906.0,-1.1838051402129695,0.59,0.56,4.71,0.03,4.37,2.5820053773168326,22.0710956,1,15.9804,,1,0,0,False
Kepler-97,5843.0,-0.02505,1.05,0.948102,4.50555,-0.18,,2.6030436392757967,24.8251571,1,12.813,,2,1,1,False
Kepler-175,6018.0,0.20707030707585775,1.12,1.17,4.35,0.1,3.39,3.118046366285344,15.3201367,1,14.9115,,2,0,0,False
Kepler-170,5600.0,-0.05435804200791101,1.03,1.0,4.45,0.31,3.63,2.8684428178428734,12.3170313,1,14.3469,,2,0,0,False
WASP-78,6100.0,0.8363449145538281,1.39,2.35,3.84,-0.35,2.8,2.877519925194298,6.4409673,1,12.1879,,1,0,0,False
HAT-P-40,6080.0,0.6641076269186792,1.03,1.94,3.93,0.22,,2.666956733231247,10.4684584,1,11.4162,,1,0,0,False
WASP-100,6900.0,0.7000855177347761,0.77,1.57,4.35,-0.03,,2.5615914779804285,10.8568905,2,10.6151,,1,0,0,False
HAT-P-34,6509.0,0.6003,1.336,1.56954,4.17233,0.08,,2.396765827712324,20.8852185,1,10.1944,,1,0,0,False
KELT-6,6102.0,0.493,1.085,1.58,4.074,-0.281,6.1,2.3815229994845053,16.4524553,1,10.1934,F,2,1,1,False
WASP-59,4650.0,-0.8023773894360668,0.719,0.613,4.72,-0.15,0.5,2.0642183123544426,33.8228418,1,12.3142,K,1,0,0,False
CoRoT-18,,-0.17,0.88,0.883,4.491,,6.92,2.8835984153037124,4.0100233,1,14.8009,,1,0,0,False
K2-21,4043.0,-1.0639926839307283,0.64,0.6,4.6898774732166,-0.11,1.0,1.9224389470736434,81.5844334,1,12.2785,M,2,0,0,True
XO-2 S,5547.0,-0.10177,0.977,0.96305,4.46066,0.28,,2.180120138078843,157.1566271,2,10.9278,,2,0,0,False
Kepler-407,5487.0,-0.03934,0.96,1.05757,4.37172,0.34,,2.5293892843889987,3.5804502,1,12.5074,,2,0,0,False
Kepler-260,5250.0,-0.09198,0.9,1.08729,4.31962,0.0,,2.797520286228378,13.8538152,1,14.1176,,2,0,0,False
Kepler-249,3632.0,-1.6469595974029025,0.4,0.38,4.88,-0.34,3.09,2.279669225000879,37.8254599,1,15.2305,,3,0,0,False
Kepler-68,5793.0,0.194,1.079,1.243,4.281,0.12,6.3,2.158862848778345,12.7501303,2,9.93355,,4,1,1,False
Kepler-220,4591.0,-0.7871210310008551,0.65,0.64,4.64,-0.31,8.32,2.2332728531854116,42.5944431,1,12.8566,,4,0,0,False
Kepler-302,5781.0,0.09154768504106396,1.02,1.11,4.35,0.06,6.61,3.1469276418124674,17.5656941,1,15.4911,,2,0,0,False
Kepler-81,4385.0,-0.8534050459387641,0.69,0.65,4.65,-0.05,3.63,2.5419422522336097,24.7007792,1,15.004,,3,0,0,False
HAT-P-32,6001.0,0.33806,1.132,1.367,4.22,-0.16,,2.46120579710672,10.421795,2,11.1335,,1,0,0,False
Kepler-241,4759.0,-0.646851250809169,0.74,0.7,4.62,-0.12,3.47,,13.5047254,1,15.3871,,2,0,0,False
HAT-P-27,5300.0,-0.244,0.945,0.898,4.51,0.29,4.4,2.299230464882039,28.7532307,2,11.9562,G,1,0,0,False
WASP-35,6072.0,0.16902,1.135,1.09774,4.41206,-0.05,,2.3058198107641013,23.326083,1,10.8531,,1,0,0,False
WASP-101,6400.0,0.3987891665013342,1.34,1.29,4.345,0.2,0.9,2.303679777805167,25.1234217,1,10.138,F,1,0,0,False
HAT-P-31,6065.0,0.3702426712858447,1.31,1.39,4.26,0.15,,2.536621562182411,15.3265577,1,11.4501,,1,0,0,False
WASP-104,5475.0,-0.12632108173501985,1.076,0.963,4.503,0.32,3.0,2.2693541408608593,32.1906959,2,11.5931,G,1,0,0,False
WASP-94 B,6049.7,0.39309,1.13,1.43129,4.17969,0.22,,2.3195141251815277,51.6320527,2,10.4055,,1,0,0,False
HAT-P-35,6178.0,0.38307,1.18,1.35672,4.24497,0.12,,2.7049779774170517,12.0659445,3,12.2802,,1,0,0,False
WASP-82,6441.56,0.83557,1.304,2.10113,3.90844,0.152,,2.4403800536567535,24.8347782,1,9.89796,,1,0,0,False
HD 219134,4835.0,-0.509,0.79,0.77,4.59,0.12,12.46,0.8149976376860899,2095.3807469,1,5.2402,K,6,0,0,False
WASP-77 A,5617.0,-0.12901,0.903,0.91,4.476,-0.1,6.2,2.021875355796412,93.9016729,2,10.0966,,1,0,0,False
WASP-68,5911.0,0.505,1.24,1.69,4.09,0.22,,2.3548745042501515,12.7836816,2,10.4092,G,1,0,0,False
HAT-P-44,5295.0,-0.194,0.942,0.949,4.46,0.33,7.5,2.5413920076936685,31.6808398,1,12.9729,,2,1,1,False
WASP-117,5984.9,0.27413,1.1,1.27527,4.26826,-0.36,,2.198555373172088,64.8627232,1,10.0269,,1,0,0,False
WASP-89,5130.0,-0.31767534528511027,0.92,0.88,4.515,0.15,1.3,2.4638123907788914,67.7449125,1,12.989,K,1,0,0,False
Kepler-437,4551.0,-0.762,0.707,0.68,4.629,0.0,2.9,,8.7120641,1,14.3622,,1,0,0,False
Kepler-259,5578.0,-0.1527110914339385,0.93,0.9,4.5,-0.03,4.47,3.0009283971602403,9.0211182,1,15.1689,,2,0,0,False
Kepler-118,5234.0,-0.3548052390599644,0.85,0.81,4.55,-0.01,4.68,2.759084365361837,11.8215815,1,14.7187,,2,0,0,False
Kepler-325,5585.15,-0.25468,0.99,0.796602,4.63122,0.017,,2.9155275190708734,3.0203721,1,15.0053,,3,0,0,False
Kepler-63,5576.0,-0.157,0.984,0.901,4.52,0.05,0.21,2.2878755984823202,27.4117198,1,11.5352,,1,0,0,False
K2-15,4927.0,-0.42102,0.81,0.84523,4.4926,-0.19,,2.693719915757679,53.5821224,1,14.4237,,1,0,0,False
WASP-39,5326.6,-0.12792,0.918,1.01342,4.38933,-0.03,,2.3303772423704165,19.0559277,1,11.8867,,1,0,0,False
K2-12,5680.0,0.12275,1.01,1.1894,4.29173,-0.06,,2.513724868723578,59.3715961,1,12.0884,,1,0,0,False
HAT-P-49,6820.0,0.814,1.543,1.833,4.1,0.074,1.5,2.5445033614296,9.3969117,1,10.2071,F,1,0,0,False
WASP-99,6180.0,0.6078690859508503,1.48,1.76,4.12,0.21,1.4,2.2004674499501586,39.9001411,1,9.3251,F,1,0,0,False
K2-22,3830.0,-1.202565342813239,0.6,0.57,4.65,0.03,,2.38709782534776,27.5146256,2,14.9537,M,1,0,0,False
Kepler-155,4057.0,-1.21,0.542,0.529,4.721,-0.33,2.9,2.467606625872486,8.8480901,1,14.24,,2,1,1,False
Kepler-121,5354.0,-0.30476897786162394,0.86,0.82,4.55,-0.08,4.47,2.708015312628755,11.0499041,1,14.677,,2,0,0,False
KIC 3558849,6056.0,0.46754,1.13,1.55615,4.10704,,,3.0848264166974335,3.3739262,1,14.1674,,1,1,1,False
Kepler-28,4690.0,-0.659902081734229,0.77,0.71,4.62,0.06,2.24,2.641829927532793,11.70187,1,15.0257,,2,0,0,False
Kepler-333,4470.56,-0.85665,0.701,0.621735,4.69657,0.0465,,2.5110982490999767,13.9097352,2,14.7212,,2,0,0,False
WASP-28,6150.0,0.1864249570637782,1.021,1.094,4.37,-0.29,5.0,2.542195305276717,24.7851504,1,12.0286,F,1,0,0,False
K2-16,4627.07,-0.68995,0.73,0.703181,4.60726,-0.347,,2.5250020236820996,22.5657914,1,14.3234,,3,0,0,False
K2-4,4120.0,-0.91516,0.64,0.684348,4.57369,,,2.365165888534874,23.9979074,1,14.3403,,1,0,0,False
K2-5,3930.0,-1.157790237186023,0.61,0.57,4.71,-0.33,,2.3073740760336823,35.1105297,1,14.339,K,2,0,0,False
K2-3,3835.0,-1.15,0.62,0.6,4.66,-0.01,1.0,1.6441696572533362,122.2623054,1,11.4785,,3,1,1,False
HAT-P-56,6566.0,0.5315497784208836,1.296,1.428,4.24,-0.077,2.01,2.5060163453876876,24.3619558,1,10.8245,,1,0,0,False
K2-14,3960.0,-1.0314,0.62561,0.647979,4.61125,,,2.5611586494753795,46.8749859,1,15.5348,,1,0,0,False
Kepler-284,5487.0,-0.2107318040111583,0.91,0.87,4.52,-0.02,4.47,3.013658655382135,17.4299408,1,15.8126,,2,0,0,False
WASP-65,5785.79,0.06298,1.038,1.07008,4.39543,0.336,,2.437279557645072,4.2653858,1,11.7509,,1,0,0,False
HAT-P-50,6280.0,0.60314,1.273,1.698,4.072,-0.18,3.37,2.7121932843405037,13.8705935,1,11.6722,,1,0,0,False
K2-25,3207.0,-2.08831,0.2634,0.2932,4.944,0.15,0.73,1.652792492733277,123.5167322,1,14.3817,M,1,0,0,False
Kepler-44,5757.0,0.32238047935669745,1.21,1.46,4.192,0.26,4.7,3.074816440645175,8.2791744,1,14.6901,,1,0,0,False
HAT-P-42,5743.0,0.356,1.178,1.53,4.14,0.27,5.2,2.6077101632837985,33.5158307,1,12.0031,,1,0,0,False
K2-10,5533.0,-0.10088,0.973,0.968923,4.4536,-0.07,,2.4351433255063055,72.6411481,1,12.2156,,1,0,0,False
WASP-79,6600.0,0.589019486721101,1.39,1.51,4.226,0.03,1.4,2.392151544978823,2.6487344,1,9.97202,,1,0,0,False
KELT-7,6789.0,0.758,1.535,1.732,4.149,0.139,1.3,2.135708147569608,50.8996424,1,8.45173,F,1,0,0,False
Kepler-138,3841.0,-1.25181,0.535,0.535,4.71,-0.18,,1.8251819613688702,30.6516252,1,12.4715,,4,1,1,False
Kepler-181,5378.0,-0.265789107054996,0.88,0.85,4.54,-0.01,4.57,2.7848190607616097,16.7721803,1,14.7137,,2,0,0,False
Kepler-94,4781.0,-0.5674079906879723,0.81,0.76,4.59,0.34,1.41,2.2830840271576855,25.8628925,1,12.8567,,2,0,0,False
HAT-P-33,6642.28,0.68907,1.4,1.66937,4.13909,0.021,,2.5978158065295105,2.6488627,2,11.0238,,1,0,0,False
Kepler-69,5700.0,-0.021,0.914,0.991,4.399,-0.1,9.8,2.863694528505915,11.7957421,1,13.712,,2,0,0,False
Kepler-281,5623.0,-0.11027191888723079,0.95,0.93,4.49,0.02,4.68,3.2419074125686387,11.2981016,1,15.7537,,3,0,0,False
Kepler-247,5130.0,-0.40046071560156027,0.84,0.8,4.57,0.05,4.27,2.8219790154719555,17.70161,1,15.0473,,3,0,0,False
K2-17,4035.85,-0.9104,0.631,0.717101,4.52694,-0.2348,,2.0972781386654824,28.5542158,1,13.0023,,1,0,0,False
WASP-55,6070.0,0.17000780329985013,1.162,1.102,4.419,0.09,1.1,2.4734314936128463,12.666877,2,11.7747,,1,0,0,False
K2-6,5696.0,-0.09837,1.01,0.916912,4.51773,-0.16,,2.500811218838297,33.0265187,1,12.5018,,1,0,0,False
CoRoT-20,5880.0,0.2846087510014568,1.11,1.34,4.23,0.14,5.9,2.9263738340736296,2.8157236,1,14.4686,,2,1,1,False
ROXs 12,3547.0,-0.79013,0.484,1.06627,4.06718,,,2.1356096360286796,25.8689245,2,13.2655,,1,0,0,False
KELT-1,6596.04,0.56182,1.376,1.46216,4.2467,0.131,,2.428831051386568,12.427844,1,10.5905,,1,0,0,False
Kepler-141,4847.2,-0.44625,0.788,0.848294,4.4775,0.2643,,2.478830454864148,25.5585449,1,13.4205,,2,0,0,False
Kepler-392,6026.51,0.19453,1.12,1.14758,4.36772,-0.4362,,2.8334199748374598,28.1610539,1,13.4218,,2,0,0,False
K2-13,5634.0,-0.09963,1.0,0.935842,4.49566,-0.16,,2.534526145637935,18.2771424,1,12.739,,1,0,0,False
Kepler-261,5122.5,-0.471,0.862,0.738221,4.6372,0.1621,,2.5017423617692045,15.3709068,1,13.5287,,2,0,0,False
Kepler-361,6210.0,0.3328636925855219,1.17,1.27,4.3,0.0,3.16,2.968632357511082,15.7568625,1,13.5447,,2,0,0,False
Kepler-341,5755.0,-0.015658448974370423,1.0,0.99,4.44,0.03,4.68,3.019959125468528,7.8064092,1,14.5672,,4,0,0,False
Kepler-195,5234.0,-0.376521094236381,0.83,0.79,4.57,-0.11,4.9,2.8142815652907616,17.4786781,1,14.7989,,2,0,0,False
KOI-12,6820.0,0.7124025574011186,1.452,1.63,4.34,0.09,1.5,2.6014058857947275,3.9994855,1,11.2535,,2,1,1,False
HIP 67851,4805.0,1.207,1.3,5.87,3.04,-0.03,,1.806980644503358,303.0394384,1,5.89329,K,2,1,1,False
HD 5608,4929.0,1.15,1.72,4.93,3.32,0.14,1.72,1.7642546122535512,80.0315175,2,5.72695,,1,0,0,False
HD 120084,4892.0,1.63,2.12,9.13,2.81,0.09,1.02,2.013022708946346,79.8171122,1,5.65211,,1,0,0,False
Kepler-351,5225.0,-0.3905757655193852,0.81,0.78,4.58,-0.16,4.9,3.03499322304549,19.8731072,1,15.9665,,3,1,1,False
Kepler-84,6039.0,0.16739592597387004,1.06,1.11,4.37,-0.07,3.98,3.010257542998301,4.0346434,1,14.7902,,5,0,0,False
Kepler-26,4097.0,-1.0409437934528563,0.62,0.6,4.68,-0.05,2.95,2.525442620024825,16.909332,1,15.4089,,4,1,1,False
Kepler-52,4242.0,-0.938146394403377,0.66,0.63,4.66,0.0,3.55,2.507237708759166,4.2074117,1,15.0589,,3,0,0,False
Kepler-308,5532.0,-0.17680145099379516,0.92,0.89,4.51,-0.04,4.17,3.1257804517032843,14.5679686,1,15.8506,,2,0,0,False
Kepler-428,5150.0,-0.39,0.87,0.8,4.571,0.09,5.0,2.836503873883079,15.9217287,1,15.2218,K,1,0,0,False
Kepler-176,5295.0,-0.3134901075065496,0.87,0.83,4.55,0.03,4.68,2.722075066993358,19.8995036,1,14.5446,,4,0,0,False
WASP-48,6000.0,0.4286103992274345,1.062,1.519,4.101,-0.12,6.6,2.657193580807557,28.635111,1,11.523,,1,0,0,False
WASP-42,5315.0,-0.24436736584320418,0.951,0.892,4.515,0.29,4.4,2.248686689636198,50.0182912,1,11.9686,,1,0,0,False
Kepler-233,5261.0,-0.3566569688601889,0.84,0.8,4.56,-0.09,4.68,2.932685279515576,11.5874226,1,15.3263,,2,0,0,False
Kepler-345,4515.0,-0.7634613060221416,0.72,0.68,4.64,-0.02,2.75,,11.6195825,1,14.0341,,2,0,0,False
HAT-P-41,6479.0,0.63613,1.322,1.65082,4.1239,0.13,,2.541810057540793,7.1841239,2,10.939,,1,0,0,False
WASP-103,6110.0,0.413,1.22,1.436,4.22,0.06,4.0,2.574779924817868,9.2788931,1,12.1931,F,1,0,0,False
WASP-97,5640.0,0.008617996430197103,1.12,1.06,4.43,0.23,11.9,2.1791724795923093,98.4181823,1,10.4238,G,1,0,0,False
KELT-2 A,6327.0,0.70652,1.249,1.87723,3.9876,,,2.1272927359032767,16.9122278,2,8.58393,,1,0,0,False
WASP-94 A,6072.6,0.55437,1.14,1.71036,4.0288,0.22,,2.3247165327770114,52.1145993,2,10.0285,,1,0,0,False
Kepler-366,6007.0,0.15816633533002342,1.07,1.11,4.38,0.01,3.39,3.2686434855052875,2.2759458,1,14.7901,,2,0,0,False
Kepler-371,5759.0,-0.05027462533539183,0.93,0.95,4.46,-0.2,5.5,2.9101930974955814,8.1315407,1,13.7984,,2,0,0,False
WASP-44,5420.0,-0.19777,0.935,0.906,4.494,-0.003,,2.5617118301793655,33.7099588,1,12.8964,G,1,0,0,False
HAT-P-29,6087.0,0.265,1.207,1.224,4.34,0.21,2.2,2.496342815917924,9.9866415,2,11.7336,F,1,0,0,False
WASP-45,5100.0,-0.292090774300925,0.904,0.917,4.47,0.5,7.2,2.3246856885096046,70.6847173,2,12.0487,K,1,0,0,False
HAT-P-36,5620.0,-0.013263428735395957,1.03,1.041,4.416,0.25,4.5,2.4689658332772026,14.1613865,1,12.093,G,1,0,0,False
WASP-60,6105.0,0.38850879366244173,1.229,1.401,4.235,0.26,1.7,2.634529664478212,30.8227338,1,12.0196,,1,0,0,False
HD 33844,4861.0,1.14922,1.78,5.29,3.24,0.27,1.88,2.0243994570246677,45.1935021,1,7.01153,K,2,0,0,False
WASP-20,5940.0,0.33531410044114796,1.2,1.392,4.231,-0.008,7.0,2.326083815062741,18.3534738,2,10.6503,F,1,0,0,False
HD 2952,4844.0,1.85,2.54,12.02,2.67,0.0,,2.0417991524476427,80.331022,1,5.64532,K,1,0,0,False
HD 4732,4989.0,1.18,1.81,4.94,3.46,0.15,1.47,1.7386545313999524,98.7301614,2,5.6509,,2,1,1,False
75 Cet,4809.0,1.7145,1.92,10.38,2.69,0.1,,1.9188755488101426,38.5643962,2,5.09343,G,2,0,0,False
omi UMa,5075.0,2.06266,2.72,13.84,2.58,-0.16,,1.739690197087941,172.1046193,2,3.14432,G,1,0,0,False
omi CrB,4769.0,1.82197,1.3,11.87,2.36,-0.27,,1.928335927775528,125.5716257,1,5.22055,K,1,0,0,False
ome Ser,4770.0,1.85,2.17,12.3,2.32,-0.24,,1.8851100709293773,56.967186,2,4.92833,G,1,0,0,False
nu Oph,4886.0,2.03862,2.7,14.6,2.56,0.06,0.65,1.664742547264318,116.4302366,1,3.09653,K,2,0,0,False
Kepler-298,4612.0,-0.7657262422563558,0.69,0.65,4.65,-0.21,2.4,2.714500760967874,10.3357736,1,15.4179,,3,1,1,False
7 CMa,4826.0,1.06258,1.34,4.87,3.19,0.21,4.3,1.2968866678322661,95.6229309,1,3.67853,,2,0,0,False
HD 14067,4815.0,1.898,2.4,12.4,2.61,-0.1,0.69,2.1523617400650443,52.0525535,1,6.23751,G,1,0,0,False
psi1 Dra B,6223.0,0.31811,1.2,1.24081,4.32984,0.05,,1.3563853883443677,277.917253,3,5.64766,,1,0,0,False
WASP-70 A,5763.0,0.16463688416137373,1.106,1.215,4.314,-0.006,9.5,2.3470468996855374,53.4793099,2,11.0323,G,1,0,0,False
HATS-4,5403.0,-0.187,1.001,0.925,4.51,0.43,2.1,2.619572251960754,2.497807,1,13.2862,G,1,0,0,False
HD 95086,7595.0,0.82124,1.77,1.48667,4.34161,,,1.9356478093927878,43.0516439,1,7.30915,,1,0,0,False
HD 156279,5420.0,-0.14379,0.94,0.961078,4.44568,0.13,,1.5586425815518186,160.2198147,1,7.86569,,2,0,0,False
HD 196067,6017.0,0.572,1.29,1.73,4.24,0.18,3.3,1.6013493387331135,225.3706047,2,6.33009,G,1,1,1,False
WASP-72,6250.0,0.724,1.386,1.98,3.99,-0.06,3.7,2.638243586465287,10.796383,1,10.8378,F,1,0,0,False
WASP-41,5546.0,-0.17632324529123977,0.987,0.886,4.538,0.06,1.2,2.213174967387719,19.0618045,1,11.2823,,2,1,1,False
WASP-88,6282.4,0.74581,1.23,1.99207,3.92936,-0.305,,2.719129011157103,7.5488719,1,11.478,,1,0,0,False
HAT-P-37,5477.0,-0.21473,0.96,0.867368,4.54393,,,2.591725567710399,4.2015058,1,13.2615,,1,0,0,False
HAT-P-28,5680.0,0.053,1.025,1.103,4.36,0.12,6.1,2.603489721407952,25.6783419,1,12.8718,G,1,0,0,False
HD 100546,10331.0,1.54696,2.66,1.85288,4.32726,,,2.040115562667083,38.5946354,1,6.65514,,1,0,0,False
GJ 328,3897.0,-1.08,0.65,0.63,4.64,-0.06,,1.312317019340251,1046.9266282,1,9.2861,M,2,0,0,False
CoRoT-19,6090.0,0.544,1.21,1.65,4.07,-0.02,5.0,2.8979914159546967,7.6938008,1,13.7831,F,1,0,0,False
WTS-2,5000.0,-0.4987944515053529,0.82,0.752,4.6,0.2,0.6,,0.9641658,1,15.5965,K,1,0,0,False
HATS-10,5880.0,0.117,1.101,1.105,4.392,0.15,3.3,2.728263666714567,5.8870978,1,12.9838,,1,0,0,False
KELT-8,5703.0,0.26483,1.016,1.38951,4.15924,0.23,,2.2957253961871835,34.4369719,1,10.6699,,1,0,0,False
HAT-P-52,5131.0,-0.30452,0.887,0.893,4.483,0.28,9.4,2.5576936318153827,31.2235632,1,13.787,,1,0,0,False
HATS-5,5304.0,-0.268,0.936,0.871,4.53,0.19,3.6,2.39161250163635,22.0481151,1,12.4288,G,1,0,0,False
WASP-49,5600.0,-0.07545840667452741,0.938,0.976,4.433303203045681,-0.23,11.9,2.289037931996099,57.9913568,2,11.2907,,1,0,0,True
HATS-13,5523.0,-0.18256273747455123,0.962,0.887,4.524,0.05,2.5,2.625163200911616,10.8841162,1,13.6799,,1,0,0,False
WASP-67,5417.0,-0.271,0.943,0.831063,4.57331,0.18,,2.277538162957047,32.9490112,1,11.9141,,1,0,0,False
HD 103774,6489.0,0.544,1.335,,4.26,0.28,1.05,1.75134763086193,126.504473,2,7.00938,F,1,0,0,False
HD 109271,5783.0,0.301,1.047,,4.28,0.1,7.3,1.7471911084681186,187.9832255,1,7.87816,G,2,0,0,False
HIP 57274,4640.0,0.19,0.73,0.68,4.71,0.09,7.87,1.4126587488066453,382.6666017,1,8.57069,K,3,0,0,False
BD+15 2940,4796.0,2.01,1.1,14.7,2.8,0.28,7.1,2.629837565826071,44.5517499,1,8.7178,K,1,0,0,False
mu Leo,4538.2,1.797,1.5,11.4,2.4,0.36,3.35,1.5133254941891143,222.6064885,1,3.52769,K,1,0,0,False
WASP-96,5540.0,-0.030692492979117456,1.06,1.05,4.42,0.14,8.0,2.547114765583402,25.6886801,1,12.3833,G,1,0,0,False
91 Aqr,4665.0,1.7110818126138123,1.4,11.0,2.52,-0.03,3.56,1.643752630883184,368.7717896,3,3.95311,K,1,0,0,False
K2-7,5700.0,0.35025,1.056,1.533,4.092,0.049,8.6,2.8683816665831436,24.1333259,1,13.0573,,1,0,0,False
HD 13908,6255.0,0.602,1.29,1.67,4.11,0.01,2.9,1.900648372990534,45.3829883,1,7.3845,F,2,1,1,False
HD 159243,6123.0,0.114,1.125,1.12,4.55,0.05,1.25,1.865136560316994,59.1031174,1,8.51188,G,2,0,0,False
HD 164595,5745.0,0.037,0.97,1.04,4.41,-0.06,7.12,1.4510799408263662,222.3752066,2,6.89472,G,1,0,0,False
WASP-61,6244.52,0.44892,1.21,1.43256,4.20862,-0.1237,,2.6890067906544184,3.2075751,1,12.0702,,1,0,0,False
HD 108341,5221.52,-0.38135,0.89,0.787742,4.59469,0.04,,1.689399438710033,166.1998384,2,9.14337,,1,1,1,False
HD 222155,5765.0,0.44152003878532536,1.13,1.67,4.1,-0.11,8.2,1.7042174582606293,227.8012396,1,6.93563,G,1,0,0,False
HD 27631,5737.0,-0.056,0.94,1.0,4.48,-0.12,4.4,1.701448818333497,100.8054119,1,8.08478,G,1,0,0,False
HD 106515 A,5362.0,0.09,0.97,1.62,4.41,0.03,11.7,1.5326461102752735,256.7719349,2,7.7777,G,1,0,0,False
HD 145934,4823.75,1.3679690555129358,1.812692,6.930587,3.011205,0.0951,,2.3577081165838742,9.1821593,1,8.24065,,1,1,1,False
HD 219077,5364.0,0.481,1.07,1.94,3.91,-0.12,8.92,1.4651805301865934,639.1806475,1,5.91597,G,1,1,1,False
Kapteyn,3742.0,-1.79289,0.278894,0.301994,4.92351,,,0.5947294675351135,8644.9046131,1,8.06198,,1,1,1,False
HIP 105854,4780.0,1.67,2.1,,2.94,0.31,,1.8956330118245368,168.619563,1,5.28614,K,1,0,0,False
HD 98649,5759.0,-0.066,1.0,1.0,4.38,0.02,2.3,1.6250314065060687,267.5982585,1,7.82889,G,1,0,0,False
HD 166724,5127.0,-0.509,0.81,,4.43,-0.09,4.0,1.6545057490298454,87.9063009,1,9.06863,K,1,0,0,False
HD 220689,5921.0,0.093,1.04,1.07,4.32,0.0,3.5,1.6709672218180618,178.1892852,1,7.59438,G,1,0,0,False
HAT-P-45,6330.0,0.4,1.259,1.319,4.3,0.07,2.0,2.4751479769182483,8.5305185,1,12.3977,,1,0,0,False
WASP-62,6391.0,0.3456,1.28,1.21427,4.37665,0.24,,2.244601174102571,30.3814908,1,10.0721,,1,0,0,False
HAT-P-46,6120.0,0.391,1.284,1.396,4.25,0.3,2.5,2.463498811038889,6.3527086,1,11.6843,,1,0,0,False
HIP 65891,5000.0,1.65,2.5,8.93,2.9,0.16,,2.1769358638315985,27.4363052,1,6.48224,K,1,0,0,False
HAT-P-53,5956.0,0.21748,1.093,1.209,4.31,0.0,4.67,2.8239968937769353,3.2409127,1,13.5142,,1,0,0,False
HD 217786,5966.0,0.27646,1.02,1.27,4.35,-0.135,7.6,1.744173242192346,191.2457437,2,7.63573,F,2,1,1,False
HAT-P-43,5645.0,0.045,1.048,1.103,4.37,0.23,5.7,2.7233119780687427,16.4078168,1,13.2165,,1,0,0,False
BD-11 4672,4550.0,-0.8041,0.651,0.639,4.642,-0.35,7.4,1.4340336896288166,372.5220822,1,9.48511,,2,0,0,False
CoRoT-27,5900.0,0.10314540750976356,1.05,1.08,4.4,-0.1,4.21,3.00444175556706,9.7710073,1,15.3902,G,1,0,0,False
CoRoT-25,6040.0,0.22813152723687638,1.09,1.19,4.31,-0.01,4.5,3.042764466207822,2.6431764,1,14.711,F,1,0,0,False
HATS-7,4985.0,-0.43415,0.849,0.815,4.545,0.25,7.8,2.3814887201760224,56.6232037,1,13.0499,K,1,0,0,False
8 UMi,4847.4,1.686195673221653,1.8,9.9,2.57,-0.03,1.7,2.210992317317967,13.2836055,1,6.55896,K,1,0,0,False
WASP-106,6055.0,0.3692486727314986,1.192,1.393,4.226,-0.09,7.0,2.546765922279364,28.1540169,1,11.3659,F,1,0,0,False
GJ 687,3561.3,-1.6422835726769787,0.417834,0.397371,4.85936,0.0631,,0.6579531686584537,1309.3944652,1,8.02754,,2,1,1,False
K2-19,5345.0,-0.2134269203858625,0.902,0.914,4.394,0.07,8.0,2.462138841469198,19.2996223,1,12.8153,,3,0,0,False
HD 150706,5948.0,0.03049,1.09,0.97534,4.49718,-0.01,,1.451321199751073,128.7128505,1,6.85038,,1,0,0,False
HD 11755,4312.5,2.3641315763741217,0.9,27.3,1.67,-0.74,10.2,2.37115101708349,81.4679756,1,6.46378,G,1,0,0,False
2MASS J02192210-3925225,3064.0,-2.23,0.108,0.281,4.59,,0.035,,,1,15.0123,M,1,0,0,False
alf Tau,4055.0,2.693206367911908,1.13,45.1,1.2,-0.27,6.6,1.3103363858940291,199.2234926,2,,K,1,0,0,False
HD 67087,6330.0,0.54,1.36,1.55,4.19,0.25,1.45,1.8837846097140947,41.1484473,1,7.92235,F,2,1,1,False
NGC 2682 YBP 1194,5780.0,-0.00812840715549651,1.01,0.99,4.44,0.023,4.15,2.940974443991291,11.2215362,1,14.4666,G,1,0,0,False
NGC 2682 YBP 1514,5605.83,0.01134,0.99,1.0741,4.37162,0.039,,2.9610511929753773,11.15026,1,14.6201,,1,0,0,False
GJ 3293,3469.0,-1.57749,0.446873,0.450299,4.78125,,,1.3051427720083553,492.2542799,1,10.9788,,4,2,1,False
Wolf 1061,3342.0,-1.9914,0.294,0.307,4.934070579457785,-0.09,,0.634065956773743,1187.508409,1,8.79444,M,3,1,1,True
HD 116029,4951.0,1.05308,1.58,4.6,3.4,0.18,2.7,2.0907693091544863,54.1682115,2,7.60909,,2,0,0,False
HD 142245,4878.0,1.13033,1.69,5.2,3.3,0.23,2.3,1.9878025190819415,61.4596966,3,7.18949,,1,1,1,False
HD 5891,4816.0,1.23,1.03,5.8,2.67,0.37,8.3,2.4525561270239873,40.2413246,1,7.79825,,1,0,0,False
HD 82886,5112.0,1.14301,1.06,4.8,3.4,-0.31,7.0,2.1040122690125664,38.9689523,1,7.38096,,1,0,0,False
HD 220074,3935.0,2.725381574214285,1.2,49.7,1.1,-0.25,4.5,2.5112682318257082,9.4479097,1,5.62737,M,1,0,0,False
HD 216536,4639.0,1.8,1.36,12.5,2.36,-0.17,3.8,2.5754568855507647,3.7766589,1,8.88324,K,1,0,0,False
HD 131496,4927.0,0.99123,1.61,4.3,3.3,0.25,2.7,2.1200768402642365,55.4411361,1,7.52124,,1,0,0,False
HD 1502,5049.0,1.06446,1.61,4.5,3.4,0.09,2.4,2.280926485821204,76.0256276,1,8.10417,,1,0,0,False
HD 152581,5155.0,1.17319,0.927,4.8,3.4,-0.46,12.0,2.219479738065139,19.0279889,1,8.12746,,1,0,0,False
HD 28678,5076.0,1.35984,1.74,6.2,3.3,-0.11,1.8,2.2785432600644238,10.5412442,1,8.05469,,1,0,0,False
HD 30856,4943.0,1.1,1.31,4.15,3.38,0.12,3.89,2.1179305248556703,27.0626681,2,7.65813,,1,0,0,False
HD 108863,4956.0,1.22531,1.85,5.6,3.2,0.2,1.8,2.216804334099355,82.6678226,1,7.45422,,1,0,0,False
GJ 180,3556.0,-1.60946,0.406131,0.413049,4.81473,,,1.0770297871975612,763.0623234,1,9.93395,,3,2,1,False
GJ 433,3605.0,-1.47464,0.46699,0.469376,4.76433,,,0.9573467279891918,853.6175037,1,8.89138,,3,1,1,False
HD 33142,5052.0,1.02119,1.48,4.2,3.5,0.05,3.0,2.0841292429160614,34.4756886,1,7.71274,,3,0,0,False
HAT-P-51,5453.0,-0.10237,0.961,0.995,4.4256,0.302,8.1,2.6435405135322614,18.9952545,1,13.2846,,1,0,0,False
HD 18742,5048.0,1.14301,1.6,4.9,3.3,-0.04,2.3,2.21134751164895,30.1933542,1,7.55464,,1,0,0,False
HD 197037,6150.0,0.19511486911121323,1.063,1.105,4.37,-0.16,3.408,1.5210648230343284,230.6026329,2,6.67106,,1,1,1,False
HD 192310,5080.0,-0.377,0.82,0.81,4.55,0.02,9.3,0.9443281740215023,1255.6503219,1,5.47661,K,2,1,1,False
HD 137388,5240.0,-0.33724,0.86,0.82,4.42,0.18,6.45,1.6072844889406324,64.4146602,1,8.47996,,1,1,1,False
GJ 422,3428.0,-1.76797,0.357646,0.370328,4.85435,,,1.102540036493964,2737.706412,1,10.4771,,1,1,1,False
HD 141399,5539.0,0.2131,0.97,1.38784,4.14016,0.32,,1.5684000457170968,108.5340895,1,7.00926,,4,1,1,False
HAT-P-38,5191.0,-0.17621,0.881,1.00936,4.37496,,,2.406890880614406,52.3566524,1,12.3021,,1,0,0,False
HD 7449,6024.0,0.08279,1.05,1.01,4.51,-0.11,2.1,1.5872843164927721,212.3948367,2,7.34996,,1,1,1,False
BD-06 1339,4324.0,-1.022,0.7,,4.74,-0.14,4.4,1.3068430358208243,346.7225761,1,9.10677,K,2,1,1,False
KOI-7892,6116.46,0.2987,1.15,1.25604,4.30076,-0.051,,3.0303163059885856,4.1319544,1,14.2165,,3,0,0,False
Kepler-115,5931.0,0.16679722680784956,1.07,1.15,4.35,0.07,4.57,2.794912374352166,16.4918127,1,13.3925,,2,0,0,False
HD 32963,5738.0,0.06314,1.03,1.08818,4.3775,0.07,,1.5806809727100304,96.101767,1,7.42756,,1,0,0,False
GJ 15 A,3607.0,-1.655,0.38,0.38,4.87,-0.34,,0.551728052599361,2920.710871,2,7.2162,M,2,0,0,False
HIP 97233,5020.0,1.204,1.93,5.34,3.26,0.29,,2.0097694881704116,63.5693214,1,7.07025,K,1,0,0,False
Kepler-231,4147.0,-1.0644242972316584,0.59,0.57,4.7,-0.26,3.47,2.5005356012353075,13.5889675,1,15.3896,,2,0,0,False
GJ 27.1,3687.0,-1.34847,0.516409,0.518887,4.72092,,,1.3730260822988085,530.5741627,1,10.579,,1,0,0,False
GJ 160.2,4329.0,-0.8423,0.68,0.674102,4.61312,,,1.4125563000667838,780.8232337,1,9.20154,,1,0,0,False
GJ 682,3237.0,-2.05556,0.274627,0.298255,4.92764,,,0.6995524368058987,1174.0017621,1,9.57025,,2,2,1,False
GU Psc,3420.0,-1.60189,0.447043,0.450458,4.78111,-0.25,,1.6771514346152314,139.5744596,1,12.9656,,1,0,0,False
Kepler-376,5939.36,0.35663,1.08,1.42392,4.16452,-0.1038,,2.9652332250500133,15.1111513,1,13.734,,2,0,0,False
Kepler-315,5842.0,0.019136060517411155,0.98,1.0,4.43,-0.12,4.9,3.0646937920307438,7.8379741,1,15.2885,,2,1,1,False
Kepler-56,4911.0,0.9619976324262937,1.29,4.19,3.3,-0.03,4.37,2.960467923453846,13.7878727,1,12.4298,,3,0,0,False
Kepler-394,6122.0,0.2660338916454508,1.13,1.21,4.33,0.02,3.24,3.0247811172995203,4.8288131,1,14.77,,3,0,0,False
CoRoT-24,4950.0,-0.3996924518113023,0.91,0.86,4.55,0.3,11.0,2.771995129498281,3.0425443,1,15.1801,K,2,0,0,False
KIC 10001893,31000.0,1.43069,0.47,0.18,5.59962,,,3.2234803652683195,6.0109694,1,15.7109,,3,0,0,False
Kepler-343,5860.0,0.25236701865332367,1.08,1.3,4.24,0.12,6.03,2.967170144188446,8.8126462,1,14.1102,,2,0,0,False
Kepler-334,5958.0,0.14393780305670162,1.07,1.11,4.38,0.03,4.07,2.6300106706264863,20.6424401,1,12.73,,3,0,0,False
Kepler-374,5898.0,0.07808752097028042,1.04,1.05,4.42,0.03,3.89,3.1022998976704006,17.5984513,1,14.6608,,3,0,0,False
Kepler-270,6127.0,0.3625489082851155,1.17,1.35,4.24,0.07,3.72,2.977165979057943,2.7988278,1,13.8586,,2,0,0,False
Kepler-404,5653.0,-0.17203256434584144,0.952,0.857,4.551,-0.04,,2.9098361978523,6.654775,1,15.1906,,2,0,0,False
Kepler-405,5525.0,-0.1888156763037822,0.91,0.88,4.51,-0.03,4.68,3.027382229609212,1.7327855,1,15.8023,,2,0,0,False
Kepler-439,5431.0,-0.236,0.884,0.866,4.514,0.02,7.2,2.8791234164541697,6.4972426,1,14.5454,,1,1,1,False
Kepler-248,5182.0,-0.36149281066605515,0.9,0.82,4.56,0.2,2.34,2.86852218404126,1.4017329,1,15.2331,,2,0,0,False
Kepler-357,5029.0,-0.4682021572040405,0.81,0.77,4.58,0.01,4.47,2.8379499893519475,23.0390898,1,15.5215,,3,0,0,False
CoRoT-22,5939.0,0.15849981382537387,1.099,1.136,4.361,0.17,3.3,2.797376966482833,2.3150628,1,13.7305,G,1,0,0,False
Kepler-19,5613.0,-0.2017714090302599,0.92,0.84,4.55,-0.16,1.58,2.3395746561274895,39.7802263,1,11.8763,,3,0,0,False
Kepler-408,6104.0,0.2751581726333796,1.08,1.23,4.294,-0.2,6.68,1.9483307941844665,10.4238443,1,8.6992,,1,0,0,False
Kepler-127,6225.0,0.4028884073511967,1.25,1.37,4.26,0.24,2.63,2.547521190436399,20.8873926,1,11.4381,,3,0,0,False
Kepler-426,5725.0,-0.089,0.91,0.92,4.471,-0.21,6.0,2.9261854753501315,8.5662857,1,14.8069,G,1,0,0,False
Kepler-430,5959.75,0.31207,1.09,1.34348,4.21903,0.067,,2.9625951858415265,8.7605269,1,13.8135,,2,0,0,False
Kepler-183,5794.0,0.01344656100354462,1.0,1.01,4.43,0.02,4.27,3.0214539312553845,8.9904093,1,14.8934,,2,0,0,False
Kepler-391,5111.0,0.8318018408008748,1.03,3.33,3.41,-0.07,9.33,2.939137704622239,12.7884256,1,12.984,,2,0,0,False
Kepler-158,4720.0,-0.6488254580582109,0.75,0.71,4.62,-0.03,3.98,2.4985545173913133,49.512889,1,14.4165,,3,0,0,False
Kepler-271,5645.65,-0.25319,1.0,0.780963,4.65281,-0.105,,2.606963617224779,27.41919,1,13.4284,,3,0,0,False
Kepler-172,5599.0,-0.028993830642432983,1.0,1.03,4.41,0.23,6.46,2.9183407358985196,4.571919,1,14.5369,,4,0,0,False
Kepler-1704,5746.0,0.45179,1.132,1.697,4.031,0.196,7.4,2.921923062514265,8.382028,1,13.2514,,1,1,1,False
KIC 9663113,6117.21,0.7919,1.15,2.21562,3.80778,0.1436,,3.2026898875376975,9.0880462,1,13.9075,,2,0,0,False
Kepler-43,6041.0,0.3819018816512661,1.32,1.42,4.26,0.33,2.8,3.0025289025454502,3.0087774,1,13.8894,G,1,0,0,False
Kepler-355,5823.0,-0.004070838215621991,0.99,0.98,4.46,-0.06,3.72,3.1559945722175766,9.7592582,1,15.0663,,2,0,0,False
Kepler-189,5169.0,-0.3873040473780617,0.83,0.8,4.57,-0.02,5.13,2.771979711919179,19.1397901,1,14.8213,,2,0,0,False
Kepler-79,6174.0,0.342,1.165,1.302,4.274,-0.0731,3.44,3.0089066244256295,4.1020367,1,13.8825,,4,0,0,False
Kepler-406,5538.0,-0.014930789024070497,1.07,1.07,4.409,0.18,5.84,2.561137175675386,17.8047664,1,12.4897,,2,0,0,False
Kepler-146,5916.53,0.14794,1.08,1.12847,4.36651,-0.0261,,2.8553961790115294,1.5532919,1,13.8031,,2,0,0,False
Kepler-386,5098.0,-0.43332162011875686,0.82,0.78,4.58,-0.02,4.68,2.9456960131582943,11.17137,1,15.6172,,2,0,0,False
Kepler-29,5358.15,-0.29687,0.93,0.824495,4.57417,-0.511,,2.9204009354592344,17.4149562,1,15.2819,,2,0,0,False
Kepler-436,4651.0,-0.701,0.729,0.697,4.619,0.01,3.0,2.770017217217497,5.5883514,1,15.8616,,2,1,1,False
Kepler-401,6184.0,0.33914719420685957,1.17,1.29,4.28,0.02,3.39,2.9847792660587427,10.9080352,1,13.2865,,3,0,0,False
HD 12648,4835.8,1.6183388283409448,1.2,9.2,2.18,-0.57,4.5,2.2605293033058427,87.3308816,1,6.7184,G,1,0,0,False
HD 66141,4328.0,2.22,0.98,21.43,2.09,0.52,9.18,1.8334715954964858,108.6190684,1,3.97926,,1,0,0,False
Kepler-278,4989.0,0.6236092533845393,1.13,2.75,3.62,0.19,7.76,2.6464331356888033,9.3313383,1,11.5296,,2,0,0,False
Kepler-411,4906.0,-0.5340774477678449,0.81,0.75,4.6,0.05,2.69,2.1866060478418223,35.2938724,2,12.2327,,4,0,0,False
NY Vir,32780.0,1.37508,0.459,0.151,5.74193,,,2.7356180593262165,13.390667,2,13.3943,,2,1,1,False
Kepler-96,5690.0,-0.009460740928592858,1.0,1.02,4.421,0.04,2.34,2.089484736970597,35.5594178,1,10.2971,,1,0,0,False
Kepler-226,5427.0,-0.2500330122862224,0.89,0.85,4.53,-0.03,4.37,2.991287227140609,10.2173862,1,15.4026,,3,0,0,False
Kepler-17,5680.0,-0.021074059623352008,1.03,1.01,4.44,0.23,3.72,2.8577864587338273,7.4018001,1,14.1311,,1,0,0,False
HD 77338,5383.11,-0.15248,0.93,0.964597,4.43786,0.3307,,1.6621437207112704,274.5266405,1,8.40992,,1,0,0,False
Kepler-213,5712.0,0.082,1.018,1.12221,4.34567,0.1565,,2.8027320036605956,23.0943113,1,13.6023,,2,0,0,False
Kepler-182,6120.0,0.2797057614283278,1.16,1.23,4.32,0.08,3.09,3.1900766504047278,10.5162873,1,14.8737,,2,0,0,False
Kepler-323,5840.45,0.15091,1.053,1.16202,4.33007,-0.2147,,2.657899706572425,12.3062691,1,12.658,,2,0,0,False
Kepler-167,4884.0,-0.5391,0.777,0.749,4.579,0.02,7.1,2.533909262584276,39.3944815,2,14.0004,,4,0,0,False
Kepler-75,5206.0,-0.3429373101876971,0.83,0.83,4.52,-0.02,9.12,2.9218715963056288,8.3565657,1,15.1789,,1,0,0,False
Kepler-423,5616.02,-0.03128,0.99,1.01895,4.4174,0.0914,,2.8801004212244936,4.2579685,1,14.28,,1,0,0,False
Kepler-264,6263.0,0.7507222356657661,1.46,2.02,3.99,0.2,2.57,2.974130654435195,9.4742197,1,13.0135,,2,0,0,False
Kepler-21,6305.0,0.715,1.408,1.902,4.026,-0.03,3.03,2.035517788968659,39.9798601,2,8.12832,,1,0,0,False
Kepler-47,5636.0,-0.076,1.049,0.963,4.492,-0.25,,3.010732339347772,10.654601,2,15.1626,,3,2,1,False
Kepler-240,4923.0,-0.5397273674797376,0.78,0.74,4.6,-0.04,4.68,2.873278158647554,10.5917218,1,15.6622,,2,0,0,False
Kepler-152,5236.0,-0.40948441395625707,0.83,0.76,4.6,-0.16,2.0,2.6445272119519543,30.7750935,1,14.2437,,2,0,0,False
Kepler-310,5551.0,-0.18065989640493277,0.91,0.88,4.51,-0.07,4.47,2.7797897886352714,7.2675947,1,14.265,,3,0,0,False
Kepler-144,6274.0,0.47770257691054446,1.24,1.47,4.19,0.03,3.02,2.585367092292703,12.0440579,1,11.9438,,2,0,0,False
NGC 2682 Sand 364,4284.0,2.157200685815769,1.35,21.8,2.2,-0.02,4.15,2.912324106402821,11.0949499,1,9.40374,K,1,0,0,False
Kepler-253,5216.0,-0.36078978137995793,0.85,0.81,4.56,0.03,4.57,2.9235522686579585,8.4686833,1,15.5122,,3,0,0,False
Kepler-87,5649.0,0.4713211591192086,1.11,1.8,3.97,0.04,7.24,3.0909278525816077,4.5298324,1,14.5869,,2,0,0,False
HD 285507,4330.9,-0.69637,0.68,0.796731,4.46795,0.032,,1.6534951957193114,126.3763886,1,10.0404,,1,0,0,False
Kepler-74,6000.0,0.16393089684222517,1.18,1.12,4.44,0.42,0.8,3.070979356788682,4.9747534,1,14.3652,F,1,0,0,False
Kepler-285,5300.0,-0.3330366338722568,0.85,0.81,4.56,-0.1,4.17,2.916090568457649,13.9511583,1,15.1521,,2,0,0,False
Kepler-387,5835.36,0.13738,1.05,1.14606,4.34084,-0.4,,2.9036607090680695,15.5034302,1,13.9345,,2,0,0,False
Kepler-66,5942.0,0.013162905917005136,1.0,0.96,4.48,-0.15,2.24,3.080251186717991,9.4345682,1,15.1474,,1,0,0,False
PH2,5734.0,-0.05849,0.966,0.949,4.47,0.017,4.1,2.536385447818774,16.3758335,1,12.5811,,1,1,1,False
Kepler-289,5990.0,0.061,1.08,1.0,4.47,0.05,0.65,2.8478427753832327,4.7846961,1,13.9628,,3,0,0,False
HD 208527,4035.0,2.7931058064690695,1.6,51.1,1.4,-0.09,2.0,2.494435680873041,15.0768457,1,5.61607,M,1,0,0,False
Kepler-113,4725.0,-0.671804717177075,0.75,0.69,4.636,0.05,6.89,2.4188827239323154,39.3248263,1,13.4598,,2,0,0,False
KIC 5437945,5976.19,0.64137,1.1,1.95204,3.89848,-0.101,,3.1051728368908345,15.0168298,1,13.7506,,2,0,0,False
HD 10442,4912.0,0.31,1.01,1.97,3.855388921459457,0.1,10.65,2.1315352615367122,23.876792,1,7.57742,K,1,1,1,True
Kepler-273,5584.0,-0.13175285688118332,0.94,0.92,4.5,0.01,4.68,2.853676314023357,25.2162087,1,14.9683,,2,0,0,False
Kepler-187,6114.0,0.25655407962281707,1.11,1.2,4.32,-0.02,3.72,3.0580462303952816,14.4133318,1,14.1753,,2,0,0,False
Kepler-135,5990.67,0.44809,1.1,1.55505,4.09597,-0.105,,2.793689130605477,6.4882142,1,12.6789,,2,0,0,False
Kepler-207,5989.0,0.4086796391286705,1.2,1.49,4.17,0.18,4.17,2.942265575325941,2.7615662,1,13.1671,,3,0,0,False
Kepler-280,5451.96,-0.06437,0.95,1.04079,4.38106,0.1213,,2.8922955565861037,22.7446632,1,14.4574,,2,0,0,False
Kepler-116,6187.0,0.42948238897741453,1.21,1.43,4.21,0.04,3.31,2.980079764312708,5.5999732,1,13.6894,,2,0,0,False
Kepler-57,5390.0,-0.2721965171619945,0.88,0.84,4.54,-0.07,4.68,2.808980268943034,7.2207166,1,14.7738,,2,0,0,False
Kepler-337,5694.42,0.48057,1.01,1.78665,3.93831,0.091,,2.8312136797634864,4.3948398,1,12.7075,,2,0,0,False
Kepler-324,5255.0,-0.32666308382352083,0.87,0.83,4.54,0.03,5.37,2.700335015962241,22.4629261,1,14.0909,,4,0,0,False
Kepler-396,5651.0,-0.08316171026342406,0.97,0.95,4.47,0.04,4.37,2.349776630641895,16.114782,1,11.8286,,2,0,0,False
Kepler-318,5708.0,-0.07491858506287796,1.02,0.94,4.5,0.13,1.62,2.689434067089287,3.4624869,1,13.281,,2,0,0,False
Kepler-443,4723.0,-0.664,0.738,0.706,4.614,-0.01,3.2,2.904321093875682,23.8460915,1,15.9005,,1,1,1,False
CoRoT-17,5740.0,0.3913316682000846,1.04,1.59,4.4,0.0,10.7,3.0704516352427245,9.2427444,1,15.4368,G,1,0,0,False
Kepler-409,5386.0,-0.20201,0.93,0.910153,4.48832,0.04,,1.833612405847923,7.606681,1,9.39109,,1,0,0,False
HD 75784,4917.0,0.756,1.41,3.3,3.56,0.25,4.0,1.9316210818540398,148.6797633,1,7.5599,K,2,0,0,False
Kepler-10,5627.0,0.00173,0.895,1.056,4.341,-0.15,11.9,2.26835796098476,45.3461486,1,10.9191,,3,0,0,False
Kepler-379,6116.0,0.29257978294453024,1.15,1.25,4.3,0.06,3.47,2.864080132623945,3.3245586,1,13.3686,,2,0,0,False
HD 103720,5017.0,-0.45961,0.83,0.779758,4.57323,-0.02,,1.6583472484270838,77.0835008,1,9.22376,,1,0,0,False
bet Cnc,4092.1,2.9,1.7,47.2,1.4,-0.29,1.85,1.9496202680590324,67.8969808,2,3.04628,K,1,0,0,False
bet UMi,4126.0,2.73,1.4,38.3,1.5,-0.27,2.95,1.5885486703697433,34.4164525,1,,K,1,0,0,False
HD 158038,4897.0,1.07555,1.65,4.8,3.2,0.28,2.5,1.9770945658344898,72.5460507,1,7.2068,,1,0,0,False
HD 95872,5312.0,-0.29751931246910496,0.7,0.84,4.43,0.41,,1.8586544773337788,263.0130374,1,9.65278,,1,0,0,False
Pr0201,6163.81,0.24902,1.17,1.16806,4.37132,0.2124,,2.2568139245808925,39.1150393,1,10.3508,,1,0,0,False
HD 95127,4218.0,2.28,1.2,20.0,1.78,-0.18,5.5,2.8303185138101394,18.8492132,1,7.72111,K,1,0,0,False
HD 233604,4791.0,1.75,1.5,10.9,2.55,-0.36,2.4,2.927913148486024,19.8336919,1,10.1054,K,1,0,0,False
HIP 63242,4830.0,1.63,1.54,,2.53,-0.31,,2.194392222751793,72.568005,1,6.56453,G,1,0,0,False
HD 100655,4891.0,1.6083817217435132,2.03,8.891,2.79,0.07,1.309,2.1372844667299646,59.7043861,2,6.17883,,1,0,0,False
HD 102329,4830.0,1.29226,1.95,6.3,3.0,0.3,1.6,2.3366738262750726,49.5003757,1,7.58172,,2,0,0,False
HD 24064,4052.5,2.543349137283118,1.0,38.0,1.44,-0.49,9.0,2.4774786767245534,17.86461,1,6.17839,K,1,0,0,False
HIP 107773,4945.0,1.87,2.42,11.6,2.6,0.03,,2.0219331664774387,37.4498026,1,5.36073,K,1,0,0,False
HD 98219,4946.0,1.2,1.52,4.52,3.5,0.02,2.41,2.05577574302873,131.8558443,1,7.79079,,1,0,0,False
BD+48 738,4519.0,1.69,0.74,11.1,2.51,0.24,,2.940263903122911,6.8809607,1,8.65569,,1,0,0,False
TYC 1422-614-1,4806.0,1.35,1.15,6.85,2.85,-0.2,5.89,2.8276341635903437,14.223105,1,9.91329,,2,0,0,False
HD 204941,5056.0,-0.50864,0.74,0.72,4.48,-0.19,6.67,1.458131506485498,305.4801525,2,8.19092,,1,0,0,False
GJ 163,3399.0,-1.69489,0.40243,0.409738,4.81775,,,1.179795869595083,1198.1722566,1,10.6771,,3,1,1,False
HIP 91258,5519.0,-0.222,0.95,1.0,4.53,0.23,2.4,1.6616669500852557,235.0873477,1,8.45032,G,1,0,0,False
HD 220773,5956.23,0.49638,1.09,1.66303,4.03369,0.11,,1.7033799479611251,223.9420602,1,6.94595,,1,1,1,False
HD 1605,4757.0,0.82,1.31,3.8,3.4,0.21,4.59,1.9484359514773513,103.4844589,1,7.25688,K,2,1,1,False
HD 240237,4422.0,-0.9273589945667032,0.614,0.587,1.69,-0.24,4.42,2.9700570949248033,4.29462,1,7.49317,,1,0,0,False
HD 175607,5397.57,-0.26617,0.94,0.841731,4.56085,-0.62,,1.6056314525521262,407.7485767,1,8.40957,,1,0,0,False
HD 106270,5638.0,0.75587,1.32,2.5,3.9,0.08,4.3,1.972239876840722,107.741879,1,7.39531,,1,1,1,False
BD+49 828,4943.0,1.47,1.52,7.6,2.85,-0.19,2.34,2.6454635351899767,12.3367029,1,9.02851,K,1,0,0,False
HD 7199,5386.0,-0.1549,0.89,0.96,4.34,0.28,6.79,1.5581455424375061,165.5651571,1,7.83743,,1,1,1,False
HD 564,5902.0,0.04552941818833537,0.961,1.01,4.53,-0.2,5.5,1.7089806177007618,97.4780694,1,8.17077,G,1,1,1,False
HD 99706,4932.0,1.18752,1.72,5.4,3.2,0.14,2.1,2.166133970305109,98.5793788,1,7.37747,,2,0,0,False
HD 96127,4179.0,2.4368283262209505,1.289,31.61,1.59,-0.29,4.067,2.769125391761032,8.2650277,1,6.88245,,1,0,0,False
HD 79498,5748.0,0.03,1.08,1.05,4.431045157347074,0.18,2.71,1.6897429366029388,201.0612307,2,7.8859,G,1,1,1,True
RR Cae,3904.0,-2.10762,0.162257,0.193119,5.07662,,,1.326163747882972,534.6205572,2,13.6576,,1,0,0,False
GJ 3341,3543.0,-1.51357,0.462057,0.464648,4.76852,,,1.373261506161682,553.7493806,1,11.1029,,1,0,0,False
tau Gem,4388.0,2.3782259136355592,2.3,26.8,1.96,0.14,1.22,2.0512953335937727,57.6443033,1,4.03996,K,1,0,0,False
HD 1666,6317.0,0.73,1.5,1.93,4.06,0.37,1.76,2.0715432727624843,60.1675411,1,8.05121,F,1,0,0,False
HD 96063,5148.0,1.1038,1.02,4.5,3.6,-0.3,9.0,2.146329625607937,33.3525129,1,7.96991,,1,0,0,False
BD+20 274,4296.0,1.96,0.8,17.3,1.99,-0.46,,3.12139896458503,3.7882796,1,8.91613,K,1,0,0,False
HD 30669,5400.0,-0.19945232609865132,0.92,0.91,4.37,0.13,4.8,1.7640595075429604,243.0190592,1,8.90667,G,1,0,0,False
K2-11,5313.06,-0.28852,0.91,0.846644,4.54171,0.1733,,2.5176036001225515,54.1245269,1,13.1501,,1,0,0,False
K2-9,3390.0,-1.92082,0.3,0.31,4.934397867051118,-0.25,1.0,1.9188849715360041,172.8159555,1,14.8665,M,1,1,1,True
WASP-75,6100.0,0.29495028024548126,1.14,1.26,4.29,0.07,3.5,2.4683488076017603,48.3454852,2,11.3347,F,1,0,0,False
HATS-9,5366.0,0.23,1.03,1.503,4.095,0.34,10.8,2.805296916157985,11.0576718,1,13.0983,,1,0,0,False
Pr0211,5300.0,-0.31499565252446315,0.935,0.827,4.51,0.18,0.578,2.261771825348179,38.8357562,2,11.9281,,2,0,0,False
Qatar-2,4645.0,-0.6729882170103393,0.74,0.713,4.601,-0.02,1.4,2.258575030983054,89.500177,1,13.0276,,1,0,0,False
K2-8,4779.0,-0.55319,0.77,0.771581,4.5498,0.01,,2.605857530972136,39.3839143,1,14.3358,,2,0,0,False
Kepler-119,5825.0,0.039748018169858165,1.01,1.03,4.42,0.01,3.63,2.8463346375103225,18.6215814,1,14.2004,,2,0,0,False
ROXs 42 B,3850.87,-0.79156,,0.903143,,,,2.1571241955048692,24.1096799,2,13.1164,,1,0,0,False
Kepler-34,5913.0,0.173,1.0479,1.1618,4.3284,-0.07,,3.2554703053162113,6.1791316,2,14.8297,,1,1,1,False
Kepler-95,5699.0,0.2745227031733695,1.08,1.41,4.171,0.3,5.63,2.64899975793519,26.7129478,1,12.3044,,1,0,0,False
Kepler-329,4221.0,-1.049072687402679,0.57,0.56,4.71,-0.44,3.47,2.643175231634899,42.2606182,1,15.4312,,2,0,0,False
Kepler-412,5750.0,0.21071832253458272,1.167,1.287,4.3,0.27,5.1,3.0359257913303157,7.217735,1,14.2486,G,1,0,0,False
Kepler-300,5965.0,0.1381170123091805,1.07,1.1,4.38,0.04,3.63,3.0407802931925323,2.557066,1,14.1797,,2,0,0,False
CoRoT-29,5260.0,-0.25468215453910653,0.97,0.9,4.3,0.2,4.5,2.906608141158558,14.8548187,1,15.2394,K,1,0,0,False
Kepler-438,3748.0,-1.357,0.544,0.52,4.74,0.16,4.4,,30.5623775,1,14.4852,,1,1,1,False
Kepler-427,5800.0,0.29,0.96,1.35,4.14,-0.19,7.0,3.007662446537276,7.2368093,1,14.1964,G,1,0,0,False
Kepler-446,3446.0,-1.7382818643510536,0.4,0.38,4.87,0.1,3.72,1.98380213401977,27.0539679,1,16.3101,,3,0,0,False
HD 106906,6473.79,0.85344,1.32,2.12351,3.90453,,,2.0129594845817755,41.0824492,1,7.68639,,1,0,0,False
WISEP J121756.91+162640.2 A,575.0,-6.090355986632003,0.029,0.091,5.0,,6.0,,,1,,T,1,0,0,False
Kepler-303,4070.0,-1.1935921609359597,0.52,0.51,4.75,-0.53,3.31,2.3216771223833743,76.8273427,1,14.396,,2,0,0,False
HATS-8,5679.0,0.041636975206780544,1.056,1.086,4.386,0.21,5.1,2.900168782871022,9.4478082,1,14.337,,1,0,0,False
Kepler-415,4586.0,-0.7111778684285189,0.73,0.7,4.62,0.01,4.9,2.724674745640862,21.4687178,1,15.841,,2,0,0,False
Kepler-267,3973.0,-1.185848370165324,0.56,0.54,4.72,-0.18,3.31,2.4232344018555785,37.2324164,1,15.4693,,3,0,0,False
Kepler-433,6360.0,0.88,1.46,2.26,3.892,-0.01,2.67,3.2737672706664456,3.1546635,1,14.4163,,1,0,0,False
Kepler-445,3369.0,-1.6906075253124306,0.43,0.42,4.83,0.48,6.61,2.104490525563769,138.5399643,1,16.7157,,3,0,0,False
Kepler-400,5980.0,0.1581306312612941,1.08,1.12,4.37,0.04,3.63,2.9273549622524158,4.907312,1,13.8395,,2,0,0,False
KOI-1257,5520.0,0.026803047850922468,0.99,1.13,4.32,0.27,9.3,,16.3901937,2,14.6419,G,1,0,0,False
CoRoT-23,5900.0,0.4499496485995636,1.14,1.61,4.3,0.05,7.2,3.025703103959157,8.6628393,1,15.0681,G,1,0,0,False
Kepler-120,4641.0,-0.71564605094412,0.72,0.68,4.63,-0.12,3.63,2.5895363225930703,11.8122105,1,14.7188,,2,0,0,False
Kepler-163,5705.0,-0.05754508893664207,0.98,0.96,4.47,0.02,4.27,2.8387320042689006,10.6877873,1,14.3796,,2,0,0,False
Kepler-441,4340.0,-1.051,0.572,0.55,4.715,-0.57,1.9,2.4281396555069734,34.898213,1,15.135,,1,0,0,False
Kepler-395,3931.0,-1.194,0.578,0.549,4.721,-0.02,1.6,2.62467598009117,14.7384612,1,15.9585,,2,0,0,False
Kepler-369,3711.0,-1.4066638578864057,0.5,0.48,4.78,-0.09,4.17,,21.3831901,1,15.6683,,2,0,0,False
GJ 504,6234.0,0.36,1.29,1.26,4.39,0.28,1.4,1.2437794386510077,386.8630302,1,5.04156,G,1,0,0,False
2MASS J01225093-2439505,3309.0,-1.83849,0.353185,0.36645,4.85804,,,1.5292776057487174,172.4426671,1,12.9025,,1,0,0,False
Kepler-317,5805.0,0.0504773444055343,1.04,1.05,4.42,0.13,3.72,2.9733975868161724,2.2942288,1,15.4571,,2,0,0,False
Kepler-61,4217.0,-0.9623123669767509,0.65,0.62,4.67,-0.05,3.63,2.525147210676504,10.721519,1,15.0426,,1,1,1,False
Kepler-54,3760.0,-1.4208431069589202,0.48,0.46,4.79,-0.27,4.17,2.434091236848817,18.4991328,1,15.8133,,3,0,0,False
Kepler-14,6395.0,0.799,1.512,2.048,3.994,0.12,2.2,,,2,,,1,0,0,False
Kepler-340,7852.93,0.86749,1.87,1.46668,4.37724,-0.08,,2.907820737565622,1.2517704,1,12.3031,,2,0,0,False
Kepler-442,4402.0,-0.932,0.609,0.598,4.673,-0.37,2.9,2.563439552515439,8.0179552,1,14.9304,,1,1,1,False
Kepler-452,5757.0,0.08432072536113824,1.037,1.11,4.32,0.21,6.0,2.74172423765375,13.4422907,1,13.4048,G,1,1,1,False
PH1,6407.0,0.6576069322151126,1.528,1.734,4.14,0.21,2.0,3.014167583607013,1.0948906,4,13.6988,F,1,0,0,False
Kepler-41,5651.75,0.26161,1.0,1.40959,4.13988,0.3148,,3.038651948122732,4.2685481,1,14.413,,1,0,0,False
Kepler-283,4251.0,-0.9768432293969341,0.63,0.6,4.68,-0.17,3.09,2.670333074403256,16.7364842,1,15.8753,,2,1,1,False
Kepler-453,5527.0,-0.23586228889203678,0.944,0.833,4.571,0.09,2.49,2.646252726272995,8.4142757,2,13.5227,,1,1,1,False
Kepler-266,5516.0,-0.19164777571712668,0.91,0.88,4.51,-0.05,4.79,3.1369709275635924,2.0111211,1,15.5772,,2,0,0,False
Kepler-39,6347.0,0.46774053198922616,1.21,1.42,4.21,-0.06,3.02,3.02424341324167,4.5232073,1,14.2622,,1,0,0,False
Kepler-35,5606.0,-0.027,0.8877,1.0284,4.3623,-0.34,,3.2598732854362904,8.5702979,2,15.7352,,1,0,0,False
Kepler-108,5824.0,0.662340225782596,1.36,2.11,3.92,0.17,3.89,2.529856226366968,,2,13.0843,,2,0,0,False
Kepler-91,4550.0,1.225,1.31,6.3,2.953,0.11,4.86,3.1121657935862808,4.2603814,1,12.4762,K,1,0,0,False
Kepler-353,3985.0,-1.1490207930917873,0.58,0.56,4.71,-0.12,3.39,2.5851154127502465,23.8115334,2,15.7248,,2,0,0,False
Kepler-232,5654.0,-0.08223972284101402,0.97,0.95,4.47,0.03,4.47,3.130053799607001,1.2834551,1,15.3201,,2,0,0,False
Kepler-16,4018.2,-0.85777,0.63,0.768606,4.466,-0.124,,1.8755543419075413,50.588521,2,11.7472,,1,1,1,False
CoRoT-28,5150.0,0.3009587707498395,1.01,1.78,3.6,0.15,12.0,2.8843325116667686,8.9097951,1,13.4119,G,1,0,0,False
CoRoT-21,6200.0,0.7025258306853388,1.29,1.95,3.7,0.0,4.1,,11.7168394,1,15.8558,F,1,0,0,False
KIC 10525077,6091.0,0.131537611330657,1.058,1.047,4.424,-0.04,,3.1646948024013453,4.2994345,1,15.3043,,1,1,1,False
kap And,10900.0,1.83,2.6,,3.78,-0.36,0.03,1.6991237173770093,83.3928097,1,4.13478,B,1,0,0,False
WTS-1,6250.0,0.2578056000508115,1.2,1.15,4.4,-0.5,2.55,3.3703298589881903,9.2360673,1,16.4299,F,1,0,0,False
CoRoT-16,5650.0,0.11217756403010307,1.098,1.19,4.36,0.19,6.73,2.864753672366854,8.0976105,1,15.6507,G,1,0,0,False
KOI-55,27730.0,1.36,0.496,0.203,5.52,,,3.090265108836336,7.8384452,1,14.9062,B,2,0,0,False
CoRoT-26,5590.0,0.4482431434727669,1.09,1.79,3.99,0.01,8.6,3.0191910907101467,10.1140368,1,15.4682,G,1,0,0,False
Kepler-22,5594.0,-0.19024,0.989,0.855243,4.56909,-0.27,,2.289236558440751,77.618339,1,11.6444,,1,1,1,False
POTS-1,4400.0,-0.934544791935686,0.695,0.588,4.63,-0.03,,2.873877792300589,18.3158678,1,17.2604,K,1,0,0,False
Kepler-76,6371.0,0.4557498708036432,1.24,1.39,4.24,-0.01,2.63,2.91537872682655,2.5738644,1,13.2755,,1,0,0,False
Kepler-440,4134.0,-1.102,0.575,0.559,4.706,-0.3,1.3,2.478609778601228,32.1525702,1,15.1058,,1,1,1,False
HATS-61,5542.0,0.36922,1.076,1.664,4.028,0.247,8.9,2.8323562441383867,10.6687361,1,13.0682,,1,0,0,False
HATS-63,5627.0,0.01199,0.931,1.07,4.349,0.081,10.3,2.7946497441937628,17.7745928,1,13.7213,,1,0,0,False
HD 108236,5660.0,-0.14997,0.869,0.877,4.49,-0.28,6.7,1.8102177275286786,86.2990183,1,9.08745,,5,0,0,False
PDS 70,3972.0,-0.45593,0.76,1.26,4.120072502045666,,0.0054,2.05332434594984,38.0431872,1,11.5848,K,2,0,0,True
HD 202772 A,6272.0,0.97128,1.72,2.591,3.848,0.3,1.7,2.2081671483739815,62.0697438,2,8.22688,,1,0,0,False
K2-354,3669.0,-1.56335158956945,0.43,0.41,4.86,-0.04,,1.9624735159608007,16.6789855,1,14.3753,,1,0,0,False
K2-268,5035.99,-0.42942,0.839,0.801255,4.55429,0.0848,,2.515586425751736,8.1952795,1,13.5627,,5,0,0,False
HAT-P-63,5400.0,-0.1463,0.925,0.9661,4.435,0.251,9.0,2.605798331331649,14.8739392,1,13.5106,,1,0,0,False
K2-331,5994.0,0.11436853493533178,1.1,1.06,4.43,0.08,,2.325166609792962,20.9050377,1,11.1945,,2,0,0,False
K2-332,3266.0,-2.06542,0.264883,0.289676,4.9373,,,2.0906177580062772,18.7823576,1,16.4791,,1,1,1,False
K2-333,5790.68,0.16523,1.04,1.20174,4.29548,0.1182,,2.536545817548436,12.4283066,1,11.9866,,1,0,0,False
K2-114,4920.0,-0.44491,0.86,0.824,4.542,0.41,7.2,2.677386099800138,13.3759285,1,14.2751,,1,0,0,False
K2-334,6315.68,0.51362,1.24,1.50876,4.17425,0.1463,,2.570336250589558,13.2781203,1,11.3479,,1,0,0,False
K2-335,6272.0,0.39509,1.22,1.33471,4.27365,,,2.7466287507647436,11.1451596,1,12.4741,,1,0,0,False
K2-337,5940.0,0.24964,1.08,1.25863,4.27169,,,2.624937684590342,24.9723271,1,12.2299,,1,0,0,False
K2-338,4504.0,-0.83644,0.708,0.626953,4.69363,,,2.1957640871153754,59.0822143,1,13.0455,,1,0,0,False
K2-341,5857.31,0.12566,1.058,1.12225,4.36238,0.056,,2.624702775987023,15.0962096,1,12.5585,,1,0,0,False
K2-342,5893.31,0.09264,1.07,1.06723,4.41094,-0.0378,,2.3188080956754926,86.9020459,1,11.0702,,1,0,0,False
HR 858,6354.0,0.36361,1.204,1.258,4.3,0.025,2.0,1.5046611219944936,162.4083969,2,6.25276,,3,0,0,False
K2-343,3630.0,-1.43852,0.480591,0.482593,4.75268,,,2.220550006303196,11.4245832,1,15.1312,,2,0,0,False
K2-344,4374.0,-1.1032028751692124,0.51,0.49,4.76,-0.95,,1.8760393504672788,29.7043118,1,12.7423,,1,0,0,False
K2-345,3675.0,-1.32045,0.535622,0.539401,4.7031,,,2.210607418195075,59.5287316,1,14.6951,,1,0,0,False
K2-347,4391.0,-0.89434,0.687,0.617099,4.69431,,,2.505605748288523,52.5481274,1,14.8131,,1,0,0,False
K2-348,5077.0,-0.36584364498570693,0.83,0.85,4.5,0.13,,2.3050416629767714,34.6136033,1,12.3271,,2,0,0,False
K2-349,4385.0,-1.098839599167448,0.54,0.49,4.78,-0.66,,2.656641449237465,30.6424703,1,14.1826,,1,0,0,False
K2-351,5739.0,0.02389,1.03,1.03974,4.41706,,,2.8418185535901426,16.7482938,1,13.9854,,1,0,0,False
EPIC 212587672,6055.0,0.03848,1.13,0.94987,4.53582,,,2.5052449698485026,28.5573676,1,12.2038,,2,0,0,False
K2-352,5756.75,-0.06326,1.03,0.934695,4.50956,0.053,,2.245638496280662,21.492825,1,11.1147,,3,0,0,False
EPIC 212297394,5008.0,-0.46654,0.831,0.776343,4.57756,,,2.6215864858845896,23.1565785,1,14.1864,,2,0,0,False
WASP-156,4987.0,-0.41794,0.8712,0.8268,4.541,0.305,5.6,2.086594713341767,84.3131056,1,11.3227,,1,0,0,False
K2-222,6058.0,0.15705992183588247,1.0,1.09,4.37,-0.21,,2.0056994674621613,86.9642815,1,9.36072,,1,0,0,False
K2-105,5411.15,-0.18892,0.941,0.915405,4.48843,0.3277,,2.296641062120082,8.5017779,1,11.7124,,1,0,0,False
Kepler-1705,6312.0,0.35411,1.139,1.259,4.298,-0.2,2.59,3.213116480128804,2.9896925,1,15.4974,,2,0,0,False
WASP-166,6050.0,0.2526310099266594,1.19,1.22,4.34,0.19,2.1,2.0575634126891855,56.1556887,1,9.257,F,1,0,0,False
K2-271,5545.28,-0.04982,0.98,1.02304,4.4095,-0.422,,2.75162855501178,35.900347,1,13.6582,,1,0,0,False
K2-275,4783.55,-0.59332,0.772,0.735345,4.5927,-0.023,,2.0914488764705133,16.3822333,1,11.8139,,2,0,0,False
WASP-107,4425.0,-0.87943,0.683,0.67,4.633,0.02,3.4,1.8111820865664097,97.1108843,1,11.174,,2,0,0,False
WASP-176,5941.0,0.6171895271630745,1.345,1.925,3.995,0.164,4.81,2.7546693502843356,7.9298352,1,11.9392,F,1,0,0,False
NGTS-17,5650.0,0.21334645576901032,1.025,1.337,4.0,0.15,9.22,3.017150248999078,11.8138267,1,14.2136,G,1,0,0,False
NGTS-1,3902.0,-1.17166,0.561044,0.567866,4.67857,,,2.3386974800907345,51.9692576,1,14.8661,,1,0,0,False
Qatar-6,5052.0,-0.51428,0.822,0.722,4.636,-0.025,1.02,2.0036672897815397,54.3234695,2,11.1249,K,1,0,0,False
NGTS-15,5600.0,-0.0952612925997208,0.995,0.954,4.4,0.15,3.28,2.895690444086642,5.8370032,1,14.4299,G,1,0,0,False
K2-266,4285.0,-0.82333,0.686,0.703,4.581,-0.12,,1.8896299610853398,89.2844676,2,11.3527,,4,0,0,False
NGTS-3 A,5457.0,-0.12977,0.95,0.963518,4.44807,,,2.8715565908223293,12.4519372,2,14.4878,,1,0,0,False
TOI-1266,3563.0,-1.58021,0.437,0.4232,4.826,-0.109,4.6,1.5564448295226392,152.7729383,1,12.1222,M,3,1,1,False
HAT-P-64,6457.0,0.66839,1.298,1.735,4.072,-0.113,2.88,2.814178982441562,8.6899889,1,12.6221,,1,0,0,False
NGTS-8,5241.0,-0.18700135983734947,0.89,0.98,4.41,0.24,12.48,2.6324329953102934,23.6701599,1,13.4954,K,1,0,0,False
NGTS-10,4600.0,-0.7096132671103976,0.696,0.697,4.595,-0.02,10.4,,9.8472736,1,14.2604,K,1,0,0,False
KELT-9,10170.0,1.72428,2.52,2.362,4.093,-0.03,0.3,2.310597735804306,27.2235097,2,7.57675,B,1,0,0,False
NGTS-13,5819.0,0.5172,1.3,1.788,4.04,0.25,4.23,2.8113034869609033,21.1492689,1,12.5691,,1,0,0,False
TRAPPIST-1,2550.0,-3.27984,0.08,0.117,5.206718263499621,0.04,0.5,,1026.5792712,1,15.6451,,7,4,1,True
HD 213885,5978.0,0.13862,1.068,1.1011,4.3827,-0.04,3.8,1.6820394243254364,137.3844076,1,7.80173,G,2,0,0,False
EPIC 201595106,5679.0,-0.04915,0.958,0.98,4.435,0.01,6.0,2.3656751404559175,25.0015387,1,11.6477,,2,0,0,False
HD 15337,5131.0,-0.32606,0.851,0.839,4.37,0.03,7.5,1.651428246146302,224.0446769,1,8.85598,,2,0,0,False
Teegarden's Star,2904.0,-3.13668,0.089,0.107,5.330622451274494,-0.19,8.0,0.5832872113593467,5123.3319204,1,12.2746,M,3,2,1,True
K2-147,3672.0,-1.29243,0.583,0.554,4.72,0.19,,1.956885576930006,150.8428345,1,13.1913,,1,0,0,False
K2-211,5117.0,-0.383,0.851,0.818,4.543,0.134,6.5,2.4350428565782205,49.7001927,1,12.9329,,1,0,0,False
K2-260,6860.0,0.78817,1.637,1.755,4.161,0.334,0.65,2.822059492173577,6.0818641,1,12.4667,,1,0,0,False
K2-181,5520.0,-0.04431,1.022,1.04,4.413,0.385,5.9,2.557400118874411,37.3382669,1,12.5618,,1,0,0,False
K2-204,5783.0,0.19866,1.076,1.253,4.273,0.21,6.5,2.761352656181038,30.6142833,1,12.8893,,1,0,0,False
K2-167,6310.0,0.50651,1.084,1.499,4.122,-0.456,5.3,1.9079453006276563,136.1222528,1,8.103581,,1,0,0,False
TOI-1231,3553.0,-1.48678,0.485,0.476,4.767,0.041,,1.4412661267332427,372.4055372,1,11.36,M,1,1,1,False
LHS 1815,3643.0,-1.38722,0.502,0.501,4.77,-0.12,,1.4748337472471122,762.7611976,1,11.2362,M,1,0,0,False
TOI-150,6255.0,0.49651,1.351,1.526,4.13,0.28,2.346,2.5266842493511783,31.1174722,1,11.3408,F,1,0,0,False
TOI-1062,5328.0,-0.29229471325997075,0.94,0.84,4.55,0.14,2.5,1.9147307281688593,112.1401754,1,10.0008,G,2,0,0,False
TOI-431,4891.0,-0.56509,0.8,0.726632,4.61853,0.02,,1.5127990903013624,151.6996086,1,8.79171,,3,0,0,False
HATS-22,4724.49,-0.54908,0.757,0.793235,4.51836,0.0242,,2.360816750849879,26.8180485,1,13.1225,,1,0,0,False
LHS 1140,3096.0,-2.42022,0.1844,0.2159,5.041,-0.15,5.0,1.1756886262537605,675.8787442,1,12.6706,M,2,1,1,False
TOI-421,5291.0,-0.2779233198697922,0.833,0.866,4.48,-0.044,10.9,1.8738835986560005,61.7961187,2,9.77776,G,2,0,0,False
TOI-1685,3434.0,-1.51856,0.495,0.492,4.85,-0.13,1.3,1.5753645298751322,94.7828028,1,12.2956,M,1,0,0,False
HD 158259,5801.89,0.21275,1.04,1.26442,4.25132,,,1.4321640583809436,103.6993176,1,6.30694,,5,0,0,False
Kepler-1793,5300.76,-0.23389,0.91,0.905795,4.48305,0.191,,3.0755031647827247,4.7753753,1,15.9003,,1,0,0,False
Kepler-1850,4401.0,-0.9445524110002707,0.611,0.581,4.7,,13.8,2.3982855695646363,21.824292,1,14.0882,,1,0,0,False
Kepler-1907,4866.0,-0.6527784410473049,0.673,0.665,4.622371773617768,-0.47,8.91,2.4655479114732133,33.2813811,1,13.7309,,2,0,0,True
Kepler-1937,6450.0,0.36527112032142944,1.181,1.222,4.336,-0.06,,2.9566816898979624,1.5094273,1,14.0864,,1,0,0,False
Kepler-1773,6136.0,0.40462,1.16,1.40991,4.20414,,,2.8333097027554377,2.4777725,1,12.9455,,1,0,0,False
Kepler-1488,5757.09,0.58748,1.03,1.97691,3.85893,0.0432,,2.957044302670872,9.3339465,1,13.0767,,2,0,0,False
KOI-1783,6215.0,0.0884782574316289,1.027,0.957,4.488,-0.3,,2.9373824673136526,18.0179028,1,13.9061,,2,0,0,False
Kepler-1890,5981.61,0.26655,1.1,1.26559,4.27487,-0.1607,,2.723944696249453,11.2697726,1,12.779,,1,0,0,False
Kepler-1782,4931.0,-0.5439780200760208,0.794,0.734,4.605,0.0,,2.4854261193977463,24.9230991,1,13.7041,,1,0,0,False
Kepler-1766,5788.86,0.17488,1.039,1.21593,4.28487,-0.2396,,2.7000361903660512,9.6573105,1,12.8705,,1,0,0,False
Kepler-1955,5825.26,0.22965,1.05,1.27893,4.24557,0.2073,,2.6525857125204806,8.3994405,1,12.5298,,1,0,0,False
Kepler-1823,6000.0,0.16857163253251664,1.068,1.126,4.363,0.06,,2.860320634444273,9.2492505,1,13.3209,,1,0,0,False
Kepler-1743,5624.37,0.59938,1.0,2.09988,3.79368,0.1973,,2.7314332292959844,0.9813192,1,11.9354,,1,0,0,False
Kepler-1315,4710.62,-0.62783,0.75,0.728751,4.58797,0.32,,2.6820267804780684,17.6278086,1,14.9517,,2,0,0,False
Kepler-1860,5491.41,-0.18091,0.96,0.897077,4.51468,0.328,,2.6421706042681565,28.1065656,1,13.4381,,1,0,0,False
Kepler-487,5444.0,-0.21447233960718698,0.91,0.88,4.51,0.0,5.62,2.940687280480476,11.4807252,1,15.0647,,3,0,0,False
Kepler-1864,5758.53,0.03004,1.031,1.04004,4.41722,0.0575,,2.475517197096673,10.6454947,1,12.0365,,1,0,0,False
Kepler-1943,5732.29,0.44535,1.02,1.69306,3.98932,0.2167,,3.001971557991861,5.3299636,1,13.7453,,1,0,0,False
Kepler-1929,5686.6,0.5928,1.01,2.03867,3.8237,-0.0426,,2.7060355152874607,10.7330572,1,12.072,,1,0,0,False
Kepler-633,5899.0,0.15739911535110143,1.02,1.15,4.32,-0.05,6.03,2.8328536567527802,11.5738164,1,,,2,0,0,False
TOI-561,5326.0,-0.28233,0.805,0.832,4.5,-0.41,10.0,1.9334822261119597,124.6638566,1,10.0128,,4,0,0,False
LTT 1445 A,3384.0,-2.04591,0.249439,0.275953,4.95336,,,0.8369118513220158,456.5121099,3,10.0469,,2,0,0,False
TOI-2076,5192.0,-0.37779,0.8557,0.796,4.566,0.02,2.7,1.6223083344384588,118.4334656,1,8.91028,,3,0,0,False
Kepler-1882,5579.42,0.23674,0.98,1.40555,4.1336,0.2975,,2.6467672833841123,7.4489617,1,12.4303,,1,0,0,False
KELT-23 A,5899.0,0.03383,0.944,0.996,4.417,-0.105,6.4,2.101269224661556,12.2248073,2,10.182,G,1,0,0,False
Kepler-1843,5491.0,0.3605617500169662,0.932,1.677,3.959,-0.2,,2.8946621416587672,21.2142693,1,12.9086,,1,0,0,False
TOI-1478,5597.0,-0.01278,0.947,1.048,4.374,0.078,9.1,2.1843847617579666,68.4448538,1,10.6624,,1,0,0,False
TOI-677,6295.0,0.36329272703854987,1.181,1.28,4.291,0.0,2.92,2.151712981998522,49.1438276,1,9.66082,F,1,0,0,False
Kepler-1719,5752.63,0.52557,1.03,1.84376,3.9195,0.0918,,2.956843368178073,18.9179764,1,13.3258,,1,0,0,False
V1298 Tau,4941.0,0.03902,1.26,1.43,4.227,,0.0125,2.034223246939785,16.9054651,3,10.0702,,4,0,0,False
Kepler-1665,5049.84,-0.45048,0.842,0.777785,4.58166,-0.013,,2.5257119411118816,32.281662,1,13.5913,,1,0,0,False
Kepler-1715,6033.33,0.41691,1.12,1.47908,4.1473,-0.0447,,2.7181735605042454,11.1955025,1,12.3012,,1,0,0,False
Kepler-1861,5783.31,0.30017,1.04,1.40729,4.15833,0.2667,,2.919070243609695,3.4448571,1,13.6519,,1,0,0,False
Kepler-1947,5992.88,0.11057,1.104,1.05358,4.4357,0.1646,,2.6709607366927544,4.6510521,1,12.877,,1,0,0,False
Kepler-1870,5601.0,-0.0034361288282091147,0.865,1.06,4.33,,13.4,2.6098248336096384,6.7421577,1,13.4199,,1,0,0,False
Kepler-783,5411.49,-0.23092,0.94,0.872088,4.53007,-0.03,,2.7127254440595,12.1501005,1,13.9378,,2,0,0,False
WASP-172,6900.0,0.8703529474117637,1.49,1.91,4.05,-0.1,1.79,2.730871062859475,15.9842834,1,11.0099,F,1,0,0,False
K2-287,5695.0,0.03363231899818332,1.056,1.07,4.398,0.2,4.5,2.1995769264020057,18.4786025,1,11.067,,1,0,0,False
Kepler-1827,5190.0,0.3815178498380785,0.976,1.923,3.8614912491897324,-0.05,10.96,2.836615868643537,16.6589067,1,13.0059,,1,0,0,True
Kepler-1655,6148.0,0.13349973468846202,1.03,1.03,4.36,-0.24,2.56,2.3289094048711885,44.8268376,1,11.0141,G,1,0,0,False
Kepler-1698,4975.03,-0.51767,0.822,0.741698,4.61249,0.08,,2.3470273676647606,14.6246151,1,12.8761,,1,0,0,False
Kepler-1718,5839.24,-0.0399,1.053,0.933238,4.52051,-0.3075,,2.574635385278193,8.007797,1,12.735,,1,0,0,False
Kepler-1700,6299.0,0.2841179954575183,1.249,1.167,4.401,0.21,,2.855880614419858,12.6541815,1,13.6285,,1,0,0,False
Kepler-1816,4906.0,-0.53145,0.803,0.750709,4.59184,-0.23,,2.641298572468804,31.5695411,1,14.4553,,1,0,0,False
Kepler-1090,5321.0,-0.3155094095663896,0.86,0.82,4.55,-0.04,4.37,2.9338768645229125,4.0125301,1,14.9963,,2,1,1,False
Kepler-1863,5828.35,0.40952,1.05,1.57153,4.06661,-0.486,,2.9372901536848945,11.4382566,1,13.4479,,1,0,0,False
Kepler-1775,5910.19,0.24607,1.08,1.26615,4.26652,0.138,,2.8175805729056655,7.4384409,1,13.2765,,1,0,0,False
Kepler-1834,4899.0,-0.6077242974589935,0.714,0.691,4.61,,12.2,2.699312961526462,7.1740785,1,14.9047,,2,0,0,False
Kepler-1814,4922.0,-0.4477440421410381,0.79,0.823,4.505,0.2,,2.861143549205534,2.6393421,1,15.607,,2,0,0,False
Kepler-1667,5941.54,0.12316,1.09,1.08751,4.40263,-0.2603,,2.797142152235121,22.0936552,1,13.4461,,1,0,0,False
Kepler-1709,5789.91,0.11547,1.039,1.13513,4.34459,0.0462,,2.4376649635018466,31.8710354,1,11.6176,,1,0,0,False
Kepler-1936,6397.79,0.45627,1.28,1.37635,4.26782,0.082,,2.9400660194999815,1.2193342,1,13.3235,,1,0,0,False
Kepler-1809,4922.21,-0.47061,0.808,0.799884,4.53942,0.03,,2.612362068541122,42.4441212,1,14.1375,,1,0,0,False
Kepler-1731,4923.57,-0.59961,0.808,0.689105,4.66891,0.0787,,2.2303160580389685,35.9023141,1,12.4974,,1,0,0,False
Kepler-1514,6145.0,0.32838,1.196,1.289,4.295,0.119,2.9,2.5991098200494847,10.0411048,1,11.8292,,2,0,0,False
Kepler-511,6023.54,0.49754,1.12,1.62825,4.06384,-0.341,,2.814246929635578,25.2926342,1,12.5832,,2,0,0,False
Kepler-1675,5853.19,0.12938,1.06,1.12865,4.35826,0.2537,,2.8136590344803785,3.9235881,1,13.5535,,1,0,0,False
Kepler-1879,5854.91,0.38444,1.06,1.51298,4.10371,-0.044,,2.797385968631815,11.3627705,1,12.7877,,1,0,0,False
Kepler-598,5245.0,-0.25753,0.9,0.900316,4.48352,0.03,,2.833201953274481,7.2346304,1,14.7207,,2,0,0,False
Kepler-1750,5803.0,-0.11346136253735399,0.98,0.87,4.55,,0.5,3.175317526051046,3.3900752,1,15.5339,,1,1,1,False
Kepler-1913,6202.0,0.21366285514583264,1.113,1.11,4.395,0.0,,2.942652811693212,15.5761594,1,14.658,,1,0,0,False
HD 191939,5348.0,-0.18709,0.81,0.94,4.3,-0.15,8.7,1.7292368960365123,163.2826562,1,8.77476,G,6,1,1,False
Kepler-1815,5480.0,-0.14573220889583868,0.832,0.94,4.41,,13.5,3.002869869276211,11.8794487,1,15.3701,,1,0,0,False
Kepler-1732,5838.73,0.29575,1.05,1.37369,4.18348,0.095,,3.1103910340525167,7.8957719,1,14.7163,,1,0,0,False
Kepler-1694,4954.0,-0.50811,0.82,0.756284,4.59451,,,2.710395799979077,22.8514941,1,14.7519,,1,0,0,False
KOI-1599,5823.0,-0.011190459748062499,1.02,0.972,4.472,0.06,,3.0537082900329677,2.3766644,1,14.854,,2,0,0,False
Kepler-1819,6090.0,0.15093796216250027,1.173,1.071,4.447,0.21,,3.1345563915652686,7.4587073,1,15.3187,,1,0,0,False
K2-277,5680.0,-0.05061,0.974,0.973,4.452,0.078,4.9,2.0535509140108994,105.0691656,1,10.1214,,1,0,0,False
TOI-1518,9918.0,1.46168,2.537,1.82241,4.32109,,,2.35389316021559,8.9026839,1,8.89529,,1,0,0,False
TOI-813,5907.0,0.6139611932588622,1.32,1.94,3.86,0.1,3.73,2.420195122432189,4.6592741,1,10.2352,,1,0,0,False
WASP-186,6361.0,0.501626101769769,1.22,1.47,4.193,-0.08,3.1,2.4448470306405556,23.5522565,1,10.6509,F,1,0,0,False
TOI-532,3927.0,-1.09528,0.639,0.612,4.669,0.338,7.1,2.1304849410009443,44.6948479,1,13.6645,,1,0,0,False
TOI-1431,7690.0,1.06819,1.9,1.92,4.15,0.09,0.29,2.1729676087708825,26.5986578,1,7.97561,A,1,0,0,False
WASP-148,5555.0,-0.13906,0.954,0.912,4.496,0.099,3.6,2.3915578553282515,30.2312754,1,12.0845,,2,0,0,False
HD 63433,5634.0,-0.11748,0.9883,0.9169,4.508,0.079,1.5,1.3503158715460661,15.1178736,1,6.71831,,3,0,0,False
Kepler-1875,6100.0,0.4066,1.15,1.42986,4.18818,,,3.2202258025173416,6.2079531,1,15.0014,,1,0,0,False
Kepler-1914,5982.0,0.024817950827621765,1.047,0.96,4.493,-0.04,,3.2099330228127676,2.3366863,1,15.6826,,1,0,0,False
Kepler-1722,5500.0,-0.2849251347427966,0.859,0.795,4.57,-0.2,,2.887776474968565,12.3014784,1,14.8579,,1,0,0,False
Kepler-1836,6123.0,0.08938119304949274,1.053,0.987,4.472,-0.14,,3.1680906944366596,10.8865645,1,15.623,,1,0,0,False
Kepler-1717,6591.89,0.59298,1.37,1.51748,4.21254,-0.06,,3.003800768483399,7.8016952,1,13.3,,1,0,0,False
Kepler-1771,5861.0,-0.09419029464110276,0.966,0.872,4.541,-0.18,,2.75262609791166,8.8734295,1,13.7005,,1,0,0,False
Kepler-462,7500.0,0.8449342083525552,1.59,1.57,4.22,0.05,0.5,2.7757014473743005,1.356876,1,11.6145,,2,0,0,False
Kepler-1764,6085.02,0.41465,1.14,1.45028,4.17207,0.0114,,3.188219541622006,5.663339,1,14.7454,,1,0,0,False
Kepler-1871,5318.1,0.00294,0.92,1.18198,4.25663,0.376,,2.9317745765676175,6.0109919,1,14.544,,1,0,0,False
Kepler-1832,5278.15,-0.33658,0.91,0.811707,4.57831,-0.42,,2.686791729582479,30.1792274,1,14.3752,,1,0,0,False
Kepler-1784,5442.0,-0.12695808650052604,0.887,0.974,4.409,0.1,,2.9459828358014812,9.3618569,1,15.1562,,1,0,0,False
HR 5183,5794.0,0.3741866750734571,1.07,1.53,4.02,0.1,7.7,1.4977683814390557,522.212304,2,6.17464,,1,0,0,False
Kepler-1821,5524.03,-0.12374,0.97,0.946827,4.4723,0.104,,2.902926552945169,4.4297019,1,14.6369,,1,0,0,False
WASP-153,5914.0,0.5165073369852736,1.336,1.73,4.1,0.34,4.0,2.7854551215749104,8.7825174,1,12.4967,G,1,0,0,False
Kepler-1727,5298.27,-0.25065,0.91,0.889319,4.49899,0.1737,,2.9514283516544633,8.8529595,1,15.3759,,1,0,0,False
Kepler-1909,4962.52,-0.57623,0.819,0.696842,4.66508,-0.2226,,2.8829011805451064,11.0232962,1,15.7907,,1,0,0,False
Kepler-1952,5973.0,0.2888809323041747,0.922,1.305,4.171,-0.34,,2.9304711972059185,5.891628,1,13.8909,,1,0,0,False
LTT 3780,3358.0,-1.78252,0.381,0.38,4.85,0.06,3.1,1.3420553492754626,421.9000381,2,11.8465,,2,0,0,False
Kepler-1684,4706.54,-0.70657,0.75,0.666755,4.6652,0.1267,,2.7937875917912796,3.904733,1,15.765,,1,0,0,False
Kepler-1896,6122.0,0.09698182785994819,1.07,0.996,4.471,-0.1,,3.238776007885096,2.5744023,1,15.7001,,1,0,0,False
HATS-57,5587.0,-0.0942,1.026,0.96,4.484,0.268,2.5,2.4463585042008313,18.9634557,1,12.1816,,1,0,0,False
KELT-20,8720.0,1.1038,1.76,1.565,4.29,-0.29,0.6,2.13489714583719,6.8917079,1,7.57492,A,1,0,0,False
TIC 172900988 Aa,6050.0,0.3624345298213431,1.2384,1.3844,4.2484,0.34,3.1,2.399597583503794,23.8636095,2,10.0477,F,1,0,0,False
GJ 9827,4236.0,-1.00436,0.62,0.58,4.7,-0.29,5.465,1.472185788875804,433.6784124,1,9.83773,K,3,0,0,False
L 98-59,3415.0,-1.94769,0.273,0.303,4.86,-0.46,0.8,1.0260999796408983,353.4129312,1,10.5976,M,4,0,0,False
L 168-9,3842.0,0.0723,0.614,0.604,4.84,-0.03,,1.4005310820689152,344.5330543,1,10.2316,M,1,0,0,False
G 9-40,3348.0,-1.97102,0.29,0.3073,4.926,0.04,9.9,1.4460336155598887,363.6302602,1,12.7331,M,1,0,0,False
Kepler-1768,6047.0,0.4647419547687376,1.202,1.559,4.132,0.14,,2.8012431354563017,0.7493309,1,13.4376,,1,0,0,False
Kepler-1664,5812.0,0.052570870611099135,0.937,1.05,4.37,,8.2,2.7970534577789508,4.4032922,1,13.5307,,1,0,0,False
Kepler-1951,5497.0,-0.17812218329114057,0.782,0.9,4.423,-0.28,,3.106299712317861,6.7797504,1,14.1599,,1,0,0,False
TOI-172,5645.0,0.4609,1.128,1.777,3.993,0.148,7.4,2.535080085480532,54.4541705,1,11.1927,,1,0,0,False
HATS-41,6424.0,0.65321,1.496,1.71,4.14,0.47,1.34,2.8678609441946525,4.7600917,1,12.5892,,1,0,0,False
GJ 486,3291.0,-1.9165,0.333,0.339,4.82,-0.15,4.0,0.9071027300566162,1108.4628997,1,10.094,M,1,0,0,False
TOI-1444,5460.0,-0.17587,0.9513,0.9105,4.496,0.146,3.8,2.098515667928469,50.8049427,1,10.6417,,1,0,0,False
HD 63935,5513.0,-0.11464,0.9406,0.9598,4.445,0.107,6.6,1.6899646901125092,204.496598,1,8.39353,,2,0,0,False
HATS-45,6450.0,0.42488,1.272,1.315,4.305,0.02,1.52,2.887679177265605,4.8666324,1,13.2385,,1,0,0,False
TOI-163,6495.0,0.63649,1.4352,1.648,4.187,0.22,1.823,2.6146009092728226,17.8629324,1,11.2193,F,1,0,0,False
TOI-837,5995.0,0.1271,1.142,1.052,4.453,0.01,0.035,2.1537782906376646,21.27059,1,10.356,F,1,0,0,False
TOI-220,5272.71,-0.26668,0.9,0.881545,4.50182,-0.1007,,1.9577997321572478,70.6444014,1,10.1897,,1,0,0,False
Kepler-1941,6404.0,0.2940273507759944,1.175,1.142,4.393,-0.06,,3.1744639527301364,5.5619451,1,14.6228,,1,0,0,False
TOI-1807,4730.0,-0.66756,0.76,0.69,4.55,-0.04,0.3,1.629180157617113,127.6826101,1,9.67517,,1,0,0,False
HAT-P-59,5678.0,0.05385,1.008,1.1038,4.356,0.217,7.3,2.424017085764521,21.8140942,1,11.6787,,1,0,0,False
Kepler-1939,4525.59,-0.80789,0.712,0.641737,4.67583,0.2962,,2.278371711105706,32.5925741,1,13.3976,,1,0,0,False
Kepler-1804,5109.0,0.23218636048312405,0.929,1.671,3.96,0.1,,2.6379457993697,0.7804002,1,14.4269,,1,0,0,False
Kepler-1666,6297.0,0.17594195374257185,1.084,1.031,4.448,-0.2,,3.1396807762591727,2.5677391,1,15.0151,,2,0,0,False
Kepler-1877,5459.59,-0.07722,0.954,1.02263,4.39818,0.1584,,2.455320038128106,15.9834762,1,12.2289,,1,0,0,False
Kepler-1778,6303.0,0.19345767660962376,1.13,1.05,4.45,,0.3,3.105949366461901,2.1052988,1,15.0421,,1,0,0,False
Kepler-1742,5767.0,-0.14345122421994755,0.937,0.851,4.55,-0.18,,2.8257979327578617,8.7004749,1,14.3735,,1,0,0,False
Kepler-1765,5639.0,-0.01662732226895546,0.88,1.03,4.35,,11.9,2.883352493663155,9.0717297,1,14.8213,,1,0,0,False
Kepler-1676,6122.0,0.09698182785994819,1.07,0.996,4.471,-0.1,,,9.7856416,1,,,1,0,0,False
Kepler-1735,3939.0,-1.233559539526547,0.54,0.52,4.738,-0.25,,2.389702859561782,30.315397,1,15.2237,,1,0,0,False
Kepler-616,5556.24,-0.11149,0.98,0.949172,4.4746,0.1805,,2.9757878299738203,9.4779473,1,14.9475,,3,0,0,False
Kepler-1792,5229.0,-0.16910345920107483,0.878,1.005,4.378,0.32,,2.778895427470499,3.954778,1,15.1726,,1,0,0,False
WASP-164,5806.0,-0.05277019934213019,0.946,0.932,4.47705931169383,-0.01,4.08,2.5152192607950448,20.2995882,1,12.4679,G,1,0,0,True
LHS 3844,3036.0,-2.56543,0.151,0.189,5.06,,,1.172737168164676,800.1786051,1,13.3925,M,1,0,0,False
Kepler-1711,5757.0,0.05081727317289857,0.949,1.068,4.358,-0.02,,2.7710492395991007,11.5056702,1,13.1844,,1,0,0,False
Kepler-1858,5058.9,-0.45269,0.84,0.773028,4.58596,0.2074,,2.9206736753659466,8.4921897,1,15.6406,,1,0,0,False
Kepler-1733,6276.71,0.42985,1.23,1.38712,4.24374,0.14,,3.318169807576398,7.4068579,1,15.357,,1,0,0,False
LP 714-47,3950.0,-1.12494,0.59,0.584,4.64,0.41,,1.7211178288512,203.4340696,1,11.7282,M,1,0,0,False
GJ 1252,3458.0,-1.70774,0.381,0.391,4.836571460883886,0.1,,1.309054985186408,1301.7499099,1,11.2364,M,1,0,0,True
TOI-776,3709.0,-1.3098,0.544,0.538,4.727,-0.2,7.8,1.4340912368488172,289.9988794,1,10.7409,M,2,0,0,False
HD 183579,5788.0,0.012,1.031,0.985,4.5,-0.023,2.6,1.7578900234485169,136.334626,1,8.51549,,1,0,0,False
TOI-1298,5752.0,0.32056,1.2187,1.4536,4.194,0.397,4.3,2.5038396915813554,57.0606264,1,11.4038,,1,0,0,False
TOI-1842,6230.0,0.74036,1.46,2.02,4.1,0.22,2.49,2.3492095118206553,25.1267237,1,9.65981,,1,0,0,False
HIP 97166,5216.0,-0.32514,0.9342,0.8418,4.557,0.248,1.2,1.8192154584027065,33.6362505,1,9.68443,,2,0,0,False
HATS-24,6346.0,0.29226,1.212,1.172,4.384,0.0,0.88,2.69388692268678,17.6067397,1,12.6911,F,1,0,0,False
HATS-52,5790.35,0.02415,1.04,1.02168,4.43647,-0.2843,,2.7443978271520595,29.1925323,1,13.6269,,1,0,0,False
WASP-190,6400.0,0.5858497112146859,1.35,1.6,4.17,-0.02,,2.7342003615974,39.3074383,1,11.6333,F,1,0,0,False
TOI-270,3506.0,-1.7122,0.386,0.378,4.872,-0.2,,1.3517827832817821,282.2188579,1,11.6306,M,3,0,0,False
WASP-91,4935.4,-0.35713,0.81,0.906655,4.43167,0.32,,2.1759232993817155,96.200355,1,11.6236,,1,0,0,False
TOI-125,5282.0,-0.29328,0.871,0.852,4.518,0.069,6.6,2.045553758669799,171.6667708,1,10.718,K,3,0,0,False
TOI-178,4316.0,-0.87943,0.65,0.651,4.45,-0.23,7.1,1.7972606142287193,173.4904992,1,11.1523,K,6,0,0,False
HAT-P-62,5629.0,0.09061,1.023,1.17,4.312,0.414,8.1,2.5425951525138486,46.1882599,1,12.4362,,1,0,0,False
Kepler-1925,6003.0,0.0051950480987455055,1.019,0.932,4.507,-0.14,,3.2482945744637486,17.8610989,1,15.1821,,1,0,0,False
Kepler-1663,3743.0,-1.3738386815179977,0.51,0.49,4.765,0.06,,2.5288216076438776,40.3012411,1,15.6164,,1,0,0,False
Kepler-1713,6334.8,0.48598,1.25,1.4527,4.21063,-0.1135,,2.4702531520195796,12.1540246,1,10.8652,,1,0,0,False
HD 110113,5732.0,-0.042134708514697784,0.997,0.968,4.46,0.14,4.0,2.0265618624657393,14.1817746,1,9.91036,G,2,0,0,False
Ross 128,3192.0,-2.44129,0.168,0.1967,5.077700561887189,-0.02,5.0,0.528214580403417,1365.9371779,1,9.59067,M,1,1,1,True
HATS-75,3790.4,-1.19661,0.6017,0.5848,4.6831,0.522,14.9,2.2899544265177996,12.9903746,1,14.9033,,1,0,0,False
TOI-216,5025.77,-0.43243,0.84,0.801736,4.55428,0.3163,,2.2502857894574997,60.7523014,1,12.1631,,2,0,0,False
Kepler-1892,5379.0,-0.3626767883437487,0.866,0.76,4.61,,0.5,2.9302331028851385,8.6510558,1,15.4008,,1,0,0,False
Kepler-1673,6014.95,0.17906,1.11,1.13166,4.37596,0.228,,2.8616461063542715,3.909737,1,13.5988,,1,0,0,False
TOI-1130,4250.0,-0.85387,0.684,0.687,4.6,0.2,8.2,1.7653771892174073,29.9323414,1,10.9028,K,2,0,0,False
K2-180,5365.0,-0.41341,0.735,0.719,4.591,-0.578,7.5,2.309408705940144,131.9404907,1,12.4039,,1,0,0,False
K2-203,5026.0,-0.47237,0.793,0.765,4.57,-0.021,6.9,2.220492503934271,11.2473261,1,12.1219,,1,0,0,False
WASP-160 B,5298.0,-0.27362288383488,0.87,0.868,4.502479802265635,0.27,9.75,2.4598838069646827,44.0540243,2,12.8842,K,1,0,0,True
HATS-56,6536.0,0.89763,1.573,2.201,3.949,0.19,1.894,2.751593930346615,9.0953519,1,11.4877,,1,0,0,False
TOI-257,6095.0,0.63649,1.407,1.867,4.044,0.175,,1.885942152576614,101.8127398,1,7.41653,,1,0,0,False
TIC 257060897,6019.0,0.624,1.11,1.88626,3.93219,,,2.70389553002088,15.3973767,1,11.6659,,1,0,0,False
WASP-126,5800.0,0.2142092661309503,1.12,1.27,4.28,0.17,6.4,2.3355100530153097,82.7103501,1,11.0665,G,2,0,0,False
Kepler-730,5726.0,-0.007062027725108222,1.0,1.01,4.43,0.07,4.68,3.2866899469258475,5.4834702,1,15.6113,,2,0,0,False
TOI-1259 A,4775.0,-0.6274774448941194,0.744,0.711,4.605,-0.5,4.8,2.072271961124958,100.3626174,2,11.8104,,1,0,0,False
2MASS J0249-0557 A,2859.0,-2.22119,0.294905,0.315959,4.90849,,,1.8199471157869926,60.6305959,2,15.6894,,1,0,0,False
Kepler-1767,5172.78,-0.50273,0.88,0.697975,4.69487,-0.3184,,2.9140817612055216,17.4302316,1,15.7151,,1,0,0,False
Kepler-1811,5561.0,0.08459535305995018,0.946,1.19,4.263,0.16,,3.143189732579349,4.6829828,1,15.1431,,1,0,0,False
HATS-64,6554.0,0.86747,1.564,2.113,3.982,0.22,1.861,3.0334840699765824,3.4795044,1,12.839,,1,0,0,False
TOI-1333,6274.0,0.71349,1.464,1.925,4.034,0.119,2.33,2.302097048152356,14.3701802,2,9.35039,,1,0,0,False
AU Mic,3665.0,-0.99,0.6,0.82,4.52,0.12,0.0185,0.9877600838466117,456.8630854,1,7.84038,,3,0,0,False
NGTS-11,5050.0,-0.3936979849766193,0.862,0.832,4.5,0.22,3.9,2.2797171222346555,17.9456049,1,12.1895,K,1,0,0,False
Kepler-1825,5021.85,-0.53158,0.835,0.716362,4.64949,0.0717,,2.6337249165820555,15.6446494,1,14.3827,,1,0,0,False
Kepler-1902,3854.0,-1.2549115695533979,0.534,0.53,4.718,-0.1,,2.5369836914019577,3.2555069,1,15.662,,1,0,0,False
K2-174,4246.81,-0.77269,0.66,0.758892,4.49725,-0.0294,,1.999692845209277,69.8701912,1,12.0082,,1,0,0,False
K2-321,3750.0,-1.20066,0.578,0.595,4.65,0.148,,1.890358413282296,120.4876494,1,12.8241,,1,0,0,False
K2-212,4272.0,-0.8987584606650013,0.67,0.65,4.64,0.03,,2.0382942194718505,165.6720402,1,12.55,,1,0,0,False
WASP-168,6000.0,0.16393089684222517,1.08,1.12,4.37,-0.01,3.96,2.4827892880125932,20.4958447,2,11.7139,F,1,0,0,False
WASP-161,6400.0,0.64738,1.39,1.712,4.111,0.16,,2.5353954014056135,5.4201637,1,10.8987,,1,0,0,False
HATS-62,5416.0,-0.17328,0.896,0.933,4.451,0.133,9.55,2.718557321499462,8.0892581,1,13.8321,,1,0,0,False
HATS-66,6626.0,0.76716,1.411,1.841,4.057,-0.017,2.17,3.1696685572330923,4.2244222,1,14.0086,,1,0,0,False
Kepler-1651,3759.27,-1.41821,0.57,0.460619,4.86726,-0.0215,,1.8222164769598597,49.8624206,2,13.0716,,1,0,0,False
HATS-69,5137.0,-0.31758,0.892,0.8785,4.501,0.377,8.0,2.617563300094217,19.8898058,1,13.7643,,1,0,0,False
HATS-65,6277.0,0.37658,1.257,1.31,4.303,0.199,1.78,2.6931287228279746,3.4984277,2,12.3793,,1,0,0,False
Kepler-1928,5590.44,-0.10324,0.988,0.946541,4.48055,0.0878,,2.513699585893556,4.8427237,1,12.6182,,1,0,0,False
Kepler-1800,5211.68,-0.18759,0.89,0.988327,4.39766,-0.2576,,2.5446322605156513,33.6730359,1,13.0751,,1,0,0,False
HATS-60,5688.0,0.30016,1.097,1.46,4.148,0.335,7.55,2.6870596340015545,4.4594312,1,12.5004,,1,0,0,False
HATS-67,6594.0,0.54654,1.435,1.441,4.278,0.332,0.51,2.9823205407596807,6.1349588,1,13.5596,,1,0,0,False
HATS-68,6147.0,0.59218,1.351,1.748,4.083,0.21,3.02,2.7810045810387805,23.7676199,1,12.1631,,1,0,0,False
HAT-P-70,8450.0,1.22272,1.89,1.858,4.181,-0.059,0.6,2.5194854089631127,5.6591036,1,9.45174,,1,0,0,False
K2-265,5420.0,-0.18243,0.901,0.92,4.465,0.033,7.8,2.1419856473975862,38.1635607,2,10.9277,,1,0,0,False
Kepler-1468,5774.53,0.53118,1.03,1.84166,3.92049,0.2041,,3.2785798484072415,13.9056353,1,14.9515,,3,0,0,False
TOI-269,3514.0,-1.6641369772482322,0.3917,0.398,4.831,-0.29,,1.7560462538784536,123.6176738,1,13.4258,M,1,0,0,False
LP 791-18,2960.0,-2.6968,0.139,0.171,5.115,-0.09,0.5,1.4231262216172262,228.815105,1,15.0715,M,3,0,0,False
HATS-53,5644.0,0.04532,0.964,1.101,4.34,,9.0,2.767727125679337,35.3234729,1,13.6564,,1,0,0,False
WASP-145 A,4900.0,-0.6213080045061852,0.76,0.68,4.65,-0.04,6.99,1.9604660207231235,107.6894627,2,11.3583,K,1,0,0,False
Qatar-8,5738.0,0.22789,1.029,1.315,4.214,0.025,8.3,2.4494753136028202,47.50645,1,11.3494,G,1,0,0,False
WASP-169,6110.0,0.7038788321309883,1.337,2.011,3.958,0.06,3.802,2.797313253633443,13.7259511,1,11.7206,F,1,0,0,False
K2-225,5520.0,0.38202,1.482,1.7,4.148,0.486,0.0121,2.5536136320045477,38.9429518,1,11.5203,,1,0,0,False
TOI-700,3480.0,-1.63264,0.416,0.42,4.81,-0.07,1.5,1.4931302894540246,191.6726911,1,12.0665,M,4,2,1,False
Kepler-1900,6173.0,0.14977641685679802,1.104,1.041,4.447,-0.04,,3.187641967953542,6.0620314,1,15.2816,,1,0,0,False
K2-201,5507.0,-0.19630155261068488,0.956055,0.878161,4.68,0.13,,2.2965160130035183,40.9996292,1,11.9432,,2,0,0,False
K2-155,3919.0,-1.22915,0.54,0.526,4.732,-0.42,,1.8621301861946897,214.7913175,1,12.2528,,3,1,1,False
K2-161,4972.0,0.558262881423397,0.986876,2.568173,3.63,-0.03,,2.962046691813956,16.3978146,1,12.3574,,1,0,0,False
HD 106315,6290.0,0.29003,1.07,1.18,4.29,-0.24,4.0,2.0388307020108196,12.2799626,1,8.88841,F,2,0,0,False
K2-137,3492.0,-1.5839686712004004,0.463,0.442,4.815,0.08,,1.9950930849940414,79.5954471,1,14.4345,M,1,0,0,False
WASP-151,5871.0,0.14154787415088715,1.077,1.14,4.35,0.1,5.1,2.656193103682251,10.5647679,1,12.6278,G,1,0,0,False
K2-187,5374.67,-0.19607,0.93,0.92027,4.47872,0.266,,2.5197177660831542,32.9140281,1,12.8673,,4,0,0,False
K2-158,5489.0,-0.18831306910827403,0.932757,0.892097,4.46,0.07,,2.295124884058159,62.8591925,1,11.6134,,2,0,0,False
K2-182,5128.0,-0.41117,0.823,0.789,4.56,0.022,6.2,2.1898551137896143,65.1770947,1,11.7202,,1,0,0,False
K2-115,5870.0,-0.10791,0.918,0.855,4.538,-0.198,2.2,2.616571079667936,26.6771291,1,13.2,,1,0,0,False
K2-208,5500.0,-0.20135,0.881,0.872,4.503,-0.064,6.1,2.4097421269556474,47.3817757,1,12.3135,,1,0,0,False
K2-169,5401.0,-0.15126,0.939,0.959568,4.44658,,,2.37266718327463,12.3031267,1,12.0063,,1,0,0,False
K2-159,5505.6,-0.28912,0.966,0.787918,4.63008,0.047,,2.2329910308948246,26.5429482,1,11.6397,,1,0,0,False
K2-108,5474.0,0.3921851196362955,1.121,1.75,3.99,0.33,7.8,2.67878688485067,23.73957,1,12.1704,,1,0,0,False
K2-248,5528.0,-0.14926235787703418,0.88,0.92,4.45,-0.1,,2.6087976500961627,37.0105059,1,13.2616,,1,0,0,False
K2-130,4528.0,-0.8062389107739659,0.675067,0.64361,4.62,-0.24,,2.0719224904980478,62.8997076,1,12.3253,,1,0,0,False
K2-191,5012.0,-0.34502,0.832,0.891502,4.45795,,,2.4581662891821643,26.579378,1,12.9948,,1,0,0,False
K2-294,5652.0,0.09584,1.0,1.16458,4.30573,,,2.5717996399271734,22.1495306,1,12.37,,1,0,0,False
K2-207,5522.0,-0.1434807162109858,0.941851,0.928158,4.41,0.11,,2.5599831881129593,45.2973446,1,12.9687,,1,0,0,False
K2-168,5286.5,-0.15043,0.908,1.00254,4.39395,-0.29,,2.3872741177238908,47.271108,1,12.0976,,2,0,0,False
K2-173,5573.35,-0.05981,0.983,1.00118,4.42959,-0.533,,2.359154110911259,67.7448693,1,12.1848,,1,0,0,False
K2-154,3978.0,-1.01773,0.672,0.649,4.645,0.19,,2.111786577671488,34.5756423,1,13.3173,M,2,0,0,False
K2-189,5519.0,-0.20063006853442136,0.94,0.87,4.53,0.0,,2.3840181090480472,60.2307097,1,12.2538,,2,0,0,False
K2-237,6360.0,0.37107,1.263,1.261,4.339,0.137,1.02,2.4983036601716844,10.2149825,1,11.4668,,1,0,0,False
K2-146,3385.0,-1.82391,0.358,0.35,4.906,-0.02,,1.8992742826364797,129.9980836,1,14.9834,M,2,0,0,False
K2-233,4950.0,-0.52288,0.8,0.745,4.71,0.07,0.36,1.8293436617515293,36.9808715,1,10.4191,K,3,0,0,False
Kepler-1649,3240.0,-2.28735,0.1977,0.2317,5.004,-0.15,,1.9646899390550712,168.2260947,1,16.2682,,2,1,1,False
K2-226,5288.0,-0.25337,0.856,0.889,4.473,-0.05,9.6,2.324827554004965,22.382493,1,12.0917,,1,0,0,False
K2-330,6266.98,0.47702,1.221,1.46908,4.19069,-0.082,,2.204459142752743,28.5672002,1,9.51275,,1,0,0,False
K2-250,5003.0,-0.44491,0.809,0.797,4.544,-0.02,8.2,2.617742413281413,51.2570081,1,13.9725,,1,0,0,False
K2-221,5623.0,-0.01879,1.0,1.03115,4.41143,,,2.5035319352984367,17.3704184,1,12.4149,,1,0,0,False
K2-254,4629.0,-0.7330118214998169,0.71,0.67,4.64,-0.14,,2.3575060553099654,13.8643151,1,13.7427,,2,0,0,False
K2-185,5722.0,-0.0946947476548491,0.976219,0.914349,4.58,-0.05,,2.4287129281929203,24.1994031,1,12.0636,,2,0,0,False
K2-133,3798.0,-1.40214,0.456853,0.459697,4.7729,,,1.8760462834918659,191.3593293,1,13.3245,,4,1,1,False
K2-111,5730.0,0.27875,0.88,1.23,4.15,-0.53,10.77,2.3018847141717518,127.3664026,1,10.9294,,2,0,0,False
K2-121,4664.8,-0.74531,0.74,0.649127,4.68264,0.1107,,2.2289082785207137,20.2195641,1,12.9247,,1,0,0,False
K2-175,5929.25,0.49357,1.081,1.67277,4.02502,0.0356,,2.393164403350666,22.1913971,1,10.6251,,1,0,0,False
WASP-147,5909.0,0.29555,1.07,1.3409,4.21266,,,2.639584094949153,8.7482342,1,12.1832,,1,0,0,False
K2-199,4491.0,-0.73283,0.711,0.682,4.624300851416809,-0.01,5.04,2.0314811772402344,61.1741013,1,11.9053,,2,0,0,True
K2-110,5010.0,-0.5415801868599988,0.738,0.713,4.6,-0.34,8.0,2.0662289904544826,111.655564,1,11.6627,K,1,0,0,False
K2-183,5436.47,-0.13179,0.95,0.968558,4.44354,0.0642,,2.517250016382659,4.0098553,1,12.6702,,3,0,0,False
K2-136,4500.0,-0.7765,0.742,0.677,4.68,-0.02,0.65,1.7726692966158357,90.2037185,2,10.8545,,3,0,0,False
EPIC 206024342,5759.0,-0.14731,1.03,0.847822,4.5943,,,2.568070242052569,35.632147,1,12.9682,,3,0,0,False
Wolf 503,4716.0,-0.64397,0.688,0.69,4.62,-0.47,11.0,1.6486136819725636,667.8450777,1,9.89816,K,1,0,0,False
EPIC 249893012,5230.8,0.40642,0.892,1.94414,3.81098,0.05,,2.5069053188016235,36.8679057,1,11.4019,,3,0,0,False
K2-148,4079.0,-0.99568,0.65,0.632,4.653,-0.11,,2.0950228177319907,45.3227041,2,13.0599,,3,0,0,False
K2-198,5183.84,-0.40084,0.879,0.781501,4.5962,0.094,,2.043625526096857,42.7234233,1,10.9955,,3,0,0,False
K2-285,5144.54,-0.42443,0.868,0.772222,4.6011,0.099,,2.1902224103251524,37.0557502,1,11.804,,4,0,0,False
HD 5278,6203.0,0.28035,1.126,1.194,4.5,-0.12,3.0,1.7603063544431026,142.7158932,1,7.80375,F,2,0,0,False
K2-171,5250.0,0.3032993141910946,0.891587,1.717458,3.95,-0.09,,2.7825643466475594,9.0632341,1,12.4386,,1,0,0,False
K2-184,5237.31,-0.39912,0.89,0.767142,4.61771,-0.021,,1.878439639436053,90.6855881,1,10.13,,1,0,0,False
EPIC 201170410,3648.0,-1.8983926147684762,0.287,0.282,4.999,-0.048,,,21.8630759,1,16.4386,,1,0,0,False
K2-257,3725.0,-1.3646650330234282,0.52,0.5,4.76,-0.03,,1.806224079777496,55.2841438,1,12.8602,,1,0,0,False
Kepler-799,5681.0,-0.09244509581580783,0.95,0.93,4.49,-0.07,3.98,,12.4686607,1,,,2,0,0,False
Kepler-1853,4934.0,-0.571796871979693,0.72,0.71,4.59,,14.0,2.750005154904442,4.8077186,1,15.0482,,1,0,0,False
Kepler-1926,5256.0,-0.32424207124436727,0.768,0.832,4.483,-0.16,,2.824389455936208,6.5999396,1,15.6668,,1,0,0,False
Kepler-1741,3842.11,-1.24232,0.591,0.53995,4.74495,-0.0066,,2.432550820472434,11.8574268,1,15.6903,,1,0,0,False
Kepler-1753,5178.0,-0.40961992803547104,0.853,0.777,4.588,0.02,,2.849841831499044,8.2501546,1,15.5134,,1,0,0,False
Kepler-1668,5900.0,-0.007341069589308084,1.065,0.951,4.509,0.07,,3.1256894169105953,3.5672173,1,15.6767,,1,0,0,False
Kepler-1795,4500.0,-0.7590832184603153,0.768,0.688,4.638,0.28,,,18.5988314,1,15.7903,,1,0,0,False
Kepler-1720,5582.0,-0.2011129699936783,0.937,0.85,4.551,-0.02,,2.798957788073675,13.4575346,1,14.6634,,1,0,0,False
Kepler-1831,5774.0,-0.0455,1.03,0.94831,4.497,,,3.0226304175279526,14.5826213,1,15.0112,,1,0,0,False
K2-292,5725.0,0.058844809896237193,1.0,1.09,4.33,0.07,6.8,2.058019632368446,88.2152953,1,9.75597,G,1,0,0,False
K2-116,4547.0,-0.7417584249971556,0.726778,0.687426,4.64,0.01,,1.6935994551106315,223.1556304,1,10.3281,,1,0,0,False
GJ 1265,3236.0,-2.4389,0.178,0.192,5.09,-0.04,,1.0108297779595223,909.990783,1,12.0807,M,1,0,0,False
K2-197,5627.0,-0.11379,0.997,0.923,4.50636,,,2.3938155341094927,46.8809182,1,11.9937,,1,0,0,False
K2-282,5523.0,-0.13215426993860677,0.95,0.94,4.47,0.15,,2.6957346493818024,32.432431,1,13.8183,,2,0,0,False
K2-246,5508.98,-0.14073,0.97,0.933562,4.48455,-0.278,,2.847335706613599,24.2702425,1,14.3512,,1,0,0,False
K2-140,5654.0,-0.04915,1.005,0.987,4.452,0.12,4.22,2.5414756498623183,9.1626225,1,12.4814,G,1,0,0,False
K2-205,5835.44,0.21408,1.05,1.25184,4.26416,-0.314,,2.607777675278693,25.3438946,1,12.2509,,1,0,0,False
K2-138,5356.3,-0.2596289852455033,0.935,0.863,4.54,0.14,2.8,2.306607285750836,10.5710313,1,12.0252,,6,0,0,False
WASP-81,5870.0,0.24551,1.08,1.283,4.258,-0.36,,2.600433774813152,31.2138219,1,12.3326,,1,0,0,False
K2-329,5282.0,-0.32514,0.901,0.822,4.566,0.098,1.8,2.367797446692478,18.8212481,1,12.4462,,1,0,0,False
K2-223,5859.0,0.03560506551269877,1.067005,1.013236,4.54,0.19,,2.2979879911907504,16.7520877,1,11.2736,,2,0,0,False
K2-193,5576.0,-0.07572,0.984,0.982083,4.44677,,,2.6148160417602866,13.6227891,1,13.0947,,1,0,0,False
WASP-183,5424.82,-0.18382,0.94,0.916164,4.48725,-0.49,,2.512386850610321,36.9911608,1,12.8148,,1,0,0,False
Qatar-5,5747.0,0.05614,1.128,1.076,4.427,0.377,0.53,2.5654440203772686,6.573391,1,12.5241,G,1,0,0,False
K2-179,5071.98,-0.52287,0.848,0.709349,4.66474,0.1991,,2.2806011315369137,25.7068866,1,12.691,,1,0,0,False
K2-270,4712.91,-0.51819,0.754,0.826001,4.48148,0.2297,,2.447960733862635,25.669643,1,13.4701,,2,0,0,False
WASP-167,7000.0,0.8389880719841011,1.59,1.79,4.13,0.1,1.29,2.6269067368077215,18.6869854,1,10.5786,F,1,0,0,False
K2-339,4678.76,-0.65173,0.75,0.718666,4.60008,-0.179,,2.556736578246606,3.3156414,1,14.3436,,1,0,0,False
KELT-19 A,7500.0,0.97772,1.62,1.83,4.127,-0.12,,2.4775206219622374,3.1629968,2,9.86331,A,1,0,0,False
HATS-39,6572.0,0.64048,1.379,1.621,4.158,0.0,2.06,2.9437521472486337,5.6888303,1,12.6539,,1,0,0,False
HATS-40,6460.0,0.90309,1.561,2.26,3.921,0.01,2.07,3.1278463547253748,7.0827908,1,13.2842,,1,0,0,False
HATS-42,6060.0,0.42488,1.273,1.48,4.201,0.22,3.26,2.9032946000583726,2.9773886,1,13.5627,,1,0,0,False
K2-196,6038.12,0.67865,1.12,1.99607,3.88693,0.04,,2.767064543282483,14.481876,1,11.9274,,1,0,0,False
K2-113,5627.0,0.0086,1.007,1.047,4.4,0.18,5.9,2.803267241025041,23.918754,1,13.5039,G,1,0,0,False
K2-289,5529.0,-0.055076059494221466,0.953,1.025,4.393,0.162,,2.4382258076045296,42.902841,1,13.7943,,1,0,0,False
K2-166,6046.57,0.46214,1.12,1.55133,4.10588,-0.0513,,2.6784109302170394,49.6479619,1,11.9456,,2,0,0,False
K2-132,4878.0,0.94349,1.19,4.11,3.35,-0.11,5.5,2.7852002392902695,29.6333376,1,11.64,,1,0,0,False
WASP-181,5839.0,-0.012701622339978288,1.04,0.965,4.487,0.09,2.5,2.6409730939644622,22.6108304,1,12.783,G,1,0,0,False
HAT-P-68,4508.0,-0.77911,0.6785,0.6701,4.615,-0.059,11.1,2.305678042403144,23.700655,1,13.5442,K,1,0,0,False
K2-117,3676.0,-1.35655,0.532,0.513,4.747,-0.22,,2.0070304720749648,21.435468,1,13.8012,M,2,0,0,False
K2-131,5200.0,-0.43995090440175844,0.793,0.744,4.62,-0.02,,2.1832954734205385,39.848745,1,11.8999,,1,0,0,False
K2-243,5864.8,0.44592,1.06,1.61848,4.04516,-0.35,,2.42628999133769,64.4472506,1,10.7424,,2,0,0,False
K2-202,5491.0,-0.16976800855692228,0.971461,0.910685,4.55,0.27,,2.4776955911485374,11.8022463,1,13.0435,,1,0,0,False
K2-325,3254.0,-2.04801,0.274021,0.297723,4.92823,,,2.0478120474802965,42.2232918,1,16.137,,1,0,0,False
K2-119,4525.0,-0.68533,0.71,0.739177,4.55183,,,2.562983616466666,37.4882237,1,14.5103,,1,0,0,False
EPIC 212737443,4684.0,-0.7086124759834568,0.69,0.673,4.622,-0.137,,2.5266622930104643,51.2703122,1,14.4776,K,2,0,0,False
K2-240,3810.0,-1.27572,0.58,0.54,4.7,-0.1,,1.8627900765167376,75.0101501,1,12.6212,M,2,0,0,False
HD 89345,5622.0,0.43297,1.324,1.733,4.083,0.436,4.18,2.121707538282413,42.7843106,1,9.21702,,1,0,0,False
K2-43,3696.0,-1.27336,0.556799,0.563,4.68275,,,2.2613485293925395,29.1485944,1,14.8215,,2,0,0,False
K2-258,5770.01,0.27219,1.03,1.36898,4.17811,-0.29,,2.8207746651338628,15.4463167,1,13.1388,,1,0,0,False
K2-340,5532.0,0.03057542268321863,0.93,1.13,4.3,0.08,,2.868136387037122,19.1974116,1,14.1327,,1,0,0,False
K2-177,5937.94,0.48968,1.08,1.66043,4.03105,0.263,,2.6921124907191487,11.5647267,1,12.422,,1,0,0,False
K2-316,3389.0,-1.82964,0.337593,0.352931,4.87108,,,2.0510984735487434,64.4738758,1,15.514,,2,0,0,False
K2-318,3707.0,-1.27696,0.551817,0.557349,4.68761,,,2.169868324707591,70.6241072,1,14.3967,,1,0,0,False
EPIC 206042996,4055.0,-0.95639,0.63,0.673712,4.58046,,,2.6549164266931475,10.4145211,1,15.9752,,2,0,0,False
K2-219,5712.0,0.17995,1.02,1.25617,4.24857,,,2.51241754860084,22.4239582,1,11.911,,3,0,0,False
EPIC 246851721,6202.0,0.52634,1.317,1.586,4.157,0.141,3.02,2.5712801474648908,13.2641483,2,11.2549,F,1,0,0,False
K2-308,6100.0,0.2810525603348256,1.09,1.24,3.94,-0.1,,3.1187705019568623,2.077954,1,14.8949,,1,0,0,False
K2-346,4678.0,-0.66264,0.746,0.709927,4.60838,,,2.0235816576649395,133.5300878,1,11.6828,,1,0,0,False
K2-350,5799.0,-0.01175,1.04,0.977396,4.47496,,,2.689635567227069,19.6445439,1,13.3115,,2,0,0,False
K2-123,3880.0,-1.14267,0.615,0.592,4.686,-0.02,,2.208320403633802,59.9782225,1,14.0916,,1,0,0,False
K2-245,5793.0,0.19832398997962863,0.83,1.25,4.16,-0.45,,2.659025791998884,25.9845291,1,12.5639,,1,0,0,False
K2-165,5141.67,-0.35481,0.868,0.837606,4.53051,0.105,,2.129016019910109,32.6136779,1,11.3272,,3,0,0,False
K2-188,5906.9,0.21087,1.07,1.21722,4.29671,-0.063,,2.650133576193344,16.7652765,1,12.4903,,2,0,0,False
WASP-178,8640.0,1.21484,1.93,1.801,4.211,-0.06,0.43,2.6311169104757925,11.4971338,1,9.91226,,1,0,0,False
HIP 67522,5675.0,0.24304,1.22,1.38,4.246601657872276,0.0,0.017,2.104760166638525,36.5344663,1,9.63261,,2,0,0,True
Kepler-1679,5806.0,-0.08408264058363539,0.996,0.899,4.528,-0.04,,2.958697638700655,3.9712418,1,15.1144,,1,0,0,False
TOI-892,6261.0,0.43136,1.28,1.39,4.26,0.24,2.2,2.5321719576104997,5.9684841,1,11.3435,F,1,0,0,False
K2-128,4621.0,-0.7614620630735065,0.686997,0.650657,4.7,-0.26,,2.0593248122419268,4.5895303,1,12.2204,,1,0,0,False
K2-273,5051.83,-0.35279,0.843,0.86968,4.48518,0.179,,2.4886987462065537,32.8612984,1,13.1461,,1,0,0,False
WASP-177,5017.0,-0.3514472045260556,0.876,0.885,4.486,0.25,9.7,2.247526473927969,80.3772091,1,12.0715,K,1,0,0,False
Qatar-10,6124.0,0.29951,1.156,1.254,4.303,0.016,3.2,2.7474646347713816,6.5163075,1,12.6978,F,1,0,0,False
HATS-58 A,7175.0,0.68931,1.461,1.433,4.292,,0.31,2.605941472991241,,2,11.7679,,1,0,0,False
WASP-175,6229.0,0.29181614730746286,1.212,1.204,4.359,0.15,1.745,2.7318787351768967,25.0432365,1,12.7065,F,1,0,0,False
WASP-192,5910.0,0.2803876359040088,1.09,1.32,4.236,0.14,5.7,2.706619649707569,1.6925625,1,12.5347,G,1,0,0,False
TOI-824,4600.0,-0.70997,0.71,0.695,4.605,-0.092,7.5,1.8056788891971889,160.8920224,1,10.7616,K,1,0,0,False
TOI-2406,3100.0,0.53148,0.162,0.204,5.037,-0.38,,1.743658684953969,405.022834,1,15.6955,M,1,0,0,False
EPIC 206317286,4752.0,-0.5802660108760571,0.832,0.758,4.596,0.019,,2.4974134646862063,58.424872,1,13.774,,2,0,0,False
K2-274,5024.37,-0.50903,0.84,0.734473,4.6304,-0.1328,,2.3585572704813815,30.4691288,1,12.8852,,1,0,0,False
K2-162,4545.32,-0.6097,0.716,0.799236,4.48763,-0.013,,2.0949355718124187,70.0312553,1,11.9662,,1,0,0,False
TOI-564,5640.0,0.03262,0.998,1.088,4.364,0.143,7.3,2.300119194326516,11.3064728,1,11.1424,,1,0,0,False
TOI-451,5481.0,-0.22469,0.96,0.856226,4.55516,,,2.0925066019358263,16.6680365,2,10.7498,,3,0,0,False
K2-278,6747.0,0.6829844426521654,1.4,1.61,4.17,0.0,,2.8956650422920562,21.5555489,1,13.2538,,1,0,0,False
K2-186,5771.61,0.05927,1.03,1.07076,4.39152,0.0412,,2.5194854089631127,37.5708768,1,12.1713,,1,0,0,False
TOI-530,3659.0,-1.3098,0.53,0.54,4.7,0.376,,2.1724920085086947,64.0548949,1,14.6439,M,1,0,0,False
HD 332231,6089.0,0.30535,1.127,1.277,4.279,0.036,4.3,1.9066932139571933,39.6732222,1,8.41839,F,1,0,0,False
WASP-173 A,5767.0,0.08279,1.092,1.099,4.393,0.259,3.25,2.367318640929691,88.3785027,2,11.3975,G,1,0,0,False
K2-356,5499.87,-0.24375,0.96,0.831903,4.58019,-0.1021,,2.5508884680813524,24.819961,1,13.148,,1,0,0,False
K2-229,5185.0,-0.3895687324972658,0.837,0.793,4.56,-0.06,5.4,2.010994950006764,81.2268036,1,10.7861,,2,0,0,False
K2-281,4498.13,-0.56851,0.71,0.85572,4.42466,0.151,,2.6609972635373915,22.7232054,1,14.7677,,1,0,0,False
K2-230,6002.0,0.2107530454656056,1.1312,1.181244,4.29,0.21,,2.733014999790576,24.8067302,1,12.5751,,1,0,0,False
EPIC 248847494,4898.0,0.5756925014400434,0.9,2.7,3.52,-0.23,,2.7418493772146295,38.7618964,1,12.1722,,1,0,0,False
K2-357,5794.0,0.004803813438259498,0.98,1.0,4.43,-0.02,,2.71406725924658,9.2716104,1,13.4792,,1,0,0,False
K2-118,4799.26,-0.52639,0.776,0.789057,4.53371,0.129,,2.507480759851044,20.9760411,1,13.7484,,1,0,0,False
K2-244,5801.0,-0.09685,1.042,0.885565,4.56149,,,2.328179741217017,60.2007651,1,11.6317,,1,0,0,False
MASCARA-1,7554.0,1.17551,1.72,2.1,4.0,0.0,1.0,2.26072234161467,7.8516267,1,8.24243,A,1,0,0,False
KELT-21,7598.0,0.90472,1.458,1.638,4.173,-0.405,1.6,2.672908400143727,2.2420265,1,10.5415,A,1,0,0,False
XO-7,6250.0,0.4769333501335029,1.405,1.48,4.25,0.43,1.18,2.3694923073437693,28.8804812,1,10.4575,,1,0,0,False
K2-141,4599.0,-0.75,0.708,0.681,4.62,-0.06,6.3,1.7915053853694507,118.9035436,1,10.7217,,2,0,0,False
2MASS J04372171+2651014,3100.0,-1.16368,0.17,0.84,4.5,0.01,0.0025,2.1088490487229476,28.3362604,1,14.3374,M,1,0,0,False
GJ 393,3579.0,-1.57073,0.426,0.426,4.88,-0.09,,0.847047363456783,948.4442122,1,8.67373,M,1,0,0,False
K2-324,3649.0,-1.37478,0.511668,0.513946,4.72522,,,2.135663661253615,17.9915696,1,14.5172,,1,0,0,False
K2-288 B,3341.0,-1.93,0.33,0.32,4.96,-0.21,1.0,1.8169951904968435,199.7191927,2,14.5451,M,1,1,1,False
HD 4760,4076.0,2.93,1.05,42.4,1.62,-0.91,,2.7306797442347834,21.3378168,1,6.98504,,1,0,0,False
HD 219666,5527.0,-0.051477842295267556,0.92,1.03,4.4,0.04,10.0,1.9739213327770522,314.5657803,1,9.64956,,1,0,0,False
Kepler-1839,5633.0,0.19174,1.0,1.30932,4.20398,,,3.0556076517087116,1.440609,1,14.6231,,1,0,0,False
Kepler-1752,5446.0,-0.27411328777804816,0.824,0.821,4.525,-0.2,,2.983575774340792,14.5114314,1,15.796,,1,0,0,False
Kepler-1960,5938.54,0.27069,1.08,1.29015,4.25021,-0.0329,,3.1839982776099482,1.6106445,1,15.0761,,1,0,0,False
Kepler-1897,5172.0,-0.4082868798183262,0.857,0.78,4.586,0.04,,2.992630385128772,7.9950591,1,16.0047,,1,0,0,False
Kepler-1959,5071.0,-0.40869399941890755,0.768,0.811,4.505,-0.02,,2.6805739019396517,5.1874471,1,14.5568,,1,0,0,False
K2-261,5445.0,0.32838,1.09,1.642,4.044,0.36,9.3,2.328956240820171,50.1099578,1,10.4594,,1,0,0,False
Kepler-1948,3842.0,-1.266909219622535,0.531,0.526,4.721,-0.1,,2.287584528384362,26.2858812,1,13.9243,,1,0,0,False
K2-210,5396.0,-0.258157311717476,0.911717,0.85179,4.55,0.05,,2.2467693149464707,77.6140865,1,11.5845,,1,0,0,False
HD 137496,5799.0,0.4090965336010524,1.04,1.59,4.05,-0.03,8.3,2.1912189934112978,51.1671169,1,9.77168,G,2,0,0,False
K2-263,5368.0,-0.25964,0.88,0.85,4.51,-0.08,7.0,2.2108025832989258,55.6001025,1,11.4055,G,1,0,0,False
KELT-18,6670.0,0.81291,1.524,1.908,4.0599,0.09,1.9,2.50701344101243,20.4082171,2,10.1036,F,1,0,0,False
K2-170,5886.0,0.08382,1.07,1.05906,4.41761,,,2.5942510777331256,16.2918523,1,12.4959,,2,0,0,False
Kepler-495,5346.0,-0.29683814759849114,0.86,0.83,4.55,-0.07,4.37,2.818835326150881,5.9480578,1,14.6074,,2,0,0,False
Kepler-1921,6156.49,0.80624,1.17,2.22385,3.81204,-0.013,,2.96801057161734,15.1659563,1,12.9842,,2,0,0,False
Kepler-716,5099.0,-0.4329808967818574,0.83,0.78,4.58,0.0,4.57,2.802779880603217,5.5450773,1,15.1555,,2,0,0,False
Kepler-1712,3732.0,-1.3459080450613456,0.515,0.509,4.736,0.02,,2.193858937058503,20.0934847,1,14.1997,,1,0,0,False
Kepler-1736,5804.06,0.40206,1.04,1.57116,4.06266,0.0277,,3.155336037465062,6.7142312,1,14.6161,,1,0,0,False
Kepler-1671,5135.55,-0.26621,0.866,0.929771,4.43883,0.2502,,2.5527399843400023,24.8558746,1,13.2783,,1,0,0,False
Kepler-1822,5196.0,-0.46976858756621453,0.82,0.72,4.64,,0.8,2.9530813923906702,7.6145799,1,15.5694,,1,0,0,False
HIP 65 A,4590.0,-0.67799,0.781,0.7242,4.611,0.18,4.1,1.7908872684665604,215.0550558,2,10.5895,K,1,0,0,False
Kepler-1842,5970.0,0.16371238433567423,1.057,1.131,4.355,0.06,,2.965460882891597,8.4013569,1,14.6804,,1,0,0,False
Kepler-1530,5338.57,-0.31086,0.92,0.817288,4.57711,0.085,,2.690086163026682,6.5033649,1,14.0055,,3,0,0,False
Kepler-1737,5043.0,-0.3464024605720832,0.834,0.881,4.47,0.3,,,5.8173104,1,15.3741,,1,0,0,False
Kepler-1944,5374.0,-0.08284,0.93,1.04867,4.36527,,,3.0320059654457805,12.8110573,1,15.3313,,1,0,0,False
GJ 357,3505.0,-1.79833,0.342,0.337,4.94,-0.12,,0.9750552567622769,999.9759509,1,9.88036,M,3,1,1,False
Kepler-1802,4141.0,-1.0108820694777305,0.619,0.608,4.663,-0.04,,2.803930757231253,8.1406986,1,16.5052,,2,0,0,False
Kepler-1884,5984.0,-0.02488741525346683,0.993,0.906,4.521,-0.2,,3.1592934172227443,5.844737,1,15.2294,,1,0,0,False
Kepler-1653,4807.0,-0.636,0.719,0.693,4.618,-0.18,7.7,,,1,,,1,1,1,False
Kepler-1716,4813.46,-0.62363,0.779,0.701328,4.63776,-0.1043,,2.291011231822559,61.6832683,1,12.9403,,1,0,0,False
K2-336,5296.77,-0.34534,0.91,0.797924,4.59319,-0.206,,2.3789227347642816,41.5810549,1,12.5114,,1,0,0,False
eps Ind A,4611.06,-0.65399,0.73,0.738002,4.56527,-0.134,,0.5609307344371608,4708.235884,3,4.34562,,1,0,0,False
HD 190007,4610.0,-0.68,0.77,0.79,4.58,0.16,1.0,1.104285622957062,149.7799129,1,7.06341,,1,0,0,False
24 Boo,4893.0,1.77415,0.99,10.64,2.42,-0.77,6.92,1.9822092511751106,307.6469784,1,5.3339,G,1,0,0,False
Kepler-1876,5886.33,0.42894,1.067,1.57556,4.07136,-0.0663,,2.414864760776377,15.499104,1,10.7582,,1,0,0,False
TOI-2109,6540.0,0.67302,1.453,1.698,4.139,0.068,1.77,2.418369248116234,12.5333827,1,10.1138,F,1,0,0,False
GJ 3473,3347.0,-1.82391,0.36,0.364,4.81,0.11,,1.4371859301125138,554.7223327,2,12.465,,2,1,1,False
TOI-2202,5144.0,-0.40121,0.823,0.794,4.55,0.04,7.48,2.3727886899977864,12.6103021,1,12.7606,K,2,0,0,False
HATS-77,4071.0,-0.99183,0.655,0.6428,4.638,0.253,12.1,2.6396617654281056,25.9908662,1,15.7364,,1,0,0,False
TOI-1899,3926.0,-1.1049315868262477,0.632,0.607,4.672,0.28,7.1,2.108693534236987,40.1192136,1,13.5553,,1,0,0,False
TOI-640,6460.0,0.83442,1.536,2.082,3.987,0.072,1.99,2.5340222964387076,6.2662934,1,10.4006,,1,0,0,False
TOI-1296,5603.0,0.39005,1.17,1.664,4.05,0.44,6.9,2.5095586859610526,22.3048371,1,11.2912,,1,0,0,False
Luhman 16 A,,-4.66,0.0326,,,,,,,1,,,1,0,0,False
TOI-2285,3546.0,-1.52081,0.457187,0.460014,4.77262,,,1.6274580319597762,29.7962025,1,12.4314,,1,1,1,False
HD 221420,5847.0,0.60293,1.351,1.947,4.03,0.33,3.65,1.4933395275010009,16.3249779,1,5.65862,G,1,0,0,False
HIP 38594,3969.0,-1.05654,0.609306,0.626646,4.62886,,,1.2501417695454227,361.8202191,2,9.08528,,2,1,1,False
HD 152843,6310.0,0.46367936187394815,1.15,1.43,4.19,-0.16,3.97,2.0330133946642466,47.0623135,1,8.76412,G,2,0,0,False
TIC 237913194,5788.0,0.07773,1.026,1.088,4.376,0.14,5.7,2.4858108308483087,20.8959574,1,11.9371,G,1,0,0,False
TOI-1634,3472.0,-1.5784,0.451,0.45,4.787,0.19,,1.5474497857335314,82.7492315,2,12.1965,,2,0,0,False
NGTS-18,5610.0,0.23601976554101967,1.003,1.392,4.16,0.15,10.84,3.039885835900177,2.8374726,1,14.3896,G,1,0,0,False
TOI-559,5925.0,0.22737,1.026,1.233,4.268,-0.069,6.8,2.367851442229447,73.4375995,1,10.9777,G,1,0,0,False
HATS-74 A,3776.9,-1.2161,0.601,0.5758,4.696,0.514,11.0,2.4762358396708235,55.5368026,2,15.9837,,1,0,0,False
WASP-150,6218.0,0.5629868673215669,1.394,1.651,4.147,0.156,2.95,2.7226298098772004,8.2090336,1,11.9151,F,1,0,0,False
HAT-P-69,7394.0,1.0,1.648,1.926,4.11,-0.069,1.27,2.533089204285378,3.0209652,1,9.77332,,1,0,0,False
WASP-174,6399.0,0.43616,1.24,1.347,4.273,0.06,2.2,2.6129416570182555,5.7837834,1,11.6826,,1,0,0,False
TOI-1338 A,5723.2,0.34786,1.02,1.51811,4.08406,-0.4,,2.600991399067487,36.5231765,2,11.8764,,2,0,0,False
WASP-170,5600.0,-0.11351,0.93,0.938,4.466,0.22,,2.485157613244787,10.0474984,1,12.4693,,1,0,0,False
TOI-481,5735.0,0.43457,1.14,1.66,4.06,0.26,6.7,2.253740123146237,36.107432,1,9.84659,G,1,0,0,False
TOI-1235,3997.0,-1.05404,0.63,0.619,4.64,0.33,5.3,1.5980733838209376,197.3966371,1,10.8492,M,1,0,0,False
HIP 90988,4883.0,0.88986,1.3,3.94,3.32,0.17,4.55,1.9732890670509513,34.0355833,1,7.46648,K,1,0,0,False
Gl 686,3663.0,-1.55284,0.42,0.42,4.83,-0.3,,0.9115453697937258,1352.2119149,1,8.73899,M,1,0,0,False
WASP-105,5070.0,-0.3185932938207189,0.89,0.9,4.2,0.28,,2.228585125556208,47.5139141,1,11.8445,K,1,0,0,False
TOI-201,6394.0,0.41497,1.316,1.317,4.318,0.24,0.87,2.0562376589802276,66.8961372,1,8.94004,F,1,0,0,False
WASP-159,6120.0,0.7484604491449173,1.41,2.11,3.94,0.22,3.4,2.854538615581032,5.4963688,1,12.2951,F,1,0,0,False
KELT-16,6236.0,0.4014,1.211,1.36,4.253,-0.002,3.1,2.647955782657895,6.0789081,2,11.7959,F,1,0,0,False
TOI-157,5404.0,0.01995,0.948,1.167,4.281,0.24,12.82,2.551063108417081,22.2535525,1,12.5143,G,1,0,0,False
HATS-51,5758.0,0.30963,1.187,1.44,4.198,,4.74,2.5905855053520956,17.9204257,1,12.3293,,1,0,0,False
HATS-43,5099.0,-0.39794,0.837,0.812,4.539,0.05,8.6,2.5590359675206953,9.7201911,1,13.4014,,1,0,0,False
KPS-1,4974.0,-0.34719,0.82,0.902915,4.44059,,,2.419469991846346,39.4033699,1,12.7933,,1,0,0,False
WASP-158,6350.0,0.45001435164338033,1.38,1.39,4.3,0.24,1.93,2.7201535127742607,2.3661638,1,12.0911,F,1,0,0,False
Wendelstein-1,4051.0,-0.92316,0.634,0.701369,4.54826,,,2.4847268042986617,4.5190219,1,15.0324,,1,0,0,False
LHS 1478,3381.0,-2.14569,0.236,0.246,4.87,-0.13,,1.2607294895341306,798.2974712,1,12.2598,,1,0,0,False
Qatar-3,6007.0,0.27875,1.145,1.272,4.286,-0.041,0.31,2.8666423109605295,11.4994338,1,12.8203,G,1,0,0,False
MASCARA-4,7800.0,1.08743,1.75,1.92,4.1,0.0,0.8,2.2322233442062305,16.5441448,2,8.17401,A,1,0,0,False
HATS-70,7930.0,1.07918,1.78,1.881,4.167,0.041,0.81,3.16400468574984,3.4365539,1,12.586,,1,0,0,False
HD 76920,4698.0,1.38021,1.17,7.47,2.94,-0.11,7.1,2.264890986025537,35.9577868,1,7.5144,K,1,0,0,False
WASP-162,5300.0,-0.05936071405624146,0.95,1.11,4.33,0.28,12.97,2.4925382974499635,9.8091765,1,12.0652,K,1,0,0,False
TOI-169,5880.0,0.25261,1.147,1.288,4.278,0.24,4.7,2.6104898181251923,25.5462892,1,12.2379,G,1,0,0,False
WASP-180 A,6600.0,0.38215951491982364,1.3,1.19,4.42,0.1,1.2,2.4048080685506825,14.4049746,2,10.9134,F,1,0,0,False
TOI-1789,5991.0,0.7364,1.507,2.168,3.943,0.373,2.73,2.3599625280799,40.3456388,1,9.58439,F,1,0,0,False
TOI-1728,3980.0,-1.05552,0.646,0.6243,4.657,0.25,7.1,1.7838892930350685,116.7591691,1,11.7294,M,1,0,0,False
HATS-55,6214.0,0.22891,1.1955,1.126,4.4121,0.108,0.4,2.7852144824697214,6.3053656,1,13.3498,,1,0,0,False
Qatar-7,6387.0,0.56348,1.409,1.564,4.196,0.276,1.69,2.848793013082693,5.310004,1,12.9275,F,1,0,0,False
HD 2685,6801.0,0.66839,1.43,1.56,4.21,0.02,1.31,2.2941398315445944,7.5683276,1,9.52025,,1,0,0,False
WASP-144,5200.0,-0.3661267377362163,0.81,0.81,4.53,0.18,8.71,2.550855486148875,39.991362,1,12.915,K,1,0,0,False
TOI-905,5570.0,-0.13668,0.968,0.918,4.498,0.14,3.4,2.2004373389901617,48.5902619,1,11.0813,,1,0,0,False
TOI-1749,3985.0,-1.1646714681157004,0.58,0.55,4.7,-0.26,0.8,1.998067875264254,82.353354,1,13.1798,M,3,0,0,False
HATS-48 A,4546.0,-0.70885,0.7279,0.7152,4.5909,0.186,11.97,2.420960233629153,6.8951776,2,13.8951,,1,0,0,False
HATS-23,5780.0,0.15534,1.121,1.199,4.328,0.28,4.2,2.8055035767381975,7.3650822,1,13.752,G,1,0,0,False
HATS-72,4656.1,-0.65896,0.7311,0.7214,4.5853,0.099,12.17,2.1058132335918187,137.5641937,1,12.0725,,1,0,0,False
KELT-11,5370.0,0.74429,1.438,2.72,3.727,0.18,,1.9963347661984145,111.4877177,1,7.83112,,1,0,0,False
HIP 65426,9097.0,1.26895,2.3,1.73512,4.32114,,,2.0369281680157196,39.0721509,1,6.98273,,1,0,0,False
TOI-849,5373.8,-0.19935313128179158,0.929,0.919,4.48,0.19,6.7,2.3535969773334213,76.1713016,1,12.0645,G,1,0,0,False
TOI-674,3514.0,-1.61439,0.42,0.42,4.81,0.17,,1.6635605342019897,163.313432,1,13.0914,M,1,0,0,False
TOI-519,3322.0,-1.85078,0.335,0.35,4.87,0.27,5.4,2.0627962585065505,51.0869408,1,15.7067,M,1,0,0,False
TOI-1601,5982.0,0.74772,1.5055,2.195,3.928,0.343,2.4,2.5271244334299663,21.7256922,1,10.5276,,1,0,0,False
WASP-182,5614.86,0.16658,0.99,1.28017,4.21917,0.3208,,2.515346544450751,37.7761966,1,11.917,,1,0,0,False
HD 206893,6554.26,0.4561,1.36,1.31116,4.3363,,,1.610216061595036,93.7762014,1,6.56783,,2,1,1,False
TOI-2257,3430.0,-1.9148449947687336,0.328,0.313,4.971,-0.27,,1.7618609609378062,47.7803887,1,14.1615,M,1,1,1,False
Wendelstein-2,4355.0,-0.75005,0.68,0.740712,4.53128,,,2.7524640954299966,9.3683518,1,15.9359,,1,0,0,False
GJ 720 A,3837.0,-1.217,0.57,0.56,4.71,-0.14,,1.1919398096565081,580.2814772,2,9.10496,M,1,0,0,False
G 264-012,3326.0,-1.97224,0.297,0.305,4.85,0.1,,1.2043642046210052,443.8209602,1,11.7617,M,2,0,0,False
GJ 143,4640.0,-0.6862,0.73,0.695,4.613,0.003,3.8,1.2127201544178423,432.8060751,1,7.67906,K,2,0,0,False
HD 23472,4684.0,-0.62525,0.67,0.71,4.53,-0.2,,1.5914441703911197,111.5773854,1,9.38476,K,5,0,0,False
TOI-954,5710.0,0.53529,1.201,1.892,3.962,0.215,6.14,2.3779761216421944,30.1826381,1,10.2321,,1,0,0,False
TYC 8998-760-1,4664.0,-0.35386,0.74,1.01908,4.29088,,,1.9759723868593568,44.5987799,1,10.6505,,2,0,0,False
HD 26161,6033.0,0.39304,1.12,1.43915,4.17108,0.0,,1.6118592028652055,95.0383542,1,6.7427,,1,0,0,False
HD 1397,5521.0,0.65992,1.324,2.336,3.823,0.29,4.51,1.9007504496632817,64.9597291,1,7.59336,,1,0,0,False
HD 213472,5786.63,0.28533,1.04,1.38186,4.17417,0.16,,1.8092411151811223,219.7331087,1,8.01189,,1,0,0,False
YZ Cet,3151.0,-2.65857,0.142,0.157,5.17,-0.18,3.8,0.5696161572901146,1363.52268,1,10.4294,M,3,0,0,False
CoRoTID 223977153,5970.0,-0.1549,1.08,0.79,4.67,0.0,,2.7609371490613,4.6600247,1,13.5867,G,1,0,0,False
HIP 107772,4006.0,-1.13181,0.63,0.564062,4.73476,,,1.3737099296992044,337.8069155,1,9.93207,,1,1,1,False
HIP 4845,4010.0,-1.01045,0.63,0.647353,4.61513,,,1.324228937040436,178.7226405,1,9.37826,,1,0,0,False
TOI-1278,3799.0,-1.21183,0.54,0.573,4.68,-0.01,,1.878383327701742,101.0784427,1,12.7543,M,1,0,0,False
GJ 2056,4002.0,-0.88636,0.62,0.749753,4.48062,,,1.4539815088292378,114.4469629,1,9.72281,,1,0,0,False
HIP 48714,3831.0,-1.16236,0.584366,0.595456,4.65505,,,1.022420122399042,658.0514896,1,8.22861,,1,0,0,False
HD 141004,5936.0,0.346,1.11,1.34,4.25,0.05,6.32,1.0724263743279692,234.6018572,1,4.27965,G,1,0,0,False
HATS-38,5732.0,0.07151,0.89,1.105,4.301,-0.102,11.89,2.5359583482863006,23.0213679,1,12.2781,,1,0,0,False
NGTS-2,6478.0,0.6605727361610582,1.64,1.702,4.197,-0.06,2.17,2.551926728193991,21.7526217,1,10.8605,F,1,0,0,False
Qatar-9,4309.0,-0.82102,0.719,0.696,4.61,0.252,7.5,2.3299487888324455,31.8783693,1,13.6871,K,1,0,0,False
NGTS-14 A,5187.0,-0.33682097505907377,0.898,0.842,4.2,0.1,5.9,2.5080554394487473,24.2900654,2,13.0986,K,1,0,0,False
HAT-P-58,6078.0,0.45637,1.031,1.53,4.082,-0.224,7.11,2.712304485510429,16.0977403,1,12.7202,,1,0,0,False
NGTS-4,5111.92,-0.34171,0.859,0.860256,4.50281,-0.189,,2.4480180130254308,18.420228,1,12.9092,,1,0,0,False
HATS-54,5702.0,0.21245,1.097,1.317,4.24,0.396,6.6,2.874241120557597,8.634623,1,13.7762,,1,0,0,False
HD 207897,5106.0,-0.42136,0.8208,0.7827,4.562,-0.03,4.7,1.4516912793128829,350.8880129,1,8.13037,,1,0,0,False
NGTS-12,5690.0,0.3755867099623311,1.021,1.589,4.045,-0.03,9.4,2.6497650450473804,19.749108,1,12.1279,G,1,0,0,False
NGTS-16,5550.0,0.09778338419113829,1.002,1.213,4.35,0.35,10.29,2.953357577924439,10.8322492,1,14.2311,G,1,0,0,False
KELT-12,6279.0,0.89209,1.591,2.37,3.889,0.19,2.2,2.56588322167194,10.9629476,1,10.4842,,1,0,0,False
NGTS-9,6330.0,0.4382628628391807,1.34,1.38,4.37,0.31,0.96,2.7847085633267405,6.3171824,1,12.6547,F,1,0,0,False
NGTS-5,4987.0,-0.518463800369609,0.661,0.739,4.52,0.12,,2.4868256274533915,14.4327569,1,13.526,K,1,0,0,False
TOI-1201,3476.0,-1.46852,0.512,0.508,4.8,0.05,,1.5784913642563176,170.555862,2,12.0966,M,1,0,0,False
TOI-942,4928.0,-0.36856,0.788,1.022,4.314,-0.221,0.09,2.1835573795759973,15.8874837,3,11.6346,,2,0,0,False
HD 181234,5386.0,-0.07966615559086995,1.01,1.05,4.25,0.32,6.32,1.678935174515616,341.1276253,1,8.36926,G,1,0,0,False
HIP 56640,4769.0,1.04999,1.04,4.93,2.91,-0.03,9.15,2.087511674084483,27.9921051,1,7.64993,K,1,1,1,False
HD 81817,4140.0,3.26076,4.3,83.8,1.3,-0.17,0.15,2.4299556565563,24.3307324,1,3.80122,K,2,0,0,False
gam Lib,4822.0,1.84997,1.47,11.1,2.47,-0.3,2.82,1.6757939173572072,64.5845688,1,3.64937,K,2,0,0,False
HD 147379,4090.0,-1.09691,0.58,0.57,4.691678282217955,0.16,,1.0319857930055958,505.070775,2,7.90052,M,1,1,1,True
HD 208897,4860.0,1.09,1.25,4.98,3.13,0.21,,1.8292214099198003,83.470357,1,6.23739,K,1,0,0,False
LTT 9779,5443.0,-0.14874,0.77,0.949,4.35,0.27,1.9,1.9054574844162397,257.265116,1,9.60006,G,1,0,0,False
KIC 5479689,5343.85,-0.20099,0.92,0.925651,4.46896,0.33,,2.6579636693663447,23.9597635,1,13.7459,,1,0,0,False
HD 136352,5850.0,0.03383,0.906,1.012,4.385,-0.25,8.2,1.166785219735433,1647.3395676,1,5.48495,,3,0,0,False
KELT-24,6509.0,0.56467,1.46,1.506,4.247,0.186,0.78,1.9846051643401235,66.0921869,2,8.23752,,1,0,0,False
HD 125390,4850.0,1.3176653657137427,1.36,6.47,3.13,,,2.1865240849557863,21.5237321,1,7.94061,G,1,0,0,False
WASP-165,5570.3,0.43777,0.98,1.77738,3.92973,0.22,,2.779766712873922,28.1999701,1,12.5435,,1,0,0,False
WASP-110,5443.0,-0.229,0.95,0.863922,4.54284,,,2.439269519129169,66.4333524,1,12.5517,,1,0,0,False
HATS-44,5080.0,-0.39794,0.86,0.847,4.514,0.32,9.7,2.6493689387804675,2.1746878,1,14.1595,,1,0,0,False
GJ 411,3601.0,-1.70997,0.39,0.392,4.87,-0.09,,0.754025017719405,4802.1546206,1,,M,2,0,0,False
TOI-763,5450.0,-0.1959392548379587,0.917,0.897,4.45,0.01,,1.978305626873064,114.4890634,1,9.99915,G,2,0,0,False
TOI-132,5397.0,-0.22185,0.97,0.9,4.48,0.16,6.34,2.213990309707097,63.8659499,1,11.3208,G,1,0,0,False
HD 110082,6200.0,0.28103,1.21,1.19,4.2,0.08,0.25,2.0215861869037317,26.0700003,2,9.11523,F,1,0,0,False
HD 109286,5666.36,-0.08393,1.01,0.94206,4.49423,,,1.7436320398225942,12.2675653,1,8.61599,,1,1,1,False
HATS-49,4405.0,-0.78489,0.7133,0.6977,4.6036,0.208,10.5,2.5110982490999767,43.3757032,1,14.5449,,1,0,0,False
GJ 367,3522.0,-1.54061,0.454,0.457,4.777,-0.01,,0.9737109873912554,744.05896,1,9.15159,M,3,1,1,False
TOI-628,6250.0,0.39445,1.311,1.345,4.3,0.258,1.28,2.252075943799801,1.7982732,1,10.0579,,1,0,0,False
GJ 3512,3081.0,-2.8041,0.123,0.139,5.2438755109312085,-0.07,5.5,0.9771000595762956,1305.8410506,1,13.1117,M,2,0,0,True
HD 27969,5862.08,0.5282,1.06,1.78094,3.96208,0.12,,1.8320795153634108,222.639943,1,7.5139,,1,1,1,False
GJ 338 B,4014.0,-1.10127,0.64,0.58,4.68,-0.03,4.0,0.8015793133533029,1706.0088713,2,7.04775,M,1,0,0,False
WASP-189,8000.0,1.3110738038752747,2.03,2.36,3.9,0.29,0.73,1.9988301737209695,55.8801238,1,6.55369,,1,0,0,False
TOI-1260,4227.0,-0.88941,0.679,0.672,4.57,-0.1,6.7,1.8668642424228772,195.1902747,1,11.5743,,3,0,0,False
GPX-1,7000.0,0.72673,1.68,1.56,4.27,0.35,0.27,2.8162499194913835,3.252516,1,12.2228,F,1,0,0,False
WASP-184,6000.0,0.5004627399296744,1.23,1.65,4.09,0.12,4.7,2.821664817322517,6.7014061,1,12.5673,G,1,0,0,False
HATS-47,4512.0,-0.79615,0.674,0.6564,4.633,-0.113,8.1,2.4780900975902895,6.2000423,1,14.3998,,1,0,0,False
HATS-71,3405.0,-1.55988,0.4861,0.4783,4.7653,0.17,3.2,2.1468254486815543,83.3831772,1,15.3512,M,1,0,0,False
WASP-171,5965.0,0.48342900081661316,1.171,1.637,4.08,0.04,5.908,2.8795775242971335,8.7248954,1,12.4407,G,1,0,0,False
TOI-540,3130.0,-2.47367,0.166161,0.197117,5.06915,,,1.14619627659232,70.6832118,1,12.8938,,1,0,0,False
HATS-59,5670.0,-0.00436,1.038,1.036,4.422,0.18,4.3,2.8081326172404473,24.183837,1,13.7854,,2,0,0,False
WD 1856+534,4710.0,-4.120483930205599,0.518,0.0131,7.915,,7.93,1.3933277165163689,246.4195939,3,16.958,,1,0,0,False
TOI-3362,6532.0,0.73878,1.445,1.83,4.072,0.017,2.14,2.5646506802513773,25.3285997,1,10.7051,,1,0,0,False
HD 95338,5212.0,-0.3098,0.83,0.87,4.54,0.04,5.08,1.5681324661816052,433.727355,1,8.38213,K,1,0,0,False
GJ 9066,3154.0,-2.59517,0.15,0.164,5.01,-0.13,,0.6504046698680318,2084.5806325,1,10.6711,M,1,0,0,False
EPIC 212624936,5627.0,-0.12371,1.0,0.912526,4.51758,,,2.7496814457182857,34.5778436,1,13.8326,,2,0,0,False
K2-284,4140.0,-1.01323,0.63,0.607,4.67,0.0,0.12,2.0304863777685505,52.300501,1,12.8598,,1,0,0,False
EPIC 201841433,4763.0,-0.5924,0.77,0.74249,4.58318,,,2.6399723085102704,7.9466943,1,14.5885,,1,0,0,False
K2-209,4689.0,-0.57977,0.75,0.77733,4.53192,,,1.8836534872080197,242.2871019,1,10.7447,,1,0,0,False
HAT-P-60,6212.0,0.80889,1.435,2.197,3.9114,0.037,2.765,2.36776579101491,27.218677,1,9.56355,,1,0,0,False
K2-126,4339.0,-0.8717248362301537,0.69,0.65,4.66,0.02,,2.012639006266948,37.0500489,1,12.4013,,1,0,0,False
K2-320,3242.0,-2.12527,0.247708,0.274404,4.95523,,,2.036389328665692,68.8267189,1,16.3554,,1,0,0,False
K2-194,6212.0,0.36302,1.2,1.31129,4.28185,,,2.7990026334277167,11.3489587,1,12.8383,,1,0,0,False
HD 42012,5405.0,-0.2882996521079626,0.83,0.82,4.45,-0.09,4.1,1.565828935894241,263.85284,1,8.22949,K,1,1,1,False
GJ 3138,3717.0,-1.34679,0.681,0.5,4.875207103240748,-0.3,,1.4544057721134245,522.3937499,1,10.1924,M,3,0,0,True
GJ 273,3382.0,-2.05552,0.29,0.293,4.968662757190738,0.09,,0.7724343005772564,3737.8706505,1,,M,2,1,1,True
HD 177565,5648.0,-0.027,0.97,0.99,4.46,0.09,6.88,1.228346453560359,412.2128476,1,5.9739,G,1,0,0,False
tau Cet,5283.0,-0.284,0.8,0.83,4.52,-0.52,,0.5566690835721514,1929.7238523,1,3.24854,G,4,1,1,False
EPIC 201757695,4520.0,-0.36351,0.727,0.655,4.659,-0.003,,,6.764151,1,,,1,0,0,False
K2-125,3565.0,-1.64124,0.387181,0.396198,4.83016,,,2.0939677122427933,72.5742576,1,15.1508,,1,1,1,False
GJ 3942,3867.0,-1.12,0.63,0.61,4.65,-0.04,,1.2286236087584432,213.1474524,1,9.40765,M,1,0,0,False
HD 215152,4856.24,-0.52225,0.79,0.774333,4.55784,-0.084,,1.3344014718167898,328.1892902,1,7.80163,,4,0,0,False
HD 98736,5271.0,-0.22,0.92,0.93,4.4668219302376855,0.36,7.39,1.5111598253313474,177.9208865,2,7.75446,,1,1,1,True
HD 148164,6032.0,0.40572,1.12,1.4608,4.1581,0.21,,1.8876009858583571,88.5238184,1,8.0907,,2,0,0,False
HD 211810,5652.0,0.07,1.03,1.13,4.346680337738333,0.17,,1.8104697688946827,205.2909212,1,8.417831,G,1,1,1,True
HD 13167,5671.0,0.96923,1.008,3.16189,3.44164,0.19,,2.172993853741411,58.0470631,1,8.15997,,1,1,1,False
HD 14787,4946.0,1.1295817498028926,1.43,5.01,3.23,,,2.076046659890326,16.2124844,1,7.37839,,1,0,0,False
HD 238914,4769.0,1.85,1.47,12.73,2.37,-0.25,,2.715545422733916,6.4573886,1,8.497,,1,0,0,False
TYC 3318-01333-1,4776.0,1.21,1.19,5.9,2.97,-0.06,,2.6907363960932735,19.8365449,1,9.4629,,1,0,0,False
HD 211970,4077.0,-1.0518,0.64,0.597134,4.6921,,,1.1181886434690722,298.649343,1,8.40444,,1,0,0,False
HD 102843,5458.43,-0.14059,0.95,0.951087,4.45935,0.16,,1.7976690948447278,406.3212531,1,9.04883,,1,0,0,False
HD 103949,4820.65,-0.57343,0.78,0.74084,4.59071,-0.07,,1.4232409573676736,181.1887549,1,8.38479,,1,1,1,False
HD 21411,5466.99,-0.26077,0.96,0.825605,4.58679,-0.265,,1.464382227370902,314.1254246,1,7.68183,,1,0,0,False
HD 64114,5602.99,-0.13578,0.99,0.907659,4.51786,,,1.4986716263620004,186.8671584,1,7.52581,,1,0,0,False
HIP 54373,3827.0,-1.20978,0.558547,0.564998,4.68103,,,1.2722315996832283,239.4759005,1,9.64076,,2,0,0,False
HD 24085,6047.93,0.37557,1.13,1.40353,4.1967,0.17,,1.7395755086970848,97.7958018,1,7.42496,,1,0,0,False
HIP 71135,4093.0,-0.8949,0.64,0.709773,4.54201,,,1.5096204808504428,255.0438915,1,9.95835,,1,1,1,False
LSPM J2116+0234,3475.0,-1.69897,0.43,0.431,4.95,-0.05,2.0,1.2462449220864402,250.6828196,1,10.8595,M,1,0,0,False
HD 126525,5638.0,-0.0610444802841028,0.897,0.979,4.382,-0.1,9.67,1.5757719015091725,307.8540197,1,7.66978,,1,1,1,False
DE CVn,3579.0,-1.57398,0.41912,0.424754,4.80413,,,1.484620102406662,268.1544429,2,11.9752,,1,0,0,False
HD 20003,5488.48,-0.15173,0.96,0.92872,4.48457,0.032,,1.621504476052826,72.3367105,1,8.19184,,2,0,0,False
HD 20781,5258.15,-0.28816,0.9,0.864779,4.5185,-0.115,,1.5559585481365599,355.1593046,2,8.2372,,4,0,0,False
HD 21693,5434.33,-0.17429,0.95,0.923029,4.48536,0.0,,1.5218569521701695,266.05844,1,7.75701,,2,0,0,False
HD 31527,5909.59,0.10564,1.07,1.07736,4.40273,-0.1711,,1.584865846445031,146.0512221,1,7.33222,,3,0,0,False
HD 51608,5352.6,-0.20592,0.93,0.917404,4.48143,-0.072,,1.5447536881156323,162.8526489,1,7.96058,,2,0,0,False
DMPP-2,6500.0,0.1038,1.44,1.78,4.1,,2.0,2.1396902216529226,28.4170444,1,8.45824,F,1,0,0,False
DMPP-1,6196.0,0.32207657655108685,1.21,1.26,4.41,,2.01,1.7961495437061115,21.4467413,1,7.85032,F,4,0,0,False
DMPP-3 A,5138.0,-0.28585096566921586,0.87,0.91,4.3,0.18,10.9,1.6554265877459187,384.46,2,,K,1,0,0,False
GJ 3082,3646.0,-1.46273,0.462652,0.465216,4.76801,,,1.2205944347378441,327.7180187,1,10.2011,,1,0,0,False
GJ 1061,2953.0,-2.76955,0.12,0.156,5.132932049338702,-0.08,7.0,0.5649949148284045,833.7162183,1,10.9889,M,3,2,1,True
CoRoT-31,5700.0,0.6412661924884636,1.25,2.15,3.85,0.0,4.7,3.3022789661164587,7.7483816,1,15.4655,G,1,0,0,False
HD 13808,5068.41,-0.43379,0.85,0.787074,4.57546,-0.2069,,1.4507185701525147,112.2799785,1,8.11006,,2,0,0,False
HD 60292,4348.0,2.3941,1.7,27.0,1.9,-0.17,1.8,2.4986013647691157,27.2640659,1,6.53238,K,1,0,0,False
HD 112640,4155.0,2.45255,1.8,39.0,1.7,-0.09,1.6,2.5096527181721626,22.5339477,1,6.07664,K,1,0,0,False
HATS-76,4016.0,-1.0381,0.662,0.6259,4.665,0.322,4.6,2.5862372527954567,38.9888697,1,15.7942,,1,0,0,False
Qatar-4,5215.0,-0.31785,0.896,0.849,4.533,0.103,0.17,2.517243416934845,8.9208096,1,13.4114,K,1,0,0,False
NGTS-6,4730.0,-0.59176,0.767,0.754,4.7,0.11,9.77,2.4889199917798357,23.8953587,1,13.8175,,1,0,0,False
TOI-122,3403.0,-1.85387,0.312,0.334,4.88,,2.0,1.793217464394793,273.291901,1,14.3357,M,1,0,0,False
LHS 1678,3563.0,-1.77972,0.320556,0.33819,4.88565,,,1.2983770558429968,996.9452302,2,11.5403,,3,0,0,False
DS Tuc A,5542.0,-0.19141109438272633,0.959,0.872,4.6,-0.08,0.04,1.6440661774268077,104.2238507,2,8.31926,G,1,0,0,False
K2-231,5695.0,-0.06968802579454043,1.01,0.95,4.48,0.14,3.0,2.506795817631307,26.0260755,1,12.5593,,1,0,0,False
K2-315,3300.0,-2.38722,0.174,0.196,5.094,-0.24,1.0,1.7556355468264266,141.5462321,1,15.6791,M,1,0,0,False
HD 221416,5080.0,0.71181,1.212,2.943,3.584,-0.08,4.9,1.980222964471229,109.5030074,1,7.90776,,1,0,0,False
TOI-558,6466.0,0.54654,1.349,1.496,4.218,-0.004,1.79,2.604906131081834,4.0047172,1,11.3253,F,1,0,0,False
TOI-251,5875.0,-0.0804,1.036,0.881,4.56,-0.106,0.18,1.9979234588239199,44.6798041,1,9.75411,,1,0,0,False
HD 155193,6285.0,0.6411,1.23,1.76439,4.03478,,,1.7619240815315986,151.8308567,1,6.86686,,1,0,0,False
HD 18015,5603.0,0.9376610149304578,1.49,3.13,3.64,,,2.092724152702903,63.2030945,1,7.72194,,1,1,1,False
WASP-53,4953.0,-0.46344,0.839,0.798,4.553,0.22,,2.3039257502131956,12.2274131,1,12.3473,,2,0,0,False
HAT-P-67,6406.0,0.93852,1.642,2.546,3.854,-0.08,1.24,2.570176203180061,20.4868845,2,9.97496,,1,0,0,False
TOI-237,3212.0,-2.38722,0.179,0.211,5.04,,4.5,1.5806387713776082,365.832527,1,14.754,M,1,0,0,False
BD+63 1405,5073.0,-0.41295,0.85,0.804724,4.55619,,,1.5803238427963064,249.4112585,1,8.705,,1,1,1,False
WASP-187,6150.0,1.0119631841175347,1.54,2.83,3.722,0.0,2.55,2.5698582699157533,26.4359963,1,10.1318,F,1,0,0,False
HAT-P-61,5587.0,-0.1152,1.004,0.938,4.496,0.194,2.6,2.5299946730691416,24.1065905,1,12.9386,,1,0,0,False
HATS-46,5495.0,-0.22988,0.917,0.853,4.542,-0.06,3.0,2.6568721476203825,22.6729912,1,13.527,,1,0,0,False
HD 25015,5160.0,-0.35835515877171936,0.86,0.83,4.4,0.04,4.0,1.5732546342540343,159.3723087,1,8.59876,K,1,0,0,False
HD 95544,5722.0,0.05633905456858513,1.09,1.088,4.07,0.11,,1.9435187526211586,218.7142993,1,8.210671,G,1,0,0,False
HIP 67537,4985.0,1.61669,2.41,8.69,2.85,0.15,,2.064630175314412,10.9557596,1,6.17087,K,1,0,0,False
Kepler-1073,5792.0,0.004204062723649315,1.0,1.0,4.44,0.0,3.72,2.908429790266341,12.1185724,1,14.5317,,3,0,0,False
GJ 414 A,4120.0,-0.92445,0.65,0.68,4.65,0.24,12.4,1.0751562856458943,623.6368895,2,7.72808,K,2,0,0,False
HD 115954,5957.0,0.22072185209581233,1.18,1.213,4.15,0.34,,1.942720703617833,77.7926177,1,8.18736,G,1,0,0,False
HD 80869,5877.79,0.39977,1.06,1.52796,4.09515,,,1.9314329514382547,136.2539832,1,8.33173,,1,1,1,False
HD 55696,6012.0,0.52611,1.11,1.68915,4.02805,0.35,,1.8919236351889706,39.0029766,1,7.81135,,1,1,1,False
BD+60 1417,4993.0,0.35595,1.0,0.797,4.5539,,0.1,1.6527712394942808,141.8849865,1,9.17439,K,1,0,0,False
Kepler-1708,6157.0,0.182,1.088,1.117,4.37,0.0,3.16,3.2218548296965426,5.0640372,1,15.6837,,1,1,1,False
HIP 5763,4352.0,-0.73999,0.68,0.750378,4.52002,,,1.5038492203744156,59.3401652,1,9.39022,,1,0,0,False
HIP 34222,4050.0,-1.03267,0.63,0.6186,4.65459,,,1.3586694782555189,108.589223,1,9.57701,,1,1,1,False
HD 233832,4981.0,-0.5928261576907062,0.71,0.68,4.49,-0.66,5.417,1.7689487289449894,489.9546157,2,9.94557,,1,0,0,False
YSES 2,4749.0,-0.1854,1.1,1.193,4.328111797817542,,0.0139,2.0390411400544313,34.0936808,1,10.5352,K,1,0,0,True
HD 216520,5103.0,-0.452,0.82,0.76,4.54,-0.16,6.0,1.2911911885624603,191.4334545,1,7.27896,,2,1,1,False
GJ 887,3688.0,-1.43415,0.489,0.4712,4.78,-0.06,2.88,0.5171958979499743,6896.07,1,,M,2,0,0,False
Kepler-1790,6005.0,0.33593360859233395,1.235,1.363,4.262675245926338,0.32,2.88,3.0294527722623497,18.6438308,1,14.0943,,1,0,0,True
Kepler-1785,5971.0,-0.04511834336516562,0.916,0.889,4.502,-0.38,,2.8725874384015997,7.7007212,1,14.1632,,1,0,0,False
Kepler-1830,6273.82,0.63129,1.22,1.75079,4.03796,0.1498,,3.0240256795530747,7.1491182,1,13.4841,,1,0,0,False
BD+55 362,5092.0,-0.31295,0.85,0.896193,4.46268,,,1.720735498633104,341.3577474,1,9.15305,,1,1,1,False
HD 96992,4725.0,1.47,0.96,7.43,2.76,-0.45,,2.5977851062813424,39.2648414,1,8.27377,,1,0,0,False
BD+45 564,5087.09,-0.39918,0.85,0.813064,4.54724,0.09,,1.7293430083183496,278.1169411,1,9.41266,,1,1,1,False
KIC 8121913,5828.0,0.73994,1.05,2.29925,3.73609,,,2.849605500130634,7.3708257,1,12.3034,,1,0,0,False
HD 22496,4385.0,-1.17393,0.684,0.674,4.69,-0.08,,1.1333983785979713,507.9938676,1,8.01945,,1,0,0,False
HD 124330,6138.0,0.33766,1.16,1.30446,4.27166,,,1.7795798982945288,152.2965432,1,7.71674,,1,0,0,False
HD 331093,5496.0,0.00646,0.96,1.1112,4.32876,,,1.7006414234292337,198.5538698,1,8.19105,,1,1,1,False
HD 168009,5767.0,0.149,0.98,1.17,4.31,0.0,9.68,1.3674155625246402,138.3253235,1,6.14052,G,1,0,0,False
GJ 740,3913.0,-1.206,0.58,0.56,4.68,0.08,,1.0453894872630964,1236.1557764,1,8.45636,M,1,0,0,False
HATS-37 A,5326.0,-0.25571,0.843,0.877,4.478,0.051,11.46,2.3261227585308792,22.6368983,2,11.9978,,1,0,0,False
HD 3765,5032.0,-0.432,0.85,0.79,4.58,0.18,2.0,1.2534833920870143,757.9521801,1,7.07827,K,1,0,0,False
HD 29021,5560.0,-0.2079731322758972,0.85,0.85,4.44,-0.24,7.4,1.4912762274787712,66.5400252,1,7.58565,G,1,1,1,False
GJ 480,3381.0,-1.61155,0.452746,0.455815,4.77635,,,1.1533818779334857,1182.6515022,1,10.3249,,1,0,0,False
HD 211403,6206.0,0.36406,1.19,1.3154,4.2755,,,1.9195586897677575,103.5208294,1,8.34865,,1,0,0,False
HD 136925,5779.0,0.13441,1.04,1.16454,4.32279,-0.2,,1.6800997154567276,272.4319594,1,7.74447,,1,0,0,False
TYC 0434-04538-1,4679.0,1.67,1.04,9.99,2.49,-0.38,,2.787759347628317,48.1732279,1,9.92369,,1,0,0,False
17 Sco,4157.0,2.25435,1.22,25.92,1.7,-0.01,5.13,2.096746687575755,10.6681995,1,4.75429,K,1,0,0,False
Kepler-1776,5961.17,0.16391,1.09,1.13226,4.3676,-0.1003,,2.839060521792885,6.2679789,1,13.5571,,1,0,0,False
KOI-3503,5997.65,0.30005,1.11,1.30833,4.24995,-0.5428,,2.9479549544925434,22.0853664,1,13.7744,,2,0,0,False
HD 360,4770.0,1.74162,1.69,10.86,2.59,-0.06,,2.047438427327648,48.8486369,1,5.70895,G,1,0,0,False
HD 10975,4840.0,1.78986,1.41,11.16,2.48,-0.21,,2.066348291883861,115.6407874,1,5.67103,K,1,0,0,False
HD 79181,4862.0,1.78965,1.28,11.06,2.45,-0.28,,2.014247443807829,72.6797282,1,5.45292,G,1,0,0,False
HD 99283,4886.0,1.80963,1.76,11.21,2.57,-0.16,,2.045686694790113,86.4029026,1,5.46403,K,1,0,0,False
ups Leo,4836.0,1.80003,1.48,11.22,2.46,-0.2,,1.7209634508990377,42.3351126,1,4.0304,G,1,0,0,False
HD 161178,4786.0,1.75097,1.06,10.95,2.38,-0.21,,2.030146167581612,28.170433,1,5.59958,G,1,0,0,False
HD 219139,4831.0,1.79463,1.46,11.22,2.48,-0.2,,2.0209203668554356,8.0977076,1,5.57762,G,1,0,0,False
gam Psc,4742.0,1.76649,0.99,11.2,2.33,-0.62,,1.6160625540557838,760.4929636,1,3.41425,G,1,0,0,False
Kepler-1869,5770.0,-0.05012,1.034,0.944588,4.5021,0.0,,2.0531745157063317,28.8311965,1,10.0911,,2,0,0,False
Kepler-1930,4957.62,-0.50545,0.817,0.757501,4.59152,0.051,,2.4404273145452144,9.6836528,1,13.3746,,1,0,0,False
HD 39194,5186.19,-0.39757,0.88,0.783742,4.5942,-0.627,,1.4218193756062094,1276.8394966,1,7.85201,,3,0,0,False
Kepler-1701,5146.0,-0.35064,0.87,0.840217,4.5288,0.03,,2.7665184332769823,10.5708322,1,14.5504,,1,1,1,False
Kepler-1859,5845.23,0.15429,1.05,1.16465,4.32686,0.0683,,3.124259620782813,12.1932449,1,15.1088,,2,0,0,False
Kepler-1739,5703.0,-0.14011,1.02,0.871746,4.56589,,,2.8941310049500095,20.5438447,1,14.6422,,1,0,0,False
KOI-3680,5708.11,0.06783,1.02,1.10556,4.3595,0.2028,,2.9647243265103445,12.0589008,1,14.5027,,1,0,0,False
Kepler-1772,5800.0,0.6755093265208983,1.2,2.16,3.85,,5.1,2.940299283386703,1.5758545,1,13.3948,,1,0,0,False
Kepler-1677,6013.72,0.2648,1.11,1.24959,4.28986,0.108,,2.866505317927855,3.9903376,1,13.644,,1,0,0,False
Kepler-1927,6002.51,0.77402,1.11,2.25422,3.7774,0.138,,3.037824750588342,2.308727,1,13.2168,,1,0,0,False
Kepler-1680,5146.0,-0.2879338641249948,0.832,0.905,4.445,0.2,,2.491802769009171,8.2672103,1,13.6931,,1,0,0,False
Kepler-1725,6108.0,0.12216041291516605,1.132,1.03,4.466,0.07,,2.7471413578991526,0.6926373,1,13.0267,,1,0,0,False
Kepler-1266,5044.0,-0.4743826538669539,0.8,0.76,4.59,-0.07,5.13,2.929067260311029,19.6700418,1,15.836,,2,0,0,False
Kepler-1833,6100.88,0.4374,1.15,1.48104,4.15763,0.1423,,2.7720296335254897,4.9180015,1,12.5657,,1,0,0,False
Kepler-1783,5111.02,-0.45102,0.859,0.758799,4.61181,0.101,,2.4217322221967894,2.5818796,1,13.0982,,1,0,0,False
Kepler-1934,5859.78,0.1085,1.059,1.09935,4.38069,-0.1381,,2.6319650153453864,3.3713486,1,12.7503,,1,0,0,False
Kepler-1672,6131.95,0.17867,1.16,1.08841,4.42894,-0.25,,2.592377752568666,20.4603022,1,12.3961,,1,0,0,False
Kepler-1933,5742.17,-0.11595,1.026,0.884144,4.55617,-0.038,,2.5158831120925758,2.5073041,1,12.6781,,1,0,0,False
Kepler-1656,5731.0,0.06859685411473564,1.03,1.1,4.37,0.19,6.31,2.269220981530011,20.6153452,1,11.0622,,2,1,1,False
Kepler-1838,6031.59,0.53674,1.119,1.69886,4.02658,0.0461,,2.6544095154419067,36.2798296,1,11.803,,1,0,0,False
Kepler-1938,4582.0,-0.64954,0.724,0.751226,4.54626,,,2.6244388674445136,2.7529924,1,14.8554,,1,0,0,False
Kepler-1001,5491.0,-0.199539030894868,0.9,0.88,4.52,-0.03,4.68,2.9680054291801485,2.8438942,1,15.3302,,2,0,0,False
Kepler-1824,6289.0,0.23157941791301065,1.074,1.102,4.387,-0.12,,3.0170750963760593,10.8456212,1,14.6752,,1,0,0,False
Kepler-1686,5714.96,0.14075,1.02,1.19951,4.28866,0.0775,,2.8632175458136206,8.2984055,1,13.7519,,1,0,0,False
Kepler-1746,6270.99,0.496,1.22,1.49962,4.17247,-0.2439,,2.991022618688187,11.8231158,1,13.4903,,1,0,0,False
Kepler-1747,5477.0,-0.21890697138794324,0.983,0.865,4.557,0.21,,3.1210277291747577,5.041988,1,15.9687,,1,0,0,False
Kepler-1777,5600.06,-0.03321,0.99,1.0225,4.41438,0.051,,2.7917930715044643,3.5032278,1,13.9541,,1,0,0,False
Kepler-1085,6000.0,0.179304554174807,1.11,1.14,4.37,0.08,3.39,3.1349830883322127,0.1586386,1,15.2469,,2,0,0,False
Kepler-1692,5146.0,-0.32425,0.87,0.866139,4.50241,,,2.77160144274677,19.8130856,1,14.5049,,1,0,0,False
Kepler-1710,5572.0,-0.14261,0.983,0.910598,4.51197,-0.07,,2.4845745682859985,25.4446212,1,12.5606,,1,0,0,False
Kepler-1794,5052.0,-0.40987646499181773,0.773,0.816,4.503,0.02,,2.749140103936107,22.5959802,1,15.2846,,1,0,0,False
Gl 49,3805.0,-1.30645,0.515,0.511,4.69,0.13,,0.9935596672231041,736.7380754,2,8.66282,M,1,0,0,False
Kepler-1931,6205.12,0.4741,1.19,1.49349,4.16521,-0.1096,,2.7924554280431253,6.6905125,1,12.5586,,1,0,0,False
Kepler-1774,5942.35,0.19049,1.09,1.17485,4.33553,-0.2752,,2.9120051209055258,19.4726544,1,13.8899,,1,0,0,False
Kepler-1312,5602.86,-0.09874,0.991,0.947246,4.48122,0.0832,,2.4758222210096252,9.4664424,1,12.3778,,2,0,0,False
Kepler-1898,5702.0,0.07930374675581472,0.837,1.125,4.258,-0.28,,2.5574121519924202,23.1282875,1,13.1697,,1,0,0,False
USco1621 A,3441.0,-1.08598,0.425,0.805924,4.25387,,,2.139567415508027,26.341546,1,14.1769,,1,0,0,False
Kepler-1868,4548.13,-0.66249,0.717,0.751174,4.54211,-0.076,,2.43803577209308,12.092861,1,13.8592,,1,1,1,False
Kepler-1748,5376.0,-0.34954,0.93,0.770843,4.63262,,,3.034740725081485,5.1834208,1,15.8529,,1,0,0,False
Gl 378,3745.0,-1.25477,0.554359,0.560225,4.68513,,,1.174771897081744,1605.1016236,1,9.26515,,1,0,0,False
Kepler-1867,5603.03,0.21949,0.991,1.36632,4.16304,0.011,,2.8328810968338427,20.3486269,1,13.4367,,1,0,0,False
Kepler-1769,6173.0,0.21523,1.18,1.12015,4.4114,,,2.6418824329363,9.8700893,1,12.445,,1,0,0,False
Kepler-1067,5592.0,-0.11987560197434227,0.95,0.93,4.49,0.03,4.79,2.82457682317476,8.9577147,1,14.2726,,2,0,0,False
Kepler-1689,5731.43,-0.01555,1.023,0.996208,4.45124,-0.1455,,2.4685275104685136,11.1225791,1,12.1077,,1,0,0,False
Kepler-1932,5396.0,-0.18185648892537581,0.978,0.93,4.491,0.4,,2.8535357771640726,16.0074905,1,15.0331,,1,0,0,False
Kepler-1857,6074.0,0.09112112380928837,0.873,1.005,4.375,-0.54,,2.931089021478062,15.0908361,1,14.1486,,1,0,0,False
Kepler-1744,5623.54,-0.09777,1.0,0.941344,4.49057,-0.1955,,3.03807546237293,3.4564091,1,15.2558,,1,0,0,False
Kepler-1881,5156.0,-0.3067,0.87,0.880395,4.48823,-0.14,,3.024161262409237,15.4489661,1,15.8603,,1,1,1,False
Kepler-1714,6088.22,0.76008,1.14,2.15632,3.82755,0.1159,,2.612211482096999,13.0541279,1,10.9663,,1,0,0,False
HD 45184,5810.0,0.083,1.01,1.08,4.38,0.04,6.8,1.3414978339653625,205.3081838,1,6.21037,G,2,0,0,False
CoRoT-30,5650.0,-0.12083357411277121,0.98,0.91,4.4,0.02,3.0,3.0137764769438973,1.285261,1,15.413,G,1,0,0,False
Kepler-1726,5470.0,-0.2022563146728432,0.854,0.884,4.477,-0.08,,2.591678866150748,3.0912715,1,13.6766,,1,0,0,False
Kepler-1950,5526.06,-0.22345,0.97,0.843518,4.57265,0.146,,2.8433903915370733,6.4083113,1,14.5569,,1,0,0,False
Kepler-1965,5542.49,-0.07602,0.976,0.993645,4.43305,0.011,,2.717496583993704,12.5252883,1,13.6415,,1,0,0,False
Kepler-1311,5719.0,0.47186,1.02,1.75366,3.95878,0.0524,,2.937683855075514,7.0262315,1,13.3176,,3,0,0,False
Kepler-1130,5403.0,-0.29960024211863,0.9,0.81,4.57,-0.06,1.58,2.396797180438697,4.5870063,2,12.3956,,3,0,0,False
BD+48 740,4534.0,1.64,1.09,10.33,2.48,-0.13,,2.8238581426897715,5.2489645,1,8.26449,,1,0,0,False
GJ 685,3816.0,-1.253,0.55,0.54,4.72,-0.15,,1.1558065213026916,577.2316268,1,9.1671,M,1,0,0,False
HD 284149 A,6061.0,0.26955,1.13,1.23691,4.30647,,,2.0711710966569616,16.0465447,2,9.41967,,1,0,0,False
CD Cet,3130.0,-2.53254,0.161,0.175,4.93,0.13,3.0,0.934859371642858,1743.982574,1,12.1232,M,1,0,0,False
HD 154088,5409.0,-0.143,0.92,0.95,4.46,0.31,12.48,1.2617195302100948,281.2003086,1,6.36693,K,1,0,0,False
HD 25723,4766.0,1.94443,2.12,13.76,2.5,-0.03,0.95,2.0600024126919605,23.0586418,1,5.31947,K,1,0,0,False
Kepler-1840,4679.82,-0.58706,0.75,0.77386,4.5358,-0.038,,2.7102079395055823,11.9468267,1,15.0578,,1,1,1,False
Kepler-1786,5718.47,0.15863,1.02,1.22294,4.27186,-0.005,,2.936467998405693,7.6393032,1,14.0789,,1,0,0,False
HD 17674,5904.0,0.18123925983947856,0.98,1.18,4.34,-0.16,8.4,1.6476411225256111,132.4775081,1,7.40113,G,1,1,1,False
K2-295,4444.0,-0.7658178689288788,0.74,0.7,4.63,0.14,,2.3669848414999692,65.1585109,1,13.5184,K,1,0,0,False
K2-156,4460.0,-0.8712539214929244,0.642263,0.615543,4.68,-0.33,,2.1766988461185717,127.3340214,1,12.9484,,1,0,0,False
K2-239,3420.0,-1.79588,0.4,0.36,4.9,-0.1,,1.4925494745827963,42.4516694,1,13.4367,M,3,0,0,False
K2-247,4667.0,-0.6932607650175784,0.74,0.69,4.63,-0.08,,2.411809878569769,38.4640839,1,14.3583,,2,0,0,False
EPIC 220492298,5443.04,-0.0088,0.95,1.11319,4.32266,0.47,,2.7955407877601344,16.0543809,1,13.7756,,1,0,0,False
HD 72490,4934.0,1.1166497835625513,1.21,4.96,3.21,,,2.101537435038952,30.0398251,1,7.57415,,1,0,0,False
K2-163,4815.5,-0.52871,0.78,0.781651,4.54414,0.2008,,2.3191664605768127,69.7141965,1,12.8062,,1,0,0,False
EPIC 211945201,6025.0,0.35247622775738424,1.18,1.38,4.25,0.1,3.99,2.259331024917654,61.7731533,1,10.0512,G,1,0,0,False
Kepler-1600,5214.0,-0.3507983379360388,0.86,0.82,4.55,0.07,4.68,3.0131786230373394,4.0043211,1,15.8138,,2,1,1,False
K2-192,5163.0,-0.36021,0.874,0.825553,4.54609,,,2.3458695039248805,24.7652981,1,12.45,,1,0,0,False
K2-293,5532.0,-0.12288150627707399,0.958,0.947,4.52,0.218,,2.5935640594455345,33.1908207,1,13.1611,,1,0,0,False
K2-129,3377.0,-1.82842,0.341073,0.355943,4.86815,,,1.443977615676586,316.2727299,1,12.4624,,1,0,0,False
Kepler-1854,5026.0,-0.4817366612155231,0.8,0.759,4.58,0.0,,2.626697512398649,29.2288973,1,14.1068,,1,0,0,False
Kepler-1846,4895.16,-0.53047,0.8,0.754888,4.58539,0.275,,2.5735851630200104,18.0864718,1,14.1277,,1,0,0,False
Kepler-1848,4991.0,0.1732067281023854,0.953,1.636,3.99,0.42,,2.4909355960925113,47.2404503,1,13.679,,1,0,0,False
Kepler-1912,5641.52,-0.04936,1.0,0.988958,4.44771,0.0508,,2.472781307212506,6.309925,1,12.2385,,1,0,0,False
TCP J05074264+2447555,5805.0,0.31745,1.04,1.42487,4.14755,,,2.829867667714332,7.3334058,1,13.8327,,1,0,0,False
HD 210193,5854.47,0.0532,1.06,1.03343,4.43481,0.13,,1.6253422948177028,175.0493765,1,7.6687,,1,1,1,False
TYC 4282-00605-1,4300.0,1.91,0.97,16.21,2.0,-0.07,10.1,2.6666377694073584,35.4878702,1,9.90946,,1,0,0,False
GJ 3779,3324.0,-2.06198,0.27,0.281,5.05,0.0,,1.138081546495746,1061.9991011,1,11.6266,M,1,0,0,False
GJ 3323,3159.0,-2.56864,0.164,0.119,5.503749925262637,-0.27,,0.7303655405594844,767.7791462,1,10.6467,M,2,0,0,True
HIP 35173,4807.0,-0.50659,0.78,0.804658,4.51894,,,1.5205647506599502,116.6710908,1,8.70829,,1,0,0,False
K2-206,5066.0,-0.42694,0.85,0.794054,4.56779,,,2.3881776050897243,31.4985495,1,12.8274,,1,0,0,False
K2-214,6066.33,0.21259,1.13,1.15637,4.36495,-0.506,,2.4780467627564504,30.8225303,1,11.599,,1,0,0,False
K2-216,4503.0,-0.72125,0.7,0.72,4.57,0.0,,2.062435314574367,10.7859024,1,12.0576,K,1,0,0,False
K2-251,3717.0,-1.3859477455927818,0.52,0.49,4.76,-0.04,,2.167405957232292,21.0818139,1,14.7702,,1,0,0,False
K2-253,5318.0,-0.07152,0.92,1.08492,4.33106,,,2.9427841259000465,23.2994939,1,14.7042,,1,0,0,False
HD 4917,4802.0,1.0782539245858127,1.32,5.01,2.97,,,2.3102194712071333,28.0022145,1,7.74877,,1,0,0,False
HD 39855,5528.0,-0.31484,0.97,0.758749,4.66464,,,1.3666078432582272,96.0233904,1,7.32113,,1,0,0,False
EPIC 206215704,3467.0,-2.08843,0.22123,0.250341,4.98585,,,2.040950269144804,45.9510152,1,16.1722,,1,0,0,False
K2-353,5480.81,-0.07632,0.96,1.01578,4.40674,-0.232,,2.4289685516194415,39.018249,1,12.0988,,1,0,0,False
K2-228,4522.69,-0.84881,0.711,0.612988,4.71503,-0.175,,2.112135602681912,18.7947027,1,12.6527,,1,0,0,False
K2-227,5491.47,-0.14569,0.962,0.934176,4.48039,-0.091,,2.2723847155111487,33.9546375,1,11.4954,,1,0,0,False
EPIC 206032309,3489.0,-1.73006,0.361221,0.37344,4.8514,,,2.207809342311594,82.6469435,1,16.0689,,1,0,0,False
K2-150,3499.0,-1.58503,0.457,0.436,4.822,0.09,,2.010651830089243,53.2641114,1,14.815,M,1,0,0,False
K2-269,6177.44,0.46786,1.18,1.49612,4.16002,-0.166,,2.557218378253756,23.6102019,1,11.377,,1,0,0,False
BD+03 2562,4095.0,2.7,1.14,32.35,1.89,-0.71,5.2,3.0296394085336034,17.9285781,1,8.9977,,1,0,0,False
HD 134060,5914.0,0.201,1.07,1.17,4.36,0.09,5.6,1.38043737786975,185.9811074,1,6.13951,G,2,1,1,False
HD 113996,4181.0,2.46389,1.49,25.11,1.86,0.13,3.24,2.065706661025979,78.9315005,2,4.22274,,1,0,0,False
HD 206255,5637.0,0.64946,1.0,2.21455,3.7475,,,1.8764274295006895,83.209229,1,7.44849,,1,0,0,False
K2-232,6154.0,0.23805,1.188,1.161,4.379,0.1,1.43,2.11634203918834,78.6094677,1,9.72626,,1,0,0,False
K2-322,3964.0,-1.06855,0.603793,0.619599,4.63473,,,2.0913679475523903,16.5163291,1,13.3108,,1,0,0,False
K2-286,3926.0,-1.04576,0.64,0.62,4.7,0.0,,1.8816619231958458,120.4262454,1,12.1652,M,1,0,0,False
HD 80653,,0.24,1.18,1.22,4.34,,2.67,2.04083959468534,36.2761417,1,9.30733,G,2,1,1,False
GJ 625,3499.0,-1.894,0.3,0.31,4.94,-0.38,,0.8110713881222554,464.926854,1,9.13702,M,1,0,0,False
HD 111591,4884.0,1.58058,1.94,8.03,3.1,0.07,1.41,2.0575367850752055,122.6073145,1,6.15212,,1,0,0,False
GJ 4276,3387.0,-1.70553,0.406,0.407,4.97,0.12,6.9,1.329117073664632,333.3662868,1,11.6605,M,1,0,0,False
K2-272,5363.56,-0.30214,0.93,0.817851,4.5812,-0.3547,,2.626407097806816,17.4633816,1,13.6668,,1,0,0,False
HD 238090,3933.0,-1.15366,0.578,0.57,4.7,-0.03,,1.1828538609552983,249.9602569,1,9.037911,M,1,0,0,False
HD 176986,4931.0,-0.48017,0.789,0.782,4.44,0.03,4.3,1.443799459607384,267.8924859,1,8.14249,K,2,0,0,False
TAP 26,4412.68,-0.54309,0.69,0.915595,4.35351,-0.1992,,2.0842258414493635,13.4215716,1,11.8101,,1,0,0,False
HD 94834,4798.0,0.9236294052903355,1.11,4.2,3.22,,,1.9919385316183147,80.5908192,1,7.30241,,1,1,1,False
EPIC 228836835,3506.0,-1.61153,0.418179,0.423901,4.8049,,,2.1764501275155195,108.7583778,1,15.4185,,1,0,0,False
K2-152,3940.0,-1.06048,0.654,0.631,4.657,0.09,,2.035225551772211,92.9638901,1,13.0383,M,1,0,0,False
GJ 251,3451.0,-1.77211,0.36,0.364,4.96,-0.03,,0.7466785600866778,828.3471043,1,8.85518,M,1,0,0,False
K2-139,5340.0,-0.26593059026906135,0.919,0.862,4.5,0.22,1.8,2.187114437314589,38.7241554,1,11.4626,K,1,0,0,False
HD 40956,4869.0,1.66436,2.0,8.56,3.02,0.14,1.35,2.0666724770728155,36.5421733,1,6.14049,,1,0,0,False
HD 220197,5672.13,-0.0052,1.01,1.02934,4.41727,-0.56,,1.808960041759709,410.0980433,1,8.74481,,1,0,0,False
HD 180053,5131.0,1.0107499757432146,1.75,4.06,3.54,,,2.1368568571756748,30.57853,1,7.70327,,1,0,0,False
HD 180617,3534.0,-1.49,0.484,0.481,4.9,-0.04,,0.7716308346807756,1453.095559,2,8.0976,,1,1,1,False
HD 8326,4904.6,-0.49166,0.8,0.786348,4.54993,0.0399,,1.4869431112662979,232.3637314,1,8.47487,,1,1,1,False
HD 158996,4069.0,3.01481,1.8,50.3,1.4,-0.2,1.6,2.452796567517605,18.6663408,1,5.18609,K,1,0,0,False
NSVS 14256825,40000.0,1.97364,0.47,0.202,5.49946,,,2.9142780874200978,8.1420268,2,13.2452,,1,0,0,False
GJ 96,3782.0,-1.20665,0.571974,0.580612,4.66767,,,1.0766950455791668,219.8002602,1,8.63186,,1,1,1,False
K2-279,5425.98,-0.20451,0.945,0.894218,4.51061,-0.5313,,2.262410743560265,102.2951419,1,11.5907,,1,0,0,False
HD 3167,5300.0,-0.27003,0.852,0.871,4.47,0.037,10.2,1.674768395650146,203.8802519,1,8.76221,,4,0,0,False
K2-160,5665.0,-0.12065,1.01,0.903504,4.53053,,,2.4988107383320215,16.0551861,1,12.542,,1,0,0,False
K2-164,5959.4,0.60855,1.092,1.89027,3.92324,-0.239,,2.5748065148539965,1.8536765,1,11.0942,,1,0,0,False
K2-124,3560.0,-1.6157424447017412,0.43,0.41,4.85,-0.08,,2.1473207063319224,32.7273697,1,15.4618,,1,0,0,False
K2-127,4575.0,-0.766457885339107,0.72,0.66,4.65,-0.11,,2.8512577370362755,23.8024081,1,14.7871,,1,0,0,False
K2-317,3373.0,-1.87068,0.322467,0.339843,4.884,,,2.246230141283397,60.9320963,1,16.6387,,1,0,0,False
Kepler-1963,5726.0,-0.03413939168411771,0.915,0.979,4.418,-0.1,,2.6927121173124937,11.8293177,1,13.8875,,1,0,0,False
K2-176,5377.81,-0.116,0.932,1.00795,4.4006,0.191,,2.3932276286356666,30.8939386,1,12.6504,,1,0,0,False
K2-290,6302.0,0.5093323739972614,1.194,1.511,4.23,-0.06,4.0,2.436017858080621,32.0401184,3,10.8204,,2,0,0,False
K2-172,5547.0,-0.20215,0.977,0.857949,4.56104,,,2.3974915853404553,56.0911787,1,12.2809,,2,0,0,False
K2-264,3580.0,-1.48149,0.471,0.473,4.763298625653274,0.12,,2.2685896714688383,40.0931162,1,15.6625,M,2,0,0,True
EPIC 212499991,5079.0,-0.46963,0.85,0.752111,4.61492,,,2.4522312444058234,8.7451107,1,13.3118,,1,0,0,False
K2-217,6004.0,0.27202,1.11,1.2641,4.27983,,,2.581924639379305,5.0971571,1,12.0279,,1,0,0,False
EPIC 201497682,4670.35,-0.69504,0.74,0.68617,4.63444,-0.0892,,2.403165149936156,16.4083645,1,13.7368,,1,0,0,False
K2-242,3388.0,-1.808,0.348113,0.362047,4.86226,,,2.0383697645056285,8.3136347,1,15.3818,,1,0,0,False
K2-195,5750.93,-0.01196,1.03,0.993569,4.45651,-0.114,,2.498329855337654,12.6036521,1,12.3238,,2,0,0,False
K2-323,3645.0,-1.3393,0.532995,0.536548,4.70557,,,2.0730508199112085,20.5899921,1,14.0693,,1,0,0,False
K2-190,5605.6,-0.06781,0.991,0.980624,4.45114,-0.74,,2.205959120197838,114.8713513,1,10.9586,,2,0,0,False
K2-224,5620.0,-0.199606315632705,0.91,0.84,4.55,-0.19,,2.4397352166635424,17.4424654,1,12.5216,,2,0,0,False
K2-149,3745.0,-1.3098,0.595,0.568,4.707,0.11,,2.0922854306006102,38.684391,1,13.7795,M,1,0,0,False
EPIC 201238110,3587.0,-1.50834,0.453007,0.45606,4.77613,,,2.2021039844290065,28.0214205,1,15.2612,,1,1,1,False
K2-249,6504.0,0.5974112851298019,1.32,1.57,4.16,0.04,,2.7174341558811976,11.4541649,1,12.4497,,1,0,0,False
K2-122,3903.0,-1.10237,0.644,0.612,4.677,0.37,,1.8576002288194375,57.8847947,2,12.3708,,1,0,0,False
EPIC 212424622,5915.0,0.21405,1.08,1.21834,4.29996,,,2.7866123120933293,12.7105535,1,13.2026,,1,0,0,False
K2-319,5296.0,-0.2172,0.91,0.925033,4.46479,,,2.320293796502885,22.9166813,1,11.9397,,1,0,0,False
K2-151,3585.0,-1.55284,0.44,0.429,4.82,-0.32,,1.8418585596452195,62.5229431,2,13.3119,M,1,0,0,False
K2-283,4891.0,-0.43155,0.8,0.847389,4.48499,,,2.605213435906535,11.1101761,1,14.1316,,1,0,0,False
K2-200,5017.84,-0.4288,0.834,0.807647,4.54479,-0.01,,2.2651269117824504,96.8441272,1,12.2315,,1,0,0,False
K2-355,5571.1,-0.11465,0.98,0.940689,4.4824,0.111,,2.699401478643808,10.6420569,1,13.5297,,1,0,0,False
EPIC 201427007,5382.73,-0.04875,0.93,1.0871,4.33401,0.3139,,2.8490451573372972,17.7833657,1,14.147,,1,0,0,False
K2-220,5761.0,-0.00422,1.031,0.998955,4.45223,,,2.3683129231911266,31.5139596,1,11.7214,,1,0,0,False
K2-291,5520.0,-0.16622,0.934,0.899,4.5,0.08,3.72,1.9545136175786233,101.823826,1,9.86639,,1,0,0,False
K2-241,5262.0,-0.41238424825057596,0.71,0.75,4.54,-0.44,,2.174536600793708,118.5480295,1,11.7562,,1,0,0,False
K2-107,6030.0,0.5749991031456806,1.3,1.78,4.07,0.1,4.25,2.835817354293473,7.6809039,1,12.7669,F,1,0,0,False
K2-259,5962.19,0.17864,1.09,1.15123,4.35317,0.158,,2.619570166302743,3.4941665,1,12.375,,1,0,0,False
K2-50,4292.67,-0.80213,0.67,0.718013,4.55188,-0.1132,,2.410681087646247,25.7102817,1,14.2575,,2,0,0,False
K2-178,5525.0,-0.1816723622758468,0.95109,0.887267,4.55,0.09,,2.331939239438532,13.1765928,1,12.1562,,1,0,0,False
K2-153,3720.0,-1.36653,0.512,0.495,4.761,-0.26,,2.1557154996839634,76.9616178,1,14.2706,M,1,0,0,False
K2-252,5152.0,-0.3715790278582565,0.79,0.82,4.5,-0.09,,2.3595300412810505,22.9167594,1,12.6201,,1,0,0,False
K2-238,5630.0,0.35771767801357535,1.19,1.59,4.11,0.34,5.63,2.7307524068031723,,1,13.6635,G,1,0,0,False
K2-255,4301.58,-0.72041,0.67,0.785581,4.47376,0.28,,2.282413637745259,29.8386365,1,13.3087,,1,0,0,False
K2-276,5139.0,-0.34475782786343534,0.82,0.85,4.49,0.07,,2.6885550729918655,23.3626822,1,14.3792,,1,0,0,False
K2-80,5203.0,-0.30318,0.885,0.868066,4.50791,,,2.30276803409369,60.4217183,1,12.377,,3,0,0,False
K2-157,5377.0,-0.19479,0.93,0.920826,4.4782,,,2.474759520940241,37.5106484,1,12.6419,,1,0,0,False
K2-326,4000.0,-0.97488,0.62,0.677785,4.56828,,,2.450723185290479,22.6698856,1,15.0082,,1,0,0,False
K2-32,5274.0,-0.29607,0.904,0.851795,4.53357,-0.03,,2.1977821197915244,56.1485729,2,12.0036,,4,0,0,False
K2-280,5500.0,0.12876054723999947,1.03,1.28,4.21,0.33,8.96,2.5927728088883586,13.2692359,1,12.3604,,1,0,0,False
K2-218,5757.0,0.0007948608398591794,1.047488,1.008231,4.45,0.25,,2.5955877006219223,13.9946533,1,12.7137,,1,0,0,False
K2-213,5821.0,0.25653,1.05,1.32106,4.21741,,,2.5907326346526722,18.4347509,1,12.0409,,1,0,0,False
K2-358,5531.16,-0.16134,0.97,0.904376,4.51214,0.11,,2.6815189160980926,24.1567555,1,13.5733,,1,0,0,False
K2-215,5709.0,0.00121,1.02,1.02362,4.42639,,,2.6063426638779785,12.5748021,1,12.8302,,1,0,0,False
HIP 75092,4891.0,1.01995,1.28,4.53,3.09,-0.01,4.3,1.9120604285134666,157.8214864,1,6.82953,K,1,0,0,False
HIP 114933,4823.0,1.13988,1.39,5.27,2.99,0.06,3.4,2.007602704535407,53.8560873,1,6.97658,K,1,0,0,False
CFHTWIR-Oph 98 A,2320.0,-2.85,0.0147,0.245,3.845,,0.003,,,1,,M,1,0,0,False
GJ 9689,3836.0,-1.2,0.59,0.57,4.69,0.05,8.9,1.4860094413493854,422.35657,1,10.5372,M,1,0,0,False
HD 93385,5971.87,0.20645,1.1,1.18484,4.33214,0.0232,,1.6369640552721314,72.9251512,1,7.33769,,3,0,0,False
HD 96700,5865.0,0.17,0.99,1.16,4.31,-0.18,8.12,1.4050234652703633,522.5063935,1,6.35547,G,3,0,0,False
HD 189567,5713.0,0.025,0.92,1.04,4.4,-0.23,9.76,1.252986452921732,1081.1677042,1,5.9098,G,2,0,0,False
HATS-36,6149.0,0.21484,1.222,1.155,4.4,0.28,0.62,2.9326949144289705,7.8836988,1,14.233,G,1,0,0,False
Kepler-1844,5776.0,-0.14278603129847636,0.939,0.849,4.554,-0.18,,3.256323190864252,2.3586766,1,15.6915,,1,0,0,False
Kepler-1916,6215.0,0.24426535522975545,1.195,1.145,4.397,0.14,,3.3129850867683195,11.185884,1,15.8019,,1,0,0,False
Kepler-1964,4798.0,-0.6203524780673149,0.733,0.71,4.601,-0.08,,,14.6653147,1,,,1,0,0,False
Kepler-1862,5657.0,-0.19860925031892787,0.941,0.83,4.57,,0.4,3.0906776798977074,1.5626864,1,15.8381,,1,0,0,False
Kepler-607,5196.0,-0.3782536064448642,0.84,0.8,4.56,-0.02,4.9,2.715269434342427,18.0018965,1,14.3746,,2,0,0,False
Kepler-1940,5264.0,-0.37735,0.9,0.778655,4.60962,,,2.9023265867508714,10.7656207,1,15.2846,,1,0,0,False
Kepler-1967,4970.0,0.25175089685559,0.996,1.806,3.924,0.32,,2.396377214431235,47.8963215,1,13.3752,,1,0,0,False
Kepler-1915,6020.0,0.11942578961343797,1.03,1.057,4.403,-0.06,,3.1803151564716905,6.0085799,1,15.8388,,1,0,0,False
Kepler-1920,5873.66,0.10034,1.06,1.08394,4.39336,0.0515,,2.947391074623945,3.2768156,1,14.3058,,1,0,0,False
Kepler-1946,5505.0,-0.20205236939049082,0.887,0.873,4.503,-0.04,,3.0009197297322237,21.4491327,1,15.5613,,1,0,0,False
Kepler-1697,4681.53,-0.58813,0.747,0.772344,4.53577,0.0341,,2.3940504736421375,21.902014,1,13.3622,,1,0,0,False
Kepler-1895,5004.0,-0.5848231205347105,0.772,0.68,4.66,,1.2,2.9930776241957737,3.8909448,1,15.4813,,1,0,0,False
Kepler-1757,5288.0,-0.4154809246604249,0.828,0.74,4.613,-0.24,,2.907039256135889,7.2655152,1,15.3679,,1,0,0,False
Kepler-1696,5982.0,0.024817950827621765,1.047,0.96,4.493,-0.04,,3.1779287748724427,5.8368767,1,15.4879,,1,0,0,False
Kepler-1699,5513.0,-0.36208104772134264,0.791,0.724,4.616,-0.48,,2.9131560868976774,14.1444282,1,14.6614,,1,0,0,False
Kepler-1968,5009.0,-0.4561565585565261,0.845,0.787,4.573,0.18,,2.875599454939418,23.1706859,1,15.9711,,1,0,0,False
Kepler-1650,3673.0,-1.4263554098224112,0.487,0.479,4.76,,13.9,2.1283895745363552,51.2894081,1,15.7393,,1,0,0,False
Kepler-1693,5432.34,-0.21808,0.95,0.878295,4.52851,0.026,,2.880850734299509,3.28533,1,14.7438,,2,0,0,False
WASP-185,5708.0,0.47507,1.02,1.76693,3.95223,-0.31,,2.4461486756961834,14.7093006,1,10.8949,,1,0,0,False
USco1556 A,3348.0,-1.29647,0.640531,0.668108,4.59491,,,2.1480934175205793,29.0068146,1,14.3099,,1,0,0,False
Kepler-1813,5290.0,-0.4078098069466319,0.821,0.746,4.604,-0.22,,,10.5694136,1,15.5361,,1,0,0,False
Kepler-1911,6237.0,0.5849610581234617,1.115,1.683,4.033,-0.22,,2.431222193255781,7.9284722,1,12.1119,,1,0,0,False
Kepler-1654,5597.0,0.08991,1.011,1.179,4.3001,-0.088,5.0,2.754437785045132,16.1565433,1,13.4057,G,1,1,1,False
Kepler-1807,6363.16,0.60255,1.27,1.64657,4.10871,-0.2337,,3.113716123451266,2.9792191,1,13.9341,,1,0,0,False
Kepler-1760,5229.0,-0.2620600820870784,0.821,0.903,4.441,0.08,,,8.8518331,1,14.3017,,1,0,0,False
Kepler-1841,5315.0,-0.27843,0.92,0.855913,4.537,,,2.800510876894368,5.1813616,1,14.5268,,1,0,0,False
Kepler-1918,5889.0,-0.03559999031382464,0.967,0.924,4.492,-0.16,,3.012883603192782,9.1554701,1,15.7023,,1,0,0,False
Kepler-1779,5730.0,0.03283617423243416,1.008,1.056,4.394,0.16,,2.9583254096784426,6.6847344,1,14.9927,,1,0,0,False
Kepler-1669,4056.0,-1.1183423107191932,0.57,0.56,4.697,-0.23,,2.735154798203336,5.4917453,1,15.9088,,3,0,0,False
Kepler-1826,3890.0,-1.12218,0.592043,0.604869,4.6471,,,2.527568038497856,49.9203455,1,15.6654,,1,0,0,False
Kepler-1835,5903.0,0.0026277581891570173,0.922,0.961,4.437,-0.26,,3.147484635980236,15.9367732,1,15.3562,,1,0,0,False
Kepler-1922,5626.42,0.15221,1.0,1.25398,4.24148,-0.2,,3.1284929679840614,3.2450877,1,15.1917,,1,0,0,False
Kepler-1688,4897.0,0.23561181243672014,0.949,1.826,3.892,0.24,,,3.4927396,1,13.9862,,1,0,0,False
Kepler-1883,6194.0,0.13797499757419432,1.086,1.02,4.457,-0.12,,3.139126286642286,4.0522223,1,15.5406,,1,0,0,False
Kepler-1957,4709.51,-0.60069,0.75,0.752243,4.56041,-0.095,,2.6636057658486405,15.992022,1,14.7806,,1,0,0,False
Kepler-1762,6198.0,0.33126,1.19,1.26993,4.30605,,,3.221085458139909,1.4274696,1,15.083,,1,0,0,False
Kepler-1849,4806.0,-0.5945200275252382,0.709,0.729,4.564,-0.1,,2.8006373586877986,6.5455005,1,15.7002,,1,0,0,False
Kepler-1906,5868.0,-0.07047469175589716,0.987,0.894,4.53,-0.12,,3.1337400423196993,3.5413691,1,14.9602,,1,0,0,False
Kepler-1788,4786.0,-0.6320740546388139,0.686,0.704,4.579,-0.2,,2.7485329989675344,5.3449802,1,15.254,,1,0,0,False
Kepler-1801,5738.0,-0.02872995963289721,0.936,0.981,4.426,-0.06,,2.9239337811477704,4.3540897,1,15.0715,,2,0,0,False
Kepler-1865,5420.0,-0.2310766938638384,0.849,0.871,4.487,-0.06,,2.9648510184301755,16.3904579,1,15.5426,,1,0,0,False
Kepler-1661,5070.9,-0.49751,0.85,0.730679,4.64003,-0.319,,2.6134263489202523,27.6028078,2,14.1933,,1,1,1,False
Kepler-1953,4859.0,-0.5862575609181507,0.761,0.72,4.605,-0.04,,2.782208096981398,4.9505779,1,15.4666,,1,0,0,False
Kepler-1945,4991.0,-0.44384777307132034,0.767,0.804,4.513,0.04,,,12.0542884,1,,,1,0,0,False
Kepler-1894,5772.0,-0.09235527838876025,0.999,0.901,4.528,0.0,,2.970900318652987,4.7257992,1,15.3627,,2,0,0,False
Kepler-1695,5473.19,-0.10357,0.96,0.987155,4.43157,-0.0347,,2.8982725557205886,17.1629283,1,14.6234,,1,0,0,False
Kepler-1770,5526.0,-0.12201941713304687,0.847,0.95,4.41,,12.3,2.7656253466406495,17.4413704,1,14.2972,,1,0,0,False
Kepler-1690,5422.0,-0.2165855556591947,0.867,0.885,4.481,0.0,,2.8474424746665017,7.513347,1,14.6417,,1,1,1,False
Kepler-1729,3837.0,-1.284161867051562,0.544,0.517,4.747,-0.06,,2.7605589329947136,5.7569419,1,15.6458,,1,0,0,False
Kepler-1787,5808.0,-0.0984,1.04,0.881855,4.56431,,,2.8913155149586243,8.302648,1,14.4604,,1,0,0,False
Kepler-1723,5665.31,0.03393,1.01,1.07937,4.37605,-0.0973,,2.9091696990665397,12.4325786,1,14.2875,,1,0,0,False
Kepler-1966,4764.58,-0.56655,0.77,0.764415,4.5579,-0.3044,,2.6853843059922298,12.2648112,1,14.7889,,1,0,0,False
Kepler-1754,4723.0,-0.6035971640951153,0.734,0.747,4.557,0.08,,2.856695667698404,6.2469053,1,15.8578,,1,0,0,False
HD 97048,10000.0,1.60206,2.4,2.25,4.115846205488881,,0.003,2.264480169442849,22.4754068,1,8.33867,B,1,0,0,True
Kepler-647,6020.0,0.13004337036900482,1.03,1.07,4.39,-0.14,4.27,3.0365770004578563,11.9571953,1,13.9345,,2,0,0,False
Kepler-1730,5908.0,0.12929775410024993,0.972,1.11,4.33,,7.4,3.154448319705185,14.0450039,1,15.3758,,1,0,0,False
Kepler-1935,5570.0,-0.15616998587133935,0.845,0.899,4.458,-0.18,,2.9565055504007076,10.6785021,1,14.3684,,1,0,0,False
Kepler-1847,6122.0,0.06861721881821224,1.041,0.964,4.487,-0.18,,3.228877512405519,7.7222903,1,15.8633,,1,0,0,False
Kepler-913,4687.0,-0.792870665930338,0.63,0.61,4.67,-0.52,5.62,2.996344401546493,12.056887,1,15.7385,,2,0,0,False
Kepler-1756,4962.0,-0.49489238238998945,0.738,0.767,4.536,-0.08,,,6.8989256,1,15.6634,,1,0,0,False
Kepler-1851,5982.0,-0.05174676510397125,0.967,0.879,4.535,-0.28,,3.201345224394569,4.1531207,1,15.6445,,1,0,0,False
Kepler-1891,5484.37,-0.23134,0.96,0.84865,4.56288,0.3323,,2.775421108222194,9.0143381,1,14.2754,,1,0,0,False
Kepler-1828,5528.0,-0.11128,0.97,0.959127,4.46109,-0.0223,,2.940421846236966,8.0429618,1,14.8984,,1,0,0,False
Kepler-1721,5351.0,-0.3315442106603552,0.89,0.796,4.582,-0.04,,2.8071113505325576,23.015028,1,14.8762,,1,0,0,False
Kepler-1740,5714.58,-0.07942,1.02,0.931052,4.50872,-0.104,,3.026030450315255,8.5164999,1,15.2863,,1,0,0,False
Kepler-1682,5619.12,-0.1957,0.99,0.842301,4.58277,-0.048,,3.064401826826439,6.4562306,1,15.678,,1,0,0,False
Kepler-1702,5243.0,-0.4256448480860619,0.829,0.744,4.608,-0.2,,2.933051762718701,12.1244496,1,15.7743,,1,0,0,False
Kepler-529,6087.0,0.20431275965226645,1.07,1.14,4.35,-0.1,3.98,2.902551127672517,6.37113,1,13.7399,,3,0,0,False
Kepler-1797,5709.57,0.06183,1.02,1.09739,4.36594,0.0099,,3.1266151308751797,1.4201514,1,15.293,,1,0,0,False
Kepler-1923,5751.0,-0.23854595174385035,0.83,0.767,4.587,-0.52,,2.9960026540238602,10.4324255,1,14.2312,,1,0,0,False
Kepler-1866,5786.0,0.14386,1.04,1.17443,4.31545,,,2.989777639640015,4.0154386,1,14.366,,1,0,0,False
Kepler-1886,5735.0,-0.1716864582699915,0.915,0.833,4.559,-0.22,,3.025105060078738,6.7798081,1,15.4559,,1,0,0,False
Kepler-1837,5966.0,0.021069621408553656,1.049,0.961,4.493,-0.02,,3.089615485231996,7.7858155,1,15.4172,,1,0,0,False
Kepler-1683,5450.0,-0.16455824381827255,0.826,0.93,4.42,,13.6,2.8651886923134273,1.9194018,1,14.8429,,1,0,0,False
Kepler-1678,6008.0,-0.04817434800363821,0.961,0.875,4.537,-0.32,,2.928057195897031,16.7047744,1,14.9068,,1,0,0,False
Kepler-1038,5335.0,-0.3004162702386101,0.87,0.83,4.55,-0.04,4.27,2.7665139724091214,11.6789363,1,14.8561,,2,1,1,False
Kepler-1905,5609.94,-0.02528,0.99,1.02824,4.40951,0.112,,3.021821667558336,1.9914477,1,14.9902,,1,0,0,False
Kepler-1885,5591.0,-0.1881552785108857,0.977,0.86,4.559,0.07,,2.9130091328785253,5.7994153,1,14.7999,,1,0,0,False
Kepler-1798,4155.94,-0.95681,0.65,0.641076,4.63716,0.1041,,2.5968125402002085,12.7475052,1,15.6827,,1,0,0,False
Kepler-1958,5749.0,-0.13571343049102663,0.961,0.864,4.547,-0.1,,3.1206989373824325,6.2172316,1,15.4313,,1,0,0,False
Kepler-1852,5237.0,-0.33681975978600476,0.927,0.826,4.572,0.24,,2.887887806288932,3.6161069,1,15.4354,,1,0,0,False
Kepler-1942,5630.0,-0.07518,1.0,0.963936,4.46997,,,2.9255657856592805,16.0253831,1,14.6596,,1,0,0,False
Kepler-1791,5887.0,0.17401891890283266,0.985,1.177,4.29,-0.06,,2.779753732219327,5.9216774,1,13.4138,,1,0,0,False
Kepler-1904,3805.0,-1.3329787281396819,0.526,0.497,4.767,-0.1,,2.432735253676591,23.450257,1,15.7421,,1,0,0,False
Kepler-1763,5969.97,0.27421,1.1,1.28177,4.26384,0.048,,2.8788008951100217,15.9762427,1,13.5105,,1,0,0,False
Kepler-1674,5473.91,-0.20584,0.96,0.877273,4.53407,0.0562,,3.0053864531455448,6.8257062,1,15.4779,,1,0,0,False
Kepler-1901,5993.0,0.009722667952624437,1.032,0.94,4.5,,0.7,3.0121493987521375,2.9601222,1,14.9006,,1,0,0,False
Kepler-1781,5394.0,-0.3464849312202592,0.87,0.77,4.61,,0.9,2.983459392175576,1.9539406,1,15.7348,,1,0,0,False
KIC 10068024,6338.0,0.22351571788766242,1.056,1.075,4.401,-0.22,,2.857998506883738,33.0788588,1,13.1059,,1,0,0,False
Kepler-1856,5014.0,-0.5890530384732822,0.653,0.674,4.595,-0.54,,2.928784904130072,13.8763385,1,15.3875,,1,0,0,False
Kepler-1903,6363.0,0.177898567919745,1.065,1.012,4.456,-0.32,,3.2493060001469494,4.1534847,1,15.3413,,1,0,0,False
Kepler-1969,6046.0,0.08482136244171655,1.111,1.007,4.478,0.07,,3.080821226493627,6.615393,1,15.6806,,1,0,0,False
Kepler-1745,5572.72,0.00651,0.98,1.08087,4.36175,0.0307,,2.9983051200673794,11.2218485,1,14.8649,,1,0,0,False
Kepler-1681,5509.0,-0.3223355087484662,0.724,0.759,4.538,-0.6,,2.8798410559865624,10.9418134,1,14.5565,,1,0,0,False
Kepler-1812,6174.0,0.20030737543197488,1.162,1.103,4.417,0.1,,3.1489695526469936,1.1555448,1,15.303,,1,0,0,False
Kepler-1954,5835.0,-0.12717988784574275,0.935,0.847,4.554,-0.24,,3.1379329957296,6.6348451,1,15.7125,,1,0,0,False
Kepler-1322,5488.0,-0.21041523400069437,0.9,0.87,4.52,-0.07,4.47,3.13043670017337,3.7786283,1,15.7753,,2,0,0,False
Kepler-1808,5530.0,-0.17547991606167337,0.773,0.892,4.425,-0.34,,3.009455145234674,5.9051509,1,15.2356,,1,0,0,False
Kepler-1789,5685.0,-0.12648535616060536,0.939,0.893,4.508,-0.06,,2.786368762230958,17.1975953,1,14.3155,,1,0,0,False
Kepler-1874,4588.0,-0.8172352150755564,0.647,0.619,4.67,,13.8,2.6106676141567786,29.1485324,1,14.9565,,1,0,0,False
Kepler-1165,6080.0,0.23226818167047786,1.13,1.18,4.34,0.05,3.24,3.197335703130062,3.460531,1,14.3923,,2,0,0,False
Kepler-1873,5003.39,-0.40951,0.83,0.830552,4.51841,0.2038,,2.9143204102841387,12.0283306,1,15.6097,,1,0,0,False
Kepler-968,4598.0,-0.706638202271158,0.76,0.7,4.63,0.13,2.14,2.4628829388173292,5.1564455,1,14.2499,,3,0,0,False
Kepler-1845,4836.97,-0.57817,0.79,0.731848,4.60685,-0.0316,,2.8517009811123004,12.8750071,1,15.7496,,1,0,0,False
HATS-50,5990.0,0.14301,1.168,1.117,4.411,,1.2,2.8789478384502556,8.3359411,1,13.8936,,1,0,0,False
Kepler-1761,3871.0,-1.2439942001667958,0.573,0.532,4.744,0.07,,2.344757634770257,17.6519395,1,14.898,,1,0,0,False
Kepler-1658,5843.47,1.20616,1.05,3.91191,3.27448,-0.2467,,2.896657367845629,5.3767332,1,11.42,,1,0,0,False
Kepler-1878,5918.0,-0.08437809180462703,0.956,0.865,4.544,-0.26,,3.174437796452046,7.7120727,1,15.403,,1,0,0,False
Kepler-1961,5171.0,-0.27557,0.88,0.907236,4.46711,,,3.0180552336747173,11.3279309,1,15.695,,1,0,0,False
Kepler-1687,4256.0,-1.0440841434278858,0.584,0.554,4.72,,13.8,2.620150635359092,5.0373948,1,15.473,,1,0,0,False
Kepler-1820,5841.0,-0.04326196311125081,1.047,0.931,4.52,0.07,,3.1539337076249216,8.6840022,1,15.6919,,1,0,0,False
Kepler-1652,3638.0,-1.638,0.404,0.382,4.878,-0.3,3.2,,7.8793302,1,16.0023,,1,1,1,False
Kepler-1724,6092.0,0.04095281409796389,1.016,0.943,4.496,-0.22,,3.0256212288032582,2.2071068,1,14.8169,,1,0,0,False
Kepler-1817,5316.0,-0.22192807281703852,0.878,0.915,4.459,0.16,,2.874231837996537,9.3674367,1,15.1345,,1,0,0,False
Kepler-1924,5683.3,0.45229,1.01,1.73618,3.9632,-0.0796,,3.2812084140344187,6.0555651,1,15.0841,,1,0,0,False
Kepler-1910,4201.0,-1.0825016244843848,0.572,0.544,4.72,,13.9,,4.1554771,1,15.5768,,1,0,0,False
Kepler-1734,5910.67,0.14406,1.08,1.12567,4.36867,-0.0762,,3.171091363911788,18.1444723,1,15.3171,,1,0,0,False
Kepler-1880,4380.0,-1.0326619688147363,0.524,0.53,4.71,-0.92,,2.786070351775064,10.7496731,1,15.8887,,1,0,0,False
Kepler-1796,6036.0,0.030419199236081506,1.018,0.949,4.491,-0.16,,2.9169185266745887,11.0810326,1,14.354,,1,0,0,False
Kepler-589,5296.0,-0.31316205955399073,0.88,0.83,4.55,0.01,4.47,2.7873208827346265,26.8042821,1,14.6611,,2,0,0,False
Kepler-1818,6047.0,0.18443760824098995,1.021,1.129,4.343,-0.08,,3.014768276348525,13.5252721,1,14.3071,,1,0,0,False
Kepler-1805,3796.0,-1.17695,0.585129,0.596385,4.65427,,,2.345646182024495,6.8664522,1,14.8955,,1,0,0,False
Kepler-1780,5385.22,-0.2166,0.93,0.895253,4.50266,0.0783,,2.8979106644534136,15.701239,1,14.9304,,1,0,0,False
Kepler-1670,6233.0,0.19530290019602253,1.086,1.076,4.412,-0.08,,3.315126112957232,13.7171731,1,15.42,,1,0,0,False
Kepler-1855,3339.0,-2.033859498296768,0.275,0.288,4.96,0.0,,,37.6860936,1,15.7514,,1,0,0,False
Kepler-1751,6052.0,0.051338475537887146,0.974,0.967,4.456,-0.26,,3.1110843222508913,13.9829344,1,15.232,,1,0,0,False
Kepler-1919,5513.0,-0.2560515727729904,0.868,0.818,4.551,-0.16,,3.0709719804875473,8.2871045,1,15.8602,,1,0,0,False
Kepler-1893,5720.0,0.15984,1.02,1.22399,4.27111,,,3.021486998943519,9.8325049,1,14.8964,,1,0,0,False
Kepler-1956,4391.0,-0.8092876523022033,0.671,0.682,4.598,0.04,,2.556866716932663,21.8428123,1,15.5722,,1,0,0,False
Kepler-1888,5426.1,0.37424,0.95,1.74099,3.9342,0.4453,,2.60524792673357,31.0321725,1,11.8773,,1,0,0,False
Kepler-1755,6106.0,0.078369201202849,1.07,0.98,4.49,,0.3,2.9922808384570345,20.0184025,1,14.3856,,1,0,0,False
Kepler-1889,6036.0,0.21977,1.12,1.17771,4.34521,,,3.144614677611149,1.6534559,1,15.5173,,1,0,0,False
Kepler-1949,5930.28,0.7131,1.08,2.15305,3.80538,0.0841,,3.4178618017018056,12.1163507,1,15.2008,,1,0,0,False
Kepler-1738,5703.0,-0.00542,1.02,1.01798,4.43119,,,3.1149010840938205,7.6041406,1,15.4178,,1,0,0,False
Kepler-1321,4094.0,-1.149967057525187,0.54,0.53,4.73,-0.45,4.17,2.886008785804019,21.6957043,1,16.9282,,3,0,0,False
Kepler-1728,5170.0,-0.3794009082128017,0.891,0.807,4.574,0.18,,2.814103028877707,5.2622635,1,15.084,,1,0,0,False
Kepler-534,5884.0,0.014032657574247029,1.05,0.98,4.48,0.01,1.58,2.756376671018562,11.9053397,1,13.231,,2,0,0,False
Kepler-595,5247.0,-0.3293097084872089,0.87,0.83,4.54,0.08,4.9,2.808217051653589,1.4442303,1,14.7628,,2,0,0,False
Kepler-501,5904.0,0.07154192382478863,1.03,1.04,4.42,-0.03,3.31,3.051245162055647,10.3144754,1,14.7303,,2,0,0,False
Kepler-1829,5230.0,-0.3922613569617871,0.873,0.777,4.594,0.0,,2.8324584549750758,16.2241103,1,15.0088,,1,0,0,False
Kepler-1759,5017.0,-0.4424171031294818,0.76,0.797,4.516,-0.02,,2.585853109290062,33.5348409,1,14.2601,,1,0,0,False
WASP-163,5500.0,-0.07572,0.97,1.015,4.411,-0.34,,2.4172823227794478,5.3600025,1,12.2511,,1,0,0,False
HD 202696,5040.0,1.36922,1.91,6.43,3.11,0.02,1.32,2.275417323289745,59.7521927,1,7.95929,K,2,0,0,False
Kepler-1749,4238.82,-0.94989,0.66,0.621183,4.67117,0.1432,,2.42845877351558,18.0054048,1,14.6958,,1,0,0,False
Kepler-1917,5229.22,-0.29551,0.89,0.867011,4.51141,-0.0025,,2.958581560415372,14.1144335,1,15.4691,,1,0,0,False
Kepler-1810,5453.7,-0.15834,0.95,0.933466,4.47559,0.1095,,3.004265470895105,13.292521,1,15.2968,,1,0,0,False
Kepler-1806,5311.0,-0.3533525093770531,0.884,0.788,4.588,-0.04,,2.9903681620152884,7.6991621,1,15.9071,,1,0,0,False
Kepler-1899,4732.81,-0.67239,0.76,0.685832,4.64645,0.1969,,2.8521803979208182,23.3775148,1,15.9493,,1,0,0,False
Kepler-1887,5749.0,-0.13571343049102663,0.961,0.864,4.547,-0.1,,3.135507923252325,8.8498679,1,15.9544,,1,0,0,False
Kepler-1872,5223.0,-0.28154350528908717,0.913,0.885,4.505,0.32,,2.924373373007243,5.2131052,1,15.7802,,1,0,0,False
Kepler-1691,6362.0,0.28411655796667634,1.221,1.144,4.408,0.07,,3.1030062126690723,9.7300672,1,14.8807,,1,0,0,False
Kepler-1799,5540.0,0.31428,0.97,1.55873,4.0393,,,3.353086838655543,2.5992448,1,15.826,,1,0,0,False
Kepler-1758,5806.0,-0.12868628267208285,0.943,0.854,4.55,-0.2,,3.2009626125464337,15.9515536,1,14.9449,,1,0,0,False
Kepler-1962,5766.0,-0.12198,1.03,0.870793,4.57108,,,2.9379319292827413,8.5244443,1,14.9657,,1,0,0,False
Kepler-1685,5681.0,-0.09900759087185401,1.038,0.923,4.524,0.21,,3.0576242696769667,9.233682,1,15.906,,1,0,0,False
TOI-1224,3392.0,-1.70985,0.396442,0.404403,4.82262,,,1.5720719504139027,162.1555329,1,12.7824,,2,0,0,False
HD 48948,4593.0,-0.7349848198000154,0.686,0.679,4.61,-0.21,11.48,1.2279971915210939,482.4922225,1,8.11311,K,3,0,0,False
TOI-5704,4590.0,-0.63927,0.73,0.757521,4.5426,,,1.9524873129985867,49.8758414,1,11.2746,,1,0,0,False
TOI-672,3659.0,-1.32055,0.539888,0.544068,4.69906,,,1.8254722063658781,113.2837986,1,12.7364,,1,0,0,False
TOI-199,5255.0,-0.33819,0.936,0.82,4.582,0.22,0.8,2.0097482559485536,74.1998185,1,10.5784,G,2,1,1,False
TOI-2096,3300.0,-2.22768,0.231,0.235,5.05,-0.03,4.0,1.6855706734809541,79.5009908,1,14.7736,M,2,0,0,False
TOI-1782,4336.0,-0.84649,0.68,0.668693,4.62012,,,1.9789329159140967,88.7532609,1,12.0399,,2,0,0,False
TOI-1691,5642.0,-0.03058,0.9581,1.009,4.409,0.052,6.6,2.047060588553174,163.9767936,1,9.97302,,1,0,0,False
TOI-5319,3580.0,-1.45905,0.5,0.485,4.5,,,1.7865455802351253,96.3628813,1,13.1344,M,1,0,0,False
Gl 725 A,3433.0,-1.809,0.33,0.351,4.87,-0.19,6.2,0.5467153598972171,2221.0396216,2,7.84944,M,1,0,0,False
TOI-260,4050.0,-1.13668,0.5485,0.5468,4.7,-0.211,15.9,1.3050330568657817,303.6479622,1,9.3124,,1,0,0,False
TOI-1301,4781.0,-0.59857,0.77,0.731699,4.59589,,,1.9584171825335541,96.1493092,1,11.1355,,1,0,0,False
TOI-512,5277.0,-0.25696,0.74,0.89,4.35,-0.11,8.235,1.82864378739079,109.0603908,1,9.48032,,1,0,0,False
TOI-2015,3297.0,-1.49214,0.3041,0.3273,5.04,-0.31,5.5,1.6752686170683935,85.1255075,1,14.176,M,2,0,0,False
TOI-1836,6380.0,0.5682,1.307,1.577,4.159,-0.101,6.6,2.282506557503155,82.5877636,1,9.64482,,2,0,0,False
GJ 2126,4159.0,-0.84527,0.65,0.728,4.527,0.6,,1.5812554152873888,102.0643163,1,10.1496,M,1,1,1,False
TOI-2537,4870.0,-0.52143,0.771,0.771,4.551,0.08,1.1,2.26713886163103,47.9249151,1,12.73,,2,0,0,False
TOI-5110,6160.0,0.84696,1.469,2.333,3.869,0.065,4.0,2.5935729168364037,6.5395137,1,10.6815,,1,0,0,False
TOI-5076,4780.0,-0.47366,0.789,0.844,4.483,0.082,8.4,1.9183292047644454,243.8406805,2,10.5927,,1,0,0,False
Kepler-1972,5818.0,0.29447,1.12,1.384,4.2,0.23,7.4,2.458394575992975,28.796531,1,11.1438,,2,0,0,False
TOI-1758,5151.0,-0.37263,0.8253,0.8155,4.53,-0.02,7.5,1.9850737754053775,86.3866117,1,10.6252,,1,0,0,False
HD 25463,6353.0,0.47276,1.251,1.4182,4.227,-0.018,2.3,1.6591371928937342,188.4124526,1,6.77613,,2,0,0,False
TOI-4994,5640.0,0.0086,1.005,1.055,4.393,0.165,6.3,2.517597006045576,10.0166267,1,12.4792,,1,0,0,False
TOI-406,3392.0,-1.71444,0.408,0.41,4.69,-0.02,,1.492197256641291,414.9251791,1,12.5528,M,2,0,0,False
NGTS-25,5321.0,-0.29158,0.91,0.86,4.48,0.12,3.49,2.7170319037101796,7.9329614,1,14.0864,K,1,0,0,False
NGTS-27,5700.0,0.51375,1.07,1.77,4.05,0.0,7.9,2.9741071453577073,20.5033622,1,13.3475,,1,0,0,False
TOI-1693,3474.0,-1.55409,0.4585,0.46126,4.77152,,,1.4884759775777847,28.8738864,1,11.8373,,1,0,0,False
TOI-1288,5388.0,-0.1549,0.9552,0.9583,4.453,0.257,6.5,2.0601877169177008,81.1093421,1,10.4468,,2,1,1,False
NGTS-24,5820.0,0.44592,1.26,1.64,4.09,0.27,4.77,2.8344601254030892,0.8338485,1,13.0525,G,1,0,0,False
NGTS-33,7437.0,0.77159,1.6,1.47,4.26,-0.11,0.03,2.641330313413368,8.1866978,1,11.3976,,1,0,0,False
TOI-1723,5743.0,0.06446,1.0378,1.0855,4.38,0.159,4.8,2.0031458993450078,13.3167732,1,9.53596,,1,0,0,False
TOI-2458,6005.0,0.30148448823451535,1.05,1.31,4.2,-0.1,5.7,2.052916994289764,99.3107096,1,9.09716,F,2,0,0,False
GJ 1289,3175.0,-2.25995,0.215482,0.245012,4.9931,,,0.9217629253877179,954.3494475,1,11.1534,,1,0,0,False
TOI-3261,5068.0,-0.36653,0.861,0.849,4.19,0.138,6.5,2.4773253251733562,61.0341648,1,13.0582,K,1,0,0,False
TOI-2803 A,6280.0,0.33646,1.118,1.245,4.298,-0.105,3.7,2.6944454895797336,11.9033141,2,12.4272,,1,0,0,False
TOI-1184,4617.0,-0.70115,0.7271,0.6972,4.612,0.017,5.3,1.7678575938634191,152.568019,1,10.622,,1,0,0,False
TOI-4860,3390.0,-1.83565,0.3357,0.348,4.88,0.3,4.5,1.9038618020719102,177.3298011,1,15.1091,M,1,0,0,False
TOI-5344,3747.0,-1.21254,0.612,0.588,4.686,0.425,10.9,2.141032524898218,45.9155341,1,14.3361,,1,0,0,False
TOI-1659,5977.0,0.06555,1.098,1.00568,4.47375,,,2.0881148166131376,48.1831721,1,9.97588,,1,0,0,False
TOI-1135,6122.0,0.23096,1.125,1.16,4.56,0.0,0.562,2.057087673684743,17.6292865,1,9.41353,G,1,0,0,False
TOI-2818,5721.0,0.16435,0.977,1.229,4.25,-0.02,9.5,2.4950917695512542,10.8891266,1,11.8367,,1,0,0,False
TOI-2141,5659.0,-0.05,0.94,0.98,4.42,-0.12,6.4,1.8903203983853034,111.2935958,1,9.34408,,1,0,0,False
TOI-5238,5631.0,-0.02335,1.0,1.02283,4.41846,,,2.463364350379001,19.9718288,1,12.0984,,1,0,0,False
BD-14 3065 A,6935.0,1.06,1.41,2.35,3.85,-0.34,2.24,2.7704270785417213,9.0305658,3,10.91,,1,0,0,False
TOI-1669,5497.0,-0.03574,0.9867,1.0561,4.382,0.274,7.7,2.046401505830592,97.9811882,1,10.0089,,2,1,1,False
TOI-1174,5158.0,-0.4034,0.8425,0.7847,4.573,-0.002,2.7,1.9760632591923026,92.970313,1,10.8073,,1,0,0,False
TOI-3629,3865.0,-1.12494,0.635,0.6103,4.67,0.549,9.8,2.114247252091649,185.7498163,1,13.8375,,1,0,0,False
TOI-5205,3430.0,-1.7122,0.392,0.394,4.84,0.0,,1.9367614810411948,66.8252463,1,14.9317,M,1,0,0,False
TOI-1736,5807.0,0.25,1.08,1.15,4.35,0.138,4.9,1.949137163909802,48.4847169,1,8.77969,,2,1,1,False
TOI-3082,4263.0,-0.8572481637095464,0.664,0.6847,4.625,0.17,,2.053262883385075,127.0906551,1,12.5313,,1,0,0,False
TOI-4463 A,5640.0,0.01115,1.056,1.062,4.41,0.25,4.1,2.2383397174633592,50.9892636,2,10.9505,,1,0,0,False
TOI-6628,5463.0,-0.08778,0.97,1.01,4.416,0.36,7.5,2.5058646187444533,34.132951,1,12.6408,,1,0,0,False
TOI-3837,5905.0,0.19618,0.89,1.2,4.229,-0.26,11.2,2.4937437687670334,62.5193041,1,11.8041,,1,0,0,False
TOI-5027,5909.0,-0.03058,1.02,0.92,4.517,-0.15,0.4,2.310542504215177,38.8373614,1,11.3341,,1,0,0,False
TOI-2328,5525.0,-0.17005,0.95,0.9,4.505,0.09,4.0,2.36507970598388,31.8482017,1,12.1082,,1,0,0,False
TOI-2295,5730.0,0.31387,1.168,1.459,4.176,0.316,10.5,2.1013311340674914,67.4113059,1,9.46138,,2,1,1,False
TOI-2796,5764.0,0.05538,1.063,1.069,4.4,0.239,4.0,2.544493444530482,3.7256758,1,12.3642,,1,0,0,False
TOI-3984 A,3476.0,-1.5385953630547622,0.49,0.47,4.81,0.18,2.9,2.0369600782633963,64.9361296,2,14.6718,M,1,0,0,False
Gaia-4,4034.0,-0.99957,0.644,0.624,4.68,0.05,6.8,1.8661862873880581,77.6711421,1,11.9187,,1,0,0,False
Gaia-5,3447.0,-1.82594,0.339,0.345,4.83,-0.18,8.2,1.6147000521876727,128.7006632,1,13.2287,,1,0,0,False
TOI-1273,5690.0,0.02938,1.06,1.06,4.37,0.07,3.1,2.2482626995493957,57.8704747,1,10.8662,,1,0,0,False
HD 21520,5871.0,0.06595,1.09,1.044,4.42,0.049,5.3,1.8987690475035657,22.933636,1,9.01796,,1,0,0,False
TOI-5174,5643.77,0.03946,1.0,1.09457,4.35958,0.415,,2.2950015993830175,71.1170216,1,11.1031,,1,0,0,False
TOI-2084,3551.0,-1.49214,0.453,0.475,4.75,-0.13,7.5,2.0589913021995536,60.24385,2,14.4096,M,1,0,0,False
TOI-2524,5831.0,0.11628,1.007,1.119,4.344,0.06,6.7,2.642308185665098,11.0861385,1,12.6225,,1,0,0,False
TOI-4308,5243.0,-0.36795,0.9,0.793449,4.59327,,,2.0371554773862504,72.1353921,1,10.8645,,1,0,0,False
TOI-4377,4974.0,0.82217,1.36,3.52,3.39,0.205,3.88,2.6587933767879286,20.6926526,1,11.4565,,1,0,0,False
TOI-1853,4968.77,-0.41211,0.82,0.839658,4.50368,0.2054,,2.2177602255312916,47.2575245,1,11.9474,,1,0,0,False
UCAC3 113-933,3864.0,-1.19385,0.558098,0.564484,4.68147,,,1.7208445342098038,124.4385435,1,11.8242,,1,0,0,False
GJ 900 A,3976.0,-0.921,0.58,0.73,4.4767822733220255,,,1.318199030786988,340.9917681,3,9.02571,M,1,0,0,True
Wolf 327,3542.0,-1.62986,0.405,0.406,4.87,-0.17,4.1,1.455333737477206,197.7977285,1,11.9522,M,1,0,0,False
TOI-2260,5534.0,-0.12869782361358256,0.99,0.94,4.62,0.22,0.321,2.0053993211937406,66.400604,1,10.2488,G,1,0,0,False
TOI-6002,3229.0,-2.23508,0.2101,0.2432,4.989,-0.18,6.35,1.5055108356474314,348.6378957,1,13.9558,M,1,1,1,False
TOI-1898,6241.0,0.55121,1.2484,1.6131,4.116,-0.095,3.1,1.9012850049539638,76.6332524,1,7.748,,1,0,0,False
TOI-4406,6219.0,0.36173,1.19,1.29,4.29,0.1,2.9,2.418026040433361,39.4190515,1,10.9545,,1,0,0,False
TOI-1410,4635.0,-0.6216,0.7941,0.7558,4.579,0.328,6.6,1.8618401612191842,68.2117061,1,10.8746,,2,0,0,False
HD 77946,6007.0,0.30878,1.1973,1.3174,4.276,0.215,3.1,1.997609154401615,79.7858444,1,8.85184,,1,0,0,False
TOI-1173,5415.0,-0.16877,0.945,0.9361,4.468,0.191,5.9,2.1217337897528155,109.041186,2,10.8041,,1,0,0,False
TOI-238,5080.0,-0.47237,0.788,0.75,4.584,-0.05,6.0,1.9060153998531886,53.2380588,1,10.4883,,2,0,0,False
Kepler-763,5166.0,-0.38831256869963177,0.84,0.8,4.57,0.01,4.79,2.9833822379696135,9.2643365,1,15.6824,,3,0,0,False
TOI-1670,6170.0,0.3525422846561277,1.21,1.316,4.29,0.09,2.53,2.225482447973504,7.9813572,1,9.81934,F,2,0,0,False
Kepler-1998,5581.44,-0.0658,0.985,0.991425,4.43898,0.096,,2.5327098010247724,18.6631044,1,12.6024,,1,0,0,False
Kepler-656,5139.72,-0.29864,0.87,0.894243,4.47468,0.272,,2.949561738594125,4.6734532,1,15.337,,2,0,0,False
KOBE-1,4135.0,-0.99576,0.629,0.619,5.07,-0.01,,1.3797006456614105,441.1912779,1,9.47126,K,2,0,0,False
K2-99,6069.0,0.89927,1.44,2.55,3.783,0.2,3.7,2.715358940703432,2.0139273,1,10.9485,,2,0,0,False
TOI-1937 A,5814.0,0.0799,1.072,1.08,4.401,0.196,3.6,2.6181893502565736,12.6414416,2,13.0168,,1,0,0,False
TOI-858 B,5842.0,0.25285,1.081,1.308,4.238,0.153,6.8,2.398788658968959,15.5466627,2,11.0695,G,1,0,0,False
TOI-1136,5805.0,-0.02687,1.0404,0.9573,4.492,0.075,0.7,1.9270427218923074,10.2137503,1,9.36789,,6,0,0,False
Kepler-1991,5632.0,-0.17849792165009293,0.953,0.857,4.551,-0.02,,2.9323824314680182,15.1072656,1,14.7212,,2,0,0,False
TOI-1453,4975.0,-0.5452728168431987,0.715,0.72,4.576,-0.31,12.0,1.896203683701835,71.005304,2,10.7265,,2,0,0,False
Kepler-1990,5731.0,0.16632758966091815,1.016,1.231,4.265,0.16,,2.5941040299788427,10.8451753,1,12.5829,,2,0,0,False
TOI-2443,4375.0,-0.86487,0.642,0.631,4.42,-0.29,7.5,1.3788664680696505,366.5845285,1,9.0333,K,1,0,0,False
Kepler-1976,5734.0,0.04119,1.02,1.06251,4.394,0.08,,3.1187638943056752,12.8090676,1,15.258,,1,0,0,False
Kepler-549,5360.0,-0.2818924191378693,0.88,0.84,4.54,-0.03,4.57,2.802872883577289,6.864241,1,14.6226,,3,0,0,False
Kepler-1979,5690.05,-0.09382,1.01,0.923659,4.51137,0.1786,,3.031921234899745,3.3462749,1,15.2323,,1,0,0,False
Kepler-1126,5798.0,-0.057031408848927836,0.92,0.93,4.46,-0.26,5.5,2.8032768050417007,8.4847444,1,14.0207,,2,0,0,False
KOI-4777,3515.0,-1.6592888499534166,0.41,0.4,4.77,0.1,4.0,2.236146623880526,13.8517616,1,15.8525,,1,0,0,False
TOI-815,4869.0,-0.5243696015041716,0.776,0.77,4.51,-0.09,0.2,1.7760594357791568,11.4083717,2,9.93978,K,2,0,0,False
TOI-5616,3996.0,-0.99268,0.666,0.646,4.67,0.14,7.2,2.5915264951936368,51.7196914,1,15.6306,,1,0,0,False
Kepler-963,5461.0,-0.21898293865330198,0.91,0.87,4.52,-0.02,4.07,2.8873325528527976,2.6390539,1,14.9116,,2,0,0,False
TOI-6651,5940.0,0.52244,1.323,1.721,4.087,0.225,3.71,2.326597997337436,23.6302952,1,10.0418,,1,0,0,False
K2-371,4925.0,-0.5437295820231929,0.958,0.736,4.683,-0.107,,2.6462203623091907,9.8071724,1,14.3938,,1,0,0,False
HIP 94235,5991.0,0.12973463930264692,1.094,1.08,4.46,0.0,0.118,1.7672642405836305,101.4100079,2,8.16034,G,1,0,0,False
TOI-2567,5611.0,0.40483,1.13,1.686,4.044,0.241,7.6,2.7030978374585235,19.3174761,1,12.2213,,1,0,0,False
TOI-1416,4884.0,-0.4934611543061256,0.798,0.793,4.52,0.08,6.9,1.7404692759683607,137.0298103,1,9.65254,G,1,0,0,False
GJ 806,3600.0,-1.58528,0.413,0.4144,4.98,-0.28,5.0,1.0807887759617532,511.8037756,1,9.82461,M,2,0,0,False
TOI-1248,5205.0,-0.30016,0.9042,0.8686,4.515,0.223,5.5,2.2272051758332827,81.0798115,1,11.6512,,1,0,0,False
Kepler-1987,4750.0,-0.614880654897297,0.778,0.729,4.603,0.12,,2.775015206089206,8.7000881,1,15.505,,4,0,0,False
Kepler-1610,5106.92,-0.48291,0.86,0.732623,4.64281,-0.1398,,2.9366800896372416,4.6633147,1,15.8137,,2,0,0,False
Kepler-1983,5022.0,-0.48076,0.835,0.759486,4.59871,,,2.627804027077493,9.6754387,1,14.3031,,1,0,0,False
TOI-2379,3707.0,-1.1834390365328205,0.645,0.622,4.653,0.501,10.4,2.324790550082336,16.6197826,1,14.6601,,1,0,0,False
TOI-4438,3422.0,-1.76802,0.368,0.372,4.68,-0.19,5.1,1.4776218523995872,572.2108933,1,12.5196,M,1,0,0,False
TIC 393818343,5756.0,0.06744,1.082,1.086,4.402,0.318,3.8,1.9718994671090169,105.4670518,1,9.429071,,1,0,0,False
TOI-5005,5749.0,-0.07177501834094285,0.97,0.93,4.43,0.15,2.2,2.317835688297595,25.8385216,1,11.6382,G,1,0,0,False
TOI-6383 A,3444.0,-1.48678,0.458,0.457,4.81,,,2.233805530727162,65.6691734,2,15.6628,M,1,0,0,False
TOI-5688 A,3713.0,-1.22841,0.6,0.57,4.69,0.47,7.2,2.3547190965521434,65.1184174,2,15.324,,1,0,0,False
TOI-4504,5315.0,-0.20761,0.89,0.92,4.458,0.16,10.0,2.534793696798097,12.0072064,1,13.1277,K,3,0,0,False
TOI-1883,3477.0,-1.49377,0.492,0.494,4.5,,,2.0620891282515257,30.9130604,1,14.5242,M,1,0,0,False
TOI-2274,3943.0,-1.06233,0.612463,0.63072,4.62547,,,1.6890956561336226,89.3181895,1,11.2718,,1,0,0,False
TOI-2768,4008.0,-0.99799,0.63,0.657361,4.6018,,,1.8946067875520862,118.7032887,1,12.2,,1,0,0,False
TOI-2048,5185.0,-0.38722,0.83,0.79,4.563823909795191,0.02,0.3,2.0665756194936744,10.4844105,1,11.3252,G,1,0,0,True
TOI-181,4994.0,-0.52578,0.822,0.745,4.608,0.272,5.4,1.9833276351908482,111.3940727,1,11.0857,K,1,0,0,False
TOI-4641,6560.0,0.69461,1.41,1.72,4.11,-0.09,2.69,1.9362628448498937,64.696255,1,7.40775,,1,0,0,False
TOI-1347,5464.0,-0.25964,0.913,0.83,4.64,0.04,1.4,2.1687213496997,26.9751487,1,11.2087,,2,0,0,False
HD 86728,5700.0,0.167,0.96,1.06,4.4,0.2,9.52,1.17377464473948,681.3341342,1,5.2094,G,1,0,0,False
TOI-4914,5805.0,0.00903,1.03,1.0,4.3,-0.13,5.3,2.476961984208253,20.3199993,1,12.0997,,1,0,0,False
TOI-4562,6096.0,0.2159746414678503,1.192,1.152,4.39,0.08,0.7,2.5309740757309966,12.0239668,1,11.9551,F,2,0,0,False
HD 93963 A,5908.0,0.06781,1.0844,1.0311,4.445,0.11,1.3,1.9156277404285043,95.6975971,2,9.03376,,2,0,0,False
TOI-1794,5631.0,0.19728,0.9698,1.3162,4.184,0.035,10.8,2.1925423649974203,75.6210934,1,10.1444,,1,0,0,False
TOI-1246,5213.0,-0.30103,0.8889,0.8649,4.51,0.168,6.3,2.228969804213312,94.965742,1,11.7291,,4,0,0,False
TOI-2088,5081.0,-0.36151,0.9027,0.8481,4.533,0.339,4.5,2.1019531774771996,19.0371757,1,11.4808,,1,1,1,False
TOI-1824,5165.0,-0.37263,0.8801,0.8123,4.562,0.124,2.5,1.7740159608675528,16.9818107,1,9.5075,,1,0,0,False
SPECULOOS-3,2800.0,-3.07831,0.1009,0.123,5.265,0.07,6.6,,459.2962007,1,15.4023,M,1,0,0,False
TOI-1775,5284.0,-0.31605,0.9218,0.8288,4.565,0.162,0.8,2.1738677797732837,16.3725842,1,11.4501,,1,0,0,False
TOI-1776,5785.0,-0.05306,0.9196,0.9356,4.457,-0.193,5.1,1.6497922823238362,216.2283918,1,8.09023,,1,0,0,False
TOI-762 A,3266.0,-1.73283,0.442,0.425,4.827,0.357,9.3,1.9931971925337313,161.0339131,2,14.9535,,1,0,0,False
TOI-3353,5627.0,-0.0264,1.0,1.0207,4.42027,,,1.8962930247350802,39.0559897,1,9.23847,,1,0,0,False
TOI-2374,4802.0,-0.6437233456741681,0.75,0.69,4.14,0.15,4.1,2.129222484239126,33.3797598,1,11.827,,1,0,0,False
TOI-1443,5224.0,-0.42022,0.7663,0.7511,4.564,-0.294,7.4,1.9335044973123718,90.7191383,1,10.4596,,1,0,0,False
TOI-3884,3269.0,-2.03152,0.2813,0.3043,4.921,0.23,,1.6349284601348342,187.8532276,1,14.2747,M,1,0,0,False
TOI-5634 A,3896.0,-1.24489,0.556,0.54,4.73,-0.27,7.4,2.4859257522825278,66.3420999,2,15.9978,,1,0,0,False
KOI-984,5505.0,-0.20404454678630385,0.992,0.871,4.555,0.21,,2.4025485238598785,58.4139074,1,,,2,0,0,False
HIP 39017,7201.0,0.74788,1.61,1.51987,4.28128,,,1.8216556497972964,52.1902863,1,6.90458,,1,0,0,False
GJ 341,3770.0,-1.3324143783004827,0.48,0.5066,4.72,-0.16,,1.0192824957617317,859.6210218,1,8.67538,M,1,0,0,False
TOI-1386,5793.0,0.01662,1.038,1.015,4.441,0.164,3.3,2.1668976094302987,56.0707135,1,10.5069,G,2,0,0,False
GJ 3090,3556.0,-1.34199,0.519,0.516,4.727,-0.06,,1.3517016327457145,136.8908631,1,10.5521,M,1,0,0,False
TOI-778,6643.0,0.76042,1.4,1.71,4.05,0.0,1.95,2.208825494118747,65.9467103,1,8.99436,F,1,0,0,False
TOI-2420,5707.0,0.66391,1.02,2.19681,3.76308,,,2.638662940013102,48.6023181,1,11.2863,,1,0,0,False
TOI-2485,6016.4,0.54327,1.11,1.72033,4.01217,0.097,,2.5998317830134714,7.2553152,1,11.373,,1,0,0,False
TOI-2525,5096.0,-0.44009,0.849,0.785,4.58,0.14,3.99,2.5970344682372373,31.8791383,1,14.012,K,2,0,0,False
TOI-5678,5485.0,-0.14599794563166407,0.905,0.938,4.34,0.0,8.5,2.218517124770909,89.3198481,1,11.1483,G,1,0,0,False
TOI-4600,5170.0,-0.37675,0.89,0.81,4.57,0.16,2.3,2.3345663314235012,7.4617191,1,12.4406,K,2,1,1,False
TOI-5398,6017.1,0.11725,1.113,1.05318,4.43956,0.13,,2.1167903217861617,6.8726106,1,9.98233,,2,0,0,False
TOI-329,5614.0,0.3251,1.0678,1.5326,4.092,0.205,8.7,2.453911267009438,52.372354,1,11.1536,,1,0,0,False
TOI-663,3664.0,-1.37033,0.510139,0.512361,4.7266,,,1.8077433312219764,164.6159609,1,12.8191,,3,0,0,False
TOI-4010,4960.0,-0.42702725931977503,0.88,0.83,4.54,0.37,6.1,2.2492081441987413,43.662407,1,12.1216,K,4,0,0,False
TOI-2529,5802.0,0.46389,1.11,1.7,4.03,0.1,7.23,2.471689143358711,23.2619171,1,11.1911,,1,0,0,False
TOI-286,5152.0,0.3858,0.832,0.78,4.59,-0.05,,1.7725365999728062,76.1432491,1,9.65064,K,2,0,0,False
TOI-1272,5065.0,-0.42597,0.8772,0.7934,4.582,0.182,1.1,2.138530051029613,63.4715914,1,11.6,,2,0,0,False
TOI-1855,5359.0,-0.09474,0.987,1.041,4.397,0.399,8.2,2.2475633148656873,108.9972108,1,11.1611,,1,0,0,False
TOI-2459,4195.0,-0.89565,0.66,0.675093,4.59888,,,1.5636151501544813,90.1451933,1,10.1652,,1,0,0,False
TOI-2107,5627.0,-0.10458,0.961,0.932,4.484,0.07,4.0,2.3742074317756185,8.9909704,1,11.8642,,1,0,0,False
TOI-3757,3913.0,-1.06048,0.64,0.62,4.68,0.0,7.1,2.2580119658375644,44.0895847,1,14.1321,M,1,0,0,False
TOI-2368,5360.0,-0.27491,0.897,0.846,4.538,0.1,4.2,2.324107467295554,20.482609,1,12.2727,,1,0,0,False
TOI-620,3708.0,-1.28819,0.577,0.55,4.718,0.35,7.2,1.5188178396627,391.5008467,1,11.3104,M,1,0,0,False
GJ 3929,3384.0,-1.96257,0.313,0.32,4.89,-0.02,7.1,1.1989181349116698,348.9865767,1,11.5109,,2,1,1,False
Kepler-2000,3769.0,-1.245829546221892,0.59,0.56,4.712,0.4,,2.505947262150008,39.1920112,1,15.2639,,2,0,0,False
TOI-3919,6100.0,0.33606,1.208,1.319,4.279,0.175,3.1,2.7814616779403276,2.3697736,1,12.7133,,1,0,0,False
TOI-5232,6500.0,0.71265,1.389,1.785,4.077,-0.104,2.37,2.7848938978927347,38.6254127,1,12.168,,1,0,0,False
HD 235088,5087.0,-0.41229,0.8531,0.7984,4.563,0.105,3.4,1.61458719623699,219.8333632,1,8.94271,,1,0,0,False
TOI-1742,5815.0,0.12123,1.0861,1.131,4.365,0.193,3.9,1.8626506710537698,67.739044,1,8.72791,,1,0,0,False
TOI-5218,4230.0,-0.82391,0.739,0.708,4.63,0.41,6.7,2.576897397892526,19.1525097,1,15.4499,,1,0,0,False
HIP 66074,4300.0,-0.81816,0.705,0.69,4.58,0.12,7.9,1.5495402772827638,443.5102452,1,9.74727,,1,1,1,False
TIC 365102760,4900.0,0.704762845174239,1.17,3.13,3.52,0.09,6.3,2.744720024967364,12.0554285,1,11.9772,,1,0,0,False
TOI-6054,6111.67,0.51412,1.15,1.61211,4.08398,,,1.8998587886660567,55.1955703,1,7.87799,,2,0,0,False
HIP 56998,4675.0,-0.7693025902914028,0.653,0.63,4.654,-0.343,6.88,1.106466282550093,703.2913273,1,7.38399,,2,0,0,False
HD 73344,6252.6,0.3098520964381145,1.2,1.22,4.372,0.143,1.15,1.5472823079633031,156.1167168,1,6.7468,F,3,0,0,False
TOI-2580,6120.0,0.61595,1.33,1.81,4.15,0.26,2.0,2.5789290248662633,11.9455395,1,11.2548,F,1,0,0,False
TOI-6130,6110.0,0.4609,1.31,1.51,4.19,0.28,0.3,2.344160326015449,20.7333394,1,10.9775,F,1,0,0,False
Kepler-880,6761.0,0.7540320902769583,1.46,1.74,4.12,0.03,1.66,2.779108537721369,9.10372,1,11.9642,,2,0,0,False
TOI-2411,4099.0,-0.87076,0.64,0.727642,4.52041,,,1.7747811116056786,151.5613166,1,11.2198,,1,0,0,False
TIC 279401253,5951.0,0.09691,1.13,1.06,4.438,0.2,1.2,2.4557338721995166,37.7551291,1,11.6965,,2,0,0,False
TOI-4336 A,3298.0,-1.9431,0.331,0.328,4.927,-0.209,6.7,1.3530598712608222,166.4987196,3,12.2569,M,1,1,1,False
TIC 139270665,5844.0,0.03222,1.035,1.016,4.439,0.156,3.4,2.2784677868708427,23.6566906,1,10.1805,G,2,0,0,False
Kepler-864,5754.0,-0.007230719815483577,1.0,1.0,4.44,0.04,4.68,3.3059744143963026,8.496978,1,15.7816,,2,0,0,False
Kepler-1491,5728.0,-0.0238277236384162,1.0,0.99,4.45,0.06,4.57,3.3150441224071767,2.9974502,1,15.5695,,2,0,0,False
TIC 46432937,3572.0,-1.3851,0.563,0.5299,4.74,0.323,7.4,1.956825620091389,39.2777853,1,13.433,,1,0,0,False
2MASS J03590986+2009361,2943.0,-2.24602,0.264996,0.289776,4.93718,,,2.0697975521203946,14.9790197,1,16.9967,,1,0,0,False
G 196-3,3517.0,-1.42456,0.519782,0.522432,4.71783,,,1.338281146677121,246.767657,1,10.6123,,1,0,0,False
2MASS J11550485-7919108,3021.0,-1.56774,0.58846,0.600455,4.65082,,,2.00372757556565,41.4066261,1,14.818,,1,0,0,False
2MASS J21252752-8138278,3592.0,-1.16815,0.643977,0.672832,4.59112,,,1.5329504677095596,123.2290771,1,10.8133,,1,0,0,False
TOI-5713,3225.0,-2.05849,0.2653,0.2992,4.91,-0.03,4.5,1.611370632408161,110.2090789,1,14.0104,M,1,0,0,False
Kepler-1988,6036.0,1.0675302811533078,1.502,3.132,3.623,-0.1,,2.7104778576556794,,1,12.1213,,1,0,0,False
TOI-1181,6046.0,0.65312,1.4577,1.9322,4.028,0.395,2.4,2.4811831209478594,5.6792221,1,10.4776,,1,0,0,False
GJ 238,3470.0,-1.62379,0.421238,0.426676,4.8024,,,1.182249121024132,892.6796479,1,10.5294,,1,0,0,False
TOI-2981,5940.0,0.11594,1.03,1.08,4.28,-0.11,4.5,2.7224603345595075,19.2704393,1,13.1868,,1,0,0,False
TOI-1751,5970.0,0.29732,0.9382,1.3137,4.171,-0.373,9.0,2.0543640489591897,173.0117565,1,9.18941,,1,0,0,False
TOI-2714,5665.0,0.16017,1.07,1.25,4.25,0.3,5.5,2.776608941084007,12.3630916,1,13.2544,,1,0,0,False
TOI-6255,3421.0,-1.7740944051584724,0.353,0.37,4.85,-0.14,,1.3078531677763718,464.1032427,1,11.6345,,1,0,0,False
EPIC 229004835,5868.0,0.025981247104232143,0.97,0.999,4.427640757814281,-0.12,4.9,2.0862565844689738,133.5434698,1,10.0494,,1,0,0,True
K2-373,5980.67,0.43238,1.099,1.53229,4.10838,0.0108,,2.36090945886558,9.0683493,1,10.4244,,1,0,0,False
K2-391,5379.0,0.39142,0.93,1.80702,3.89263,,,2.705812414630624,9.0963236,1,12.3302,,1,0,0,False
K2-366,5601.0,-0.10779215215835233,0.825,0.94,4.406,-0.216,,2.2693891760052587,67.3063882,1,12.1351,,1,0,0,False
K2-368,4663.0,-0.729421431405198,0.746,0.663,4.667,-0.25,,2.3151471336820997,25.4815399,1,13.2207,,3,0,0,False
K2-384,3343.0,-1.86986,0.329931,0.346299,4.87759,,,1.9172969771386261,119.1985204,1,15.0276,,5,0,0,False
TOI-1768,5994.0,0.145,1.104,1.09577,4.4016,,,2.197547946047912,34.4834419,1,10.3113,,1,0,0,False
K2-383,4979.0,-0.39685,0.823,0.851025,4.49358,,,2.309178607112902,64.9504026,1,12.4429,,1,0,0,False
K2-411,5711.05,0.25809,1.018,1.37489,4.16928,0.1415,,2.474535309580723,62.4258829,1,11.9872,,1,0,0,False
K2-388,5367.0,-0.22259888279638676,0.842,0.897,4.456,0.124,,2.463138661713967,23.2335777,1,12.6357,G,1,0,0,False
K2-413,4129.0,-0.83322,0.65,0.748778,4.50227,,,2.4550916520008266,23.154787,1,14.5773,,2,0,0,False
Kepler-949,5088.18,-0.44164,0.853,0.77394,4.5916,-0.039,,2.6867300881826304,10.7774472,1,14.5084,,2,0,0,False
K2-395,4884.0,-0.41264,0.798,0.868521,4.46251,,,2.457468590745228,23.3107537,1,14.1559,,2,0,0,False
K2-414,4343.0,-0.7669286704670124,0.814,0.732,4.621,-0.102,,2.4150334768902524,18.3916889,1,13.9384,,2,0,0,False
K2-407,5500.15,-0.12724,0.965,0.951226,4.46603,0.0,,2.339204906741932,42.7532165,1,11.9956,,2,0,0,False
K2-397,5387.0,-0.1517679950179061,0.937,0.966,4.435,0.11,,2.2996249541218114,25.9731672,1,11.6421,,1,0,0,False
K2-372,5500.23,-0.12154,0.96,0.957455,4.4581,0.0182,,2.6664056484901333,39.8634677,1,13.4436,,1,0,0,False
TOI-1279,5457.0,-0.24336,0.8784,0.8426,4.529,-0.079,4.2,2.0296069558126097,143.8715064,1,10.4785,,1,0,0,False
TOI-5542,5700.0,1.057,0.89,1.058,4.2,-0.21,10.8,2.5426374823815108,6.8476211,1,12.2819,G,1,0,0,False
CI Tau,3635.0,-0.25458,,1.880857,,,,2.1986515895211234,19.2503713,1,12.1454,,1,0,0,False
K2-376,5937.0,0.1677981030480924,0.908,1.149,4.275,-0.176,,2.2084682302656176,71.3224153,1,10.2998,G,1,0,0,False
Kepler-1989,6032.0,0.12534691194369857,0.999,1.06,4.387,-0.14,,3.0976494210083643,11.2958043,1,14.6131,,1,0,0,False
Kepler-1518,6846.0,0.8429531277020803,1.54,1.88,4.08,0.06,1.48,2.9559329636714775,10.7363968,1,13.2803,,2,0,0,False
K2-412,5172.0,-0.07054,0.88,1.14832,4.26242,,,2.8156341896579935,3.4900823,1,15.1491,,1,0,0,False
K2-416,3689.0,-1.2935,0.547214,0.552183,4.69206,,,2.0803053365742876,107.2485579,1,13.9468,,1,0,0,False
K2-375,5826.08,0.39626,1.05,1.54893,4.0792,-0.054,,2.8426716337607885,5.7561787,1,12.9572,,1,0,0,False
K2-387,3706.0,-1.23884,0.573712,0.582668,4.66592,,,2.4254005206878673,20.0672612,1,15.4948,,1,0,0,False
TOI-1683,4402.0,-0.78662,0.69,0.695095,4.59283,,,1.7091715549842998,43.9736001,1,10.5084,,1,0,0,False
TOI-1716,5877.0,0.20412,1.0694,1.2179,4.293,0.096,5.4,2.0176926321563085,75.5747481,1,9.24094,,1,0,0,False
IRAS 04125+2902,4080.0,-0.33161,0.7,1.45,3.9623620355443077,,0.0033,2.2020630779557027,21.6185632,2,13.991,,1,0,0,True
TOI-4602,6011.92,0.19715,1.11,1.15664,4.35699,,,1.7997794475797155,224.2944291,1,8.17303,,1,0,0,False
TOI-1180,4804.0,-0.57675,0.7795,0.7425,4.587,0.067,5.0,1.857476031163214,106.4725797,1,10.7445,,1,0,0,False
TOI-1467,3776.0,-1.42022,0.4518,0.4565,4.773,-0.062,13.4,1.573356719106571,184.3036753,1,11.5622,,1,0,0,False
TOI-1744,6179.0,0.23178,1.181,1.13948,4.3969,,,2.058388059993333,18.7705586,1,9.3918,,1,0,0,False
TOI-1772,5583.1,-0.06194,0.99,0.995254,4.43783,0.1282,,1.9901443112382233,43.7999672,1,9.80056,,1,0,0,False
K2-390,5558.0,-0.0974817274363136,0.789,0.966,4.368,-0.116,,2.6590810199457815,40.4321139,1,13.3434,,1,0,0,False
K2-389,5422.2,0.10644,0.94,1.28092,4.19615,-0.22,,2.4136484011423818,76.0914368,1,11.5697,,2,0,0,False
TOI-1630,5427.0,-0.26764,0.95,0.831212,4.57637,,,1.8201548081023287,34.7768648,1,9.48188,,1,0,0,False
TOI-907,6224.0,0.75862,1.2,2.05979,3.8896,,,2.494890322338093,37.8618437,1,10.3273,,1,0,0,False
TOI-5726,5874.0,0.11832,1.064,1.10649,4.37711,,,2.036820453616492,67.0586154,1,9.58034,,1,0,0,False
TOI-2095,3759.0,-1.45892,0.44,0.44,5.11,-0.24,1.0,1.6223964090759868,204.5538405,1,12.094,M,2,1,1,False
TOI-5388,3495.0,-1.88047,0.291486,0.312985,4.91164,,,1.2677019481342136,234.0754407,1,11.7284,,1,0,0,False
K2-381,4575.0,-0.73923,0.722,0.679607,4.63209,,,2.163462532504318,37.6436184,1,12.6373,,3,0,0,False
TOI-2211,5253.0,-0.32094,0.9,0.834386,4.54958,,,1.8469133144178995,142.2549383,1,9.77392,,1,0,0,False
TOI-5799,3514.0,-1.82974,0.337,0.328,4.932,-0.08,7.0,1.4442369052972788,301.977276,1,12.3212,,1,0,0,False
TOI-913,4969.0,-0.53057,0.82,0.732535,4.62222,,,1.8140937003311715,92.5151407,1,10.1919,,1,0,0,False
TOI-1244,4722.0,-0.62893,0.7528,0.7231,4.595,0.034,5.9,2.0109398996372416,87.2029276,1,11.6765,,1,0,0,False
K2-403,5511.0,-0.18732106215672809,0.784,0.886,4.439,-0.162,,2.3919913111268563,34.8555029,1,12.152,,1,0,0,False
HD 135694,5698.0,0.03941,0.913,1.0726,4.335,-0.121,9.8,1.8684757418781497,205.3954261,1,8.91307,,1,0,0,False
TOI-1739,4922.0,-0.52433,0.79,0.751,4.584,0.07,6.3,1.851147620095708,171.1521521,1,10.4185,,1,0,0,False
TOI-1777,5859.45,0.01189,1.06,0.983752,4.4776,,,1.9018205364659946,22.1192429,1,9.15437,,1,0,0,False
TOI-1798,5106.0,-0.41567,0.8543,0.7911,4.572,0.073,2.6,2.053773526784,38.5121225,1,11.067,,2,0,0,False
TOI-1799,5698.0,-0.06198,0.9406,0.9536,4.45,-0.064,5.1,1.7932831789908694,41.8215786,1,8.81013,,1,0,0,False
TOI-2384,3943.0,-1.0912942501602594,0.635,0.6113,4.66,0.332,9.4,2.282191456275556,53.3426709,1,14.3985,,1,0,0,False
TOI-4638,5700.0,-0.11858,1.015,0.894563,4.54131,,,2.225949910375204,14.3398811,1,11.2097,,1,0,0,False
GJ 1002,3024.0,-2.85201,0.12,0.137,5.1,-0.25,,0.6856226270819105,2059.5072713,1,11.7804,M,2,2,1,False
TOI-1759,4065.0,-1.05715,0.606,0.597,4.65,0.05,5.0,1.602769482954393,173.7850455,1,10.8385,M,1,0,0,False
HIP 9618,5649.0,-0.0716,0.942,0.9593,4.445,-0.018,5.6,1.8296112088218648,191.8826949,1,9.02543,,2,0,0,False
K2-367,4462.0,-0.85399,0.699,0.626036,4.68935,,,2.2478873804300554,43.2579663,1,13.3983,,1,0,0,False
TOI-2570,5771.0,0.07882,1.063,1.095,4.385,0.191,4.4,2.558536978321665,17.1005512,1,12.4599,,1,0,0,False
K2-409,5644.0,0.17248,1.0,1.27561,4.22663,,,2.63450850599551,25.7210493,1,12.6144,,1,0,0,False
K2-401,4213.0,-0.8901367678632717,0.87,0.675,4.719,-0.098,,2.3026057938245112,79.7182415,1,13.6941,,1,0,0,False
TOI-5803,5134.0,-0.43899,0.87,0.76251,4.6131,,,1.9243444253488429,57.512972,1,10.4782,,1,0,0,False
TOI-1859,6341.0,0.42859867945556857,1.287,1.36,4.285,0.12,1.41,2.3509938212340074,17.1660965,1,10.2843,,1,0,0,False
K2-377,4314.0,-0.81809,0.674,0.697984,4.57904,,,2.2903663301722528,97.3624008,1,13.5859,,1,0,0,False
K2-393,5678.0,0.02925034439035229,0.881,1.071,4.321,0.076,,2.4247412029302464,21.7518329,1,11.7768,,1,0,0,False
TOI-2589,5579.0,-0.00436,0.93,1.07,4.35,0.12,11.0,2.3016224034054154,20.7268348,1,11.1958,,1,0,0,False
TOI-836,4552.0,-0.7686578458784443,0.678,0.665,4.743,-0.284,5.4,1.4393705942403259,201.5182743,1,9.40475,K,2,0,0,False
TOI-757,5278.0,-0.37675,0.8,0.78,4.5,-0.27,7.5,1.7806182610661452,117.406487,1,9.55369,K,1,0,0,False
TOI-1294,5718.0,0.36847,1.1578,1.5566,4.119,0.283,6.2,2.5219849166545316,19.2397323,1,11.3998,,2,0,0,False
TOI-1451,5801.0,0.02449,1.0022,1.0162,4.424,0.019,4.0,1.9634865490864999,27.4714182,1,9.42861,,1,0,0,False
HIP 8152,5618.0,-0.0804,0.9373,0.9603,4.443,0.007,6.0,2.0072953300735734,140.8438618,1,9.90726,,2,0,0,False
K2-382,5390.0,-0.27952,0.936,0.831219,4.56991,,,2.444687950124834,8.3120936,1,12.7667,,1,0,0,False
HD 110537,5718.0,0.11726,1.02,1.16626,4.31308,0.09,,1.6540397801772495,283.5606185,1,7.66105,,1,0,0,False
K2-370,5377.0,-0.15051154430822625,0.984,0.971,4.454,0.018,,2.158971283843468,43.4217143,1,10.8824,G,1,0,0,False
K2-408,5265.7,-0.33037,0.902,0.821397,4.56417,-1.05,,2.2103345747783383,96.211542,1,11.7345,,1,0,0,False
K2-380,5572.0,0.20189,0.98,1.35386,4.16615,,,2.396727504639379,30.0368169,1,11.4419,,1,0,0,False
WASP-132,4714.0,-0.59688,0.782,0.753,4.576,0.18,3.2,2.0895872186728046,74.2782343,1,11.7538,K,3,0,0,False
TOI-2010,5929.0,0.11361,1.112,1.079,4.417,0.168,1.9,2.03818286599066,42.0137269,1,9.69568,F,1,0,0,False
TOI-5082,5670.0,-0.08961,1.01,0.934718,4.50103,0.09,,1.6348861809815722,121.4095669,1,8.08646,,1,0,0,False
TOI-5786,6235.0,0.39931349796596816,1.23,1.36,4.26,0.08,2.5,2.284374328300976,0.9460141,2,10.1378,,1,0,0,False
KOI-7368,4823.55,-0.31552,0.782,0.995767,4.33496,0.0578,,2.423237679623995,3.5473104,1,12.8094,,1,0,0,False
KOI-7913 A,4324.0,-0.710514973928511,0.76,0.788,4.523,-0.06,0.036,2.433412974017708,2.6833047,2,14.2239,K,1,0,0,False
TOI-4633,5490.04,0.31136,0.96,1.5819,4.02198,0.2379,,1.9786442473900612,70.8738223,2,8.81983,,1,1,1,False
TOI-6034,3635.0,-1.4034,0.514,0.489,4.77,-0.09,7.8,2.0718525626143007,5.5947293,2,14.3143,,1,0,0,False
HD 29399,4845.0,1.00173,1.17,4.5,3.25,0.14,6.2,1.6449484137829475,119.1088447,1,5.50503,K,1,0,0,False
TOI-1268,5257.0,-0.2951613394718763,0.9,0.86,4.52,0.17,0.39,2.039640131456294,68.7177569,1,10.692,K,1,0,0,False
TOI-1470,3709.0,-1.42481,0.471,0.469,4.77,0.0,1.3,1.7155880598425395,73.832396,1,12.5555,M,2,0,0,False
HD 112300,3657.0,2.70121,1.4,65.8,0.8,-0.06,,1.7929044145878712,471.3615569,1,2.36431,M,1,0,0,False
TOI-782,3370.0,-1.70246,0.397,0.413,4.804,0.34,,1.7202602134469436,167.8089619,1,13.5645,,1,0,0,False
TOI-1448,3412.0,-1.75498,0.372,0.38,4.849,0.37,,1.8653083352779785,66.6593216,1,14.4005,,1,0,0,False
TOI-2120,3131.0,-2.28651,0.211,0.245,4.985,0.39,,1.5075253044669832,374.516055,1,14.1872,,1,0,0,False
HD 20329,5596.0,0.04922,0.9,1.13,4.4,-0.07,11.0,1.8040003267406308,231.1242141,1,8.59089,,1,0,0,False
HD 105618,5671.0,0.17967,1.01,1.27399,4.23206,,,1.8456170219152357,104.6313648,1,8.46692,,2,0,0,False
HIP 8541,4670.0,1.40483,1.17,7.83,2.7,-0.15,,2.190670595793973,119.9282946,2,7.56075,K,2,0,0,False
LHS 3154,2861.0,-2.72125,0.1118,0.1405,5.193089155068208,,5.0,1.1975727468926896,734.5185758,1,14.8561,M,1,0,0,True
TOI-733,5585.0,-0.08619,0.956,0.949,4.47,-0.04,4.4,1.8762709691135477,33.6594008,1,9.28881,G,1,0,0,False
TOI-4527,3702.0,-1.39838,0.483997,0.485948,4.74973,,,1.2577673442263848,640.3799054,1,10.1927,,1,0,0,False
TOI-833,3920.0,-1.11104,0.590802,0.603336,4.64839,,,1.620290165716686,176.2913728,1,11.075,,1,0,0,False
TOI-1227,3072.0,-2.60033,0.17,0.56,4.174072867365873,,0.011,2.0027749434064823,41.6482944,1,15.2514,M,1,0,0,True
TOI-500,4440.0,-0.7951188818401065,0.74,0.678,4.618,0.12,5.0,1.6757087023766406,199.5756794,1,10.1026,K,4,0,0,False
HD 28109,6120.0,0.420232124466556,1.26,1.446,4.13,0.0,1.1,2.1449196378508657,24.36023,1,9.29976,F,3,0,0,False
TOI-871,4929.0,-0.56004,0.758,0.719,4.604,-0.07,5.9,1.8328108978220263,145.292372,1,10.3452,,1,0,0,False
TOI-4559,3558.0,-1.6925,0.392,0.374,4.884,-0.09,7.0,1.500173330076802,248.9391439,1,12.0797,,1,0,0,False
ZTF J1230-2655,10000.0,-2.867299927153917,0.646,0.0123,8.07,,,2.271121055704133,42.887816,1,18.8866,,1,0,0,False
ZTF J1828+2308,15900.0,-2.0069790614393783,0.61,0.0131,8.05,,,2.3049792648079266,20.7444485,1,18.0258,,1,0,0,False
BD+05 4868 A,4596.0,-0.7167,0.7,0.69,4.6,-0.05,11.1,1.63917460167894,231.4652001,2,9.84152,K,1,0,0,False
TOI-1710,5730.0,-0.04818,0.99,0.95,4.54,0.12,2.8,1.9097009481687284,81.6878528,2,9.35983,G,1,0,0,False
TOI-3785,3576.0,-1.43533,0.52,0.5,4.747,0.099,8.0,1.9018036579636692,46.160023,1,13.6559,M,1,0,0,False
TOI-2641,6100.0,0.34044,1.16,1.336,4.2,-0.15,10.8,2.5366152506341235,33.984865,1,11.5712,F,1,0,0,False
TOI-904,3770.2,-1.29243,0.557,0.527,4.742233964748636,0.022,1.5,1.663598227568001,114.5734091,1,11.8559,,2,1,1,True
TOI-5126,6150.0,0.29885,1.24,1.241,4.224,0.18,0.8,2.20524226829615,55.6142027,1,9.93629,F,2,0,0,False
TOI-4603,6264.0,1.01703,1.765,2.738,3.81,0.342,1.64,2.3534218651837606,23.0359324,1,9.07469,F,1,0,0,False
TOI-4582,5190.0,0.609439298705194,1.34,2.5,3.77,0.17,,2.584157019250594,20.1121773,1,11.0809,,1,0,0,False
TOI-1680,3225.0,-2.36251,0.1798,0.2106,5.046,0.04,,1.5707868701463905,142.9990315,1,14.6457,M,1,0,0,False
HD 74698,5783.0,0.25285,1.039,1.333,4.12,0.07,7.847,1.7165442044458445,122.5392979,1,7.60959,G,2,0,0,False
HD 167677,5480.36,-0.13215,0.96,0.95271,4.46242,-0.2833,,1.735006130446356,226.4631773,1,8.7114,,1,0,0,False
HD 165131,5870.0,0.08329,1.06,1.06419,4.40934,0.06,,1.759110835411443,138.8522705,1,8.26134,,1,1,1,False
HD 114082,6651.0,0.5832,1.47,1.49,4.19,0.0,0.015,1.9795055804769877,44.4325687,1,8.09394,F,1,0,0,False
HD 135625,6040.64,0.34446,1.12,1.35743,4.22185,0.12,,1.7521867850885524,97.1951146,1,7.56578,,1,0,0,False
HD 185283,4848.0,-0.56072,0.79,0.743303,4.59336,-0.06,,1.4968604873943676,172.3780028,1,8.71311,,1,0,0,False
HD 16905,4866.12,-0.51804,0.79,0.77494,4.55716,0.2405,,1.599228955612084,188.2810822,1,9.11324,,1,0,0,False
GJ 9404,3811.0,-1.0,0.55,0.73,4.453716969253333,,,1.3781052441569075,652.5197868,1,9.87021,M,1,0,0,True
TOI-5720,3325.0,-1.79183,0.383,0.383,5.01,0.03,5.0,1.554193472607612,362.1156297,1,12.8215,M,1,0,0,False
TOI-6008,3075.0,-2.32873,0.23,0.242,5.01,0.3,3.0,1.3636270201332465,164.546597,1,13.7122,M,1,0,0,False
TOI-6086,3200.0,-2.19791,0.254,0.259,5.01,0.11,2.0,1.497711779919972,110.6161899,1,13.6971,M,1,0,0,False
TOI-2184,5966.0,0.9804188418693751,1.53,2.9,3.7,0.14,2.3,2.8967008921934623,5.060704,1,11.8482,,1,0,0,False
TOI-4184,3238.0,-2.2644,0.2109,0.2347,5.01,-0.27,6.7,1.8411397645113503,183.6212286,1,15.5939,M,1,0,0,False
HD 36384,3940.0,2.58915,1.14,38.4,1.1,-0.16,0.113,2.320787902807404,27.2296245,1,5.48147,M,1,0,0,False
HD 6061,5934.0,0.05538,1.0269,1.0072,4.441,-0.05,2.4,1.8300770931978003,14.1470505,2,8.69933,,1,0,0,False
TIC 241249530,6166.0,0.40824,1.271,1.397,4.23,0.09,3.2,2.511145101374597,17.5874799,2,11.565,,1,0,0,False
TOI-2266,3244.0,-2.16716,0.233038,0.261162,4.97167,,,1.7126530682380532,60.72795,1,14.8319,,1,0,0,False
HN Lib,3347.0,-1.99542,0.291,0.299,4.76,-0.18,4.4,0.7954921060412482,691.3474089,1,9.87882,M,1,1,1,False
TOI-2019,5626.0,0.44075,1.1832,1.7457,4.025,0.409,6.4,2.296680543835451,48.0794013,1,10.0769,,1,0,0,False
WASP-193,6078.0,0.27416,1.059,1.239,4.284,-0.06,4.4,2.5588129326335967,49.0464419,1,12.0421,F,1,0,0,False
TOI-1823,4927.0,-0.46092,0.8414,0.8049,4.548,0.243,6.3,1.8551895240509282,139.3430918,1,10.3908,,1,0,0,False
TOI-128,6059.0,0.18874,1.13,1.12777,4.3867,,,1.8355174532066219,66.843427,1,8.37173,,1,0,0,False
TOI-261,5890.3,0.24978,1.069,1.28018,4.25251,-0.35,,2.0587865214372782,108.9371092,1,9.42329,,1,0,0,False
TOI-1806,3272.0,-1.77852,0.393258,0.401575,4.82521,,,1.7444580618992058,168.2044206,1,13.927,,1,0,0,False
TOI-4443,5834.0,0.03349,1.05,1.01733,4.44433,,,1.7487607627968544,57.0132128,1,8.33609,,1,0,0,False
TOI-4495,6156.0,0.36656,1.171,1.34071,4.25196,,,2.1212774445658575,28.0327201,1,9.3859,,1,0,0,False
TOI-4153,6860.0,0.71349,1.572,1.605,4.224,0.317,0.4,2.6272019409531557,18.3055521,1,11.5632,,1,0,0,False
TOI-5301,6170.0,0.81158,1.316,2.23,3.859,-0.02,3.78,2.798761794037489,7.9271463,1,11.5696,,1,0,0,False
HIP 19976,4316.0,-0.72939,0.67,0.772319,4.48855,,,1.6049891787381776,257.5796446,2,9.88841,,1,0,0,False
GJ 1151,3280.0,-2.47952,0.1639,0.1781,5.09,-0.12,,0.9050534387695476,1821.0445189,1,11.6938,M,1,0,0,False
TOI-2134,4580.0,-0.7167,0.744,0.709,4.8,0.12,3.8,1.3544964404883044,288.224734,1,8.5077,K,2,1,1,False
HD 151450,6091.98,0.23147,1.14,1.17184,4.35724,,,1.6394884814405393,119.5971622,1,7.28278,,2,0,0,False
HD 153557,4837.0,-0.56249,0.79,0.745171,4.59118,,,1.253851487534672,308.7663785,1,7.50548,,3,0,0,False
HD 155918,5752.0,0.049,1.63,1.07,4.61,-0.64,12.3,1.440294971094914,990.6211832,1,6.8406,G,2,0,0,False
HD 18143,5148.0,-0.26,0.9,0.87,4.51,0.28,9.4,1.3526513030534906,327.6550874,1,7.33209,K,2,0,0,False
HD 199509,5770.0,-0.081,0.96,0.92,4.51,-0.31,1.6,1.385706346392781,269.7829853,1,6.817,G,1,0,0,False
HD 205158,6133.55,0.65266,1.16,1.87741,3.95541,,,1.9375976223686788,35.2938404,1,7.71934,,1,0,0,False
HD 213519,5840.0,0.0895,1.05,1.08287,4.39011,0.01,,1.6127986860342283,178.1094753,1,7.51625,,1,0,0,False
HD 25912,5920.58,0.04058,1.08,0.995896,4.47506,0.12,,1.6916657601377474,169.3481005,1,8.02788,,2,0,0,False
HD 28192,5919.87,0.10347,1.08,1.07094,4.41196,,,1.6972842801530277,51.1357627,1,7.89874,,1,0,0,False
GJ 2030,5485.0,0.6123,0.96,2.24104,3.71944,-0.4,,1.569125670407428,219.5420718,1,6.02088,,2,0,0,False
HD 115404 A,5019.17,-0.5197,0.83,0.727007,4.63407,-0.1568,,1.0406656206739844,688.8917765,1,6.28558,,2,0,0,False
HD 89839,6315.73,0.37479,1.24,1.28588,4.31309,0.04,,1.7582023689976798,16.2003764,1,7.51304,,1,0,0,False
HD 108202,4556.03,-0.76721,0.72,0.66355,4.65165,0.3048,,1.5875381105980162,319.5815419,1,9.78272,,1,0,0,False
HD 62364,6255.0,0.43297,1.157,1.401,4.14,-0.11,3.901,1.725192655638864,123.682891,1,7.1814,F,2,0,0,False
TOI-4479,3400.0,-1.60432,0.452,0.451,4.5,0.0,,1.906621603154267,151.4452179,1,14.1309,M,1,0,0,False
HD 22946,6040.0,0.20370432235531397,1.104,1.157,4.26,-0.14,5.0,1.7978157771525038,122.0961548,1,8.1281,F,3,0,0,False
GJ 3222,5045.0,-0.252,0.86,0.98,4.43,,,1.260981259498252,65.667873,2,,K,1,0,0,False
GJ 680,3563.0,-1.51379,0.456466,0.45933,4.77323,,,0.9855679223610834,476.1883734,2,9.28322,,1,0,0,False
LHS 475,3289.0,-2.06449,0.274,0.286,4.964,,,1.096263301546242,1276.9225263,1,11.4174,,1,0,0,False
HIP 54597,4799.0,-0.68194,0.69,0.66,4.43,-0.22,6.9,1.5992595539677028,75.57022,1,9.4828,K,1,0,0,False
TOI-1411,4115.0,-1.01323,0.6045,0.614,4.64,0.012,9.6,1.5115866030746858,336.2326566,1,9.87723,,1,0,0,False
TOI-3688 A,5950.0,0.2833,1.199,1.302,4.288,0.262,3.3,2.598109542019731,22.0086006,2,12.3686,,1,0,0,False
TOI-1994,7700.0,1.22272,1.86,2.3,3.982,-0.01,0.94,2.71231543560079,13.6585266,1,10.428,,1,0,0,False
TOI-712,4622.0,-0.72793,0.732,0.674,4.645,-0.02,0.83,1.7680547043795258,31.1412951,1,10.5785,K,3,1,1,False
TOI-2158,5673.0,0.2665792095368557,1.12,1.41,4.19,0.47,8.0,2.297701434280159,44.6987693,1,10.6718,,1,0,0,False
TOI-4342,3883.0,-1.13498,0.586597,0.598175,4.65275,,,1.7890191505454553,151.1771245,1,11.9822,,2,0,0,False
LP 890-9,2850.0,-2.84134,0.118,0.1556,5.126,-0.028,7.2,1.5109442703145326,332.9022204,1,15.8213,M,2,1,1,False
TOI-1194,5394.0,-0.1512,0.9835,0.9608,4.463,0.348,4.9,2.1751260535308727,80.9695016,1,10.9887,,1,0,0,False
TOI-2194,4669.0,-0.68955,0.74,0.690927,4.62844,,,1.2916152360057032,410.6245709,1,8.06594,,1,0,0,False
TOI-669,5597.0,-0.06248,0.9245,0.9882,4.412,0.001,7.9,2.154931925271204,72.7485172,1,10.6364,,1,0,0,False
TOI-1472,5133.0,-0.35556,0.9154,0.8377,4.552,0.287,2.3,2.085789890327986,104.2406662,1,11.1107,,1,0,0,False
TOI-1694,5058.0,-0.41794,0.853,0.8036,4.558,0.131,4.3,2.0957967936048023,50.773836,1,11.3103,,2,0,0,False
HD 260655,3803.0,-1.43997,0.439,0.439,5.2,-0.43,5.0,1.0002387963020818,835.8253883,1,8.876041,M,2,0,0,False
TOI-1753,5621.0,-0.06956,0.9483,0.9715,4.438,0.026,5.9,2.3553959605958354,12.647367,1,11.664,,1,0,0,False
TOI-1801,3863.0,-1.23003,0.556,0.547,4.78,-0.19,0.7,1.4868496929912451,209.1584457,2,10.8269,M,1,0,0,False
TOI-2128,5968.0,0.15625,1.0251,1.1174,4.349,-0.07,4.7,1.5632199555769868,167.400318,1,7.06642,,1,0,0,False
HIP 113103,4930.0,-0.5349146623657384,0.761,0.742,4.6,-0.1,0.47,1.6647566442407797,27.6376021,1,9.61752,,2,0,0,False
TOI-1249,5497.0,-0.10127,1.0062,0.9785,4.457,0.297,4.0,2.144543074272788,48.6154808,1,10.6987,,1,0,0,False
DMPP-4,6400.0,0.45939,1.25,1.38,4.24,-0.007,2.15,1.4036077561893574,190.9793309,1,5.60037,F,1,0,0,False
HD 6860,3802.0,3.22398,2.49,86.4,0.541,-0.03,,1.7862166695692099,208.614477,1,,M,1,0,0,False
TOI-1420,5510.0,-0.15181,0.987,0.923,4.502,0.28,10.7,2.3051750358937477,55.5082605,1,11.738,,1,0,0,False
TOI-1422,5811.0,0.03302,0.9903,1.0235,4.412,-0.028,4.6,2.1907265864705634,74.356965,1,10.5521,,1,0,0,False
TOI-4515,5433.0,-0.23582,0.949,0.86,4.48,0.05,1.2,2.2866787249332035,5.4661183,1,11.8121,G,1,0,0,False
TOI-2373,5651.0,0.05115,1.041,1.102,4.371,0.3,5.9,2.7064497851909888,40.7690492,1,13.0711,,1,0,0,False
TOI-6029,6223.0,0.79934,1.548,2.338,3.886,0.37,2.31,2.7804030102238633,4.0743083,1,12.2681,,1,0,0,False
TOI-2447,5730.0,-0.009295700723335602,1.034,1.006,4.3,0.18,2.1,2.1731483752943306,31.566628,1,10.4403,,1,0,0,False
TOI-2416,5808.0,0.197,1.118,1.236,4.303,0.32,4.9,2.7464263416296357,13.3430768,1,12.8909,,1,0,0,False
TOI-2207,6101.0,0.4843,1.296,1.564,4.161,0.181,3.3,2.5721103394410254,30.2899863,1,11.3545,,1,0,0,False
TOI-277,4031.0,-1.5080418163541764,0.16,0.362,4.58,-0.01,,1.8106974884755764,274.6155931,1,12.7896,,1,0,0,False
TOI-1820,5778.19,0.29432,1.036,1.40032,4.16097,0.018,,2.395333383668733,60.8776166,1,10.9653,,1,0,0,False
TOI-2421,5607.0,0.436,1.131,1.75,4.005,0.19,7.5,2.51577717595045,29.1431094,1,11.1554,,1,0,0,False
GJ 724,3799.0,-1.2909,0.5271,0.52226,4.88,-0.02,,1.2295743430494512,677.8415697,1,9.76915,M,1,0,0,False
GJ 3988,3273.0,-2.39513,0.1842,0.19734,4.92,-0.12,,0.9960955658639992,622.715912,1,11.9925,M,1,0,0,False
HD 134606,5648.0,0.072,1.06,1.12,4.37,0.29,9.12,1.4279873033233406,242.3733124,1,6.67835,G,5,1,1,False
HD 94771,5631.0,0.51587,1.2,1.903,3.94,0.22,5.733,1.761782798918629,48.355817,1,7.17929,G,1,1,1,False
TOI-2025,5977.0,0.38739,1.199,1.459,4.187,0.15,4.5,2.5263198888105465,5.3130123,1,11.3637,,1,0,0,False
TOI-2545,5846.29,0.21828,1.055,1.25324,4.26525,-0.2729,,2.0298624553681006,18.6761292,1,9.2949,,1,0,0,False
Gaia-2,5720.0,0.0574,1.02,1.08783,4.37355,,,2.32062187936879,25.003903,1,11.1968,,1,0,0,False
TOI-2427,4072.0,-0.94244,0.64,0.678916,4.58062,,,1.4550688067810247,156.0414932,1,9.81845,,1,0,0,False
TOI-2583 A,5936.0,0.38828,1.215,1.477,4.184,0.158,4.4,2.752961427576405,9.173251,2,12.4592,,1,0,0,False
TOI-969,4249.11,-0.70042,0.66,0.823845,4.42592,0.086,,1.88792884548507,85.0905897,1,11.2667,,2,0,0,False
TOI-1052,5958.2,0.38373,1.09,1.45977,4.14692,-0.25,,2.1132880757552686,63.3565826,1,9.39972,,2,0,0,False
TOI-2196,5634.0,-0.00436,1.032,1.043,4.42,0.14,4.5,2.414884809686644,25.8220941,1,11.8259,G,1,0,0,False
TOI-332,5251.0,-0.2871035716472477,0.88,0.87,4.46,0.256,5.0,2.3480165360442107,51.8390004,1,12.063,K,1,0,0,False
TOI-2000,5611.0,0.05956,1.082,1.134,4.363,0.439,5.3,2.244803893649013,74.3934644,1,10.8542,,2,0,0,False
TOI-2364,5306.0,-0.25181,0.954,0.886,4.524,0.344,3.5,2.3416600221575807,19.7314011,1,12.0921,,1,0,0,False
TOI-2587 A,5760.0,0.47129,1.15,1.726,4.024,0.13,6.7,2.572494043192868,33.5609786,2,11.4079,,1,0,0,False
TOI-198,3650.0,-1.509061513271137,0.467,0.441,4.75,-0.7,5.3,1.3752281869665115,698.0992388,1,10.9187,M,1,0,0,False
HD 207496,4819.0,-0.5434297652250165,0.8,0.769,4.507,0.095,0.52,1.3730224027881575,292.2203092,1,7.97255,K,1,0,0,False
TOI-1064,4734.0,-0.62342,0.748,0.726,4.6,0.05,9.4,1.8329723385888603,100.9502198,1,10.6491,,2,0,0,False
TOI-444,5225.0,-0.39169005555521713,0.96,0.779,4.64,0.08,0.57,1.758891463431415,119.2588498,1,9.6063,K,1,0,0,False
TOI-715,3075.0,-2.3353071861637584,0.225,0.24,5.0,-0.25,6.2,1.6274150192230403,83.2357377,1,14.894,M,1,1,1,False
HD 56414,8500.0,1.15806,1.89,1.751,4.229889512006352,0.0,0.42,2.434915243481763,35.0449149,1,9.20475,,1,0,0,True
TOI-1199,5710.0,0.30428,1.23,1.45,4.19,0.44,4.2,2.3951987948611353,33.5911969,1,10.8853,,1,0,0,False
TOI-4551,4896.0,0.80277,1.31,3.55,3.48,0.23,4.92,2.334425601522245,37.6236489,1,9.641,,1,0,0,False
TOI-1860,5752.0,-0.06157893333401056,0.99,0.94,4.58,0.04,0.133,1.6614719287666189,164.9040813,1,8.23223,G,1,0,0,False
HD 188641,5897.32,0.61512,1.07,1.94492,3.88965,-0.08,,1.8084803815662316,40.0143693,1,7.17761,,1,0,0,False
HD 11112,5905.64,0.37657,1.07,1.47368,4.13064,0.1869,,1.6471912122044596,440.43742,1,6.96653,,1,0,0,False
HD 125271,4703.93,-0.60376,0.75,0.751364,4.56143,-0.22,,1.5949072102647321,227.6955822,1,9.35594,,1,0,0,False
HD 136118,6182.43,0.56868,1.18,1.67754,4.0606,-0.042,,1.7112663433076742,125.780865,1,6.79664,,1,1,1,False
HD 168863,4905.0,-0.50098,0.8,0.777826,4.55939,0.16,,1.6009500374809005,261.6089412,1,9.06821,,1,0,0,False
HD 194490,5861.32,0.1474,1.06,1.14911,4.34265,0.08,,1.904363315672263,142.9107381,1,8.82731,,1,0,0,False
HD 29985,4678.0,-0.84623,0.75,0.574666,4.7943,-0.22,,1.4951376031084496,295.521308,1,9.47227,,1,0,0,False
HD 457,6114.04,0.31574,1.15,1.28194,4.28303,0.34,,1.7406586984675823,114.4880167,1,7.57794,,1,0,0,False
HD 62549,5930.46,0.22846,1.08,1.23227,4.29008,,,1.693115517370523,193.3686841,1,7.56542,,1,0,0,False
HD 80883,5177.91,-0.36654,0.88,0.814842,4.5604,-0.2638,,1.5390899056233078,116.2489748,1,8.3618,,1,0,0,False
HD 97037,5874.1,0.23365,1.06,1.26356,4.26018,-0.0773,,1.5107192292163927,294.911054,1,6.64346,,1,0,0,False
TOI-3807,5772.0,0.33244,1.181,1.468,4.174,0.278,5.6,2.6250499425112364,1.4614542,1,12.0338,,1,0,0,False
TOI-3321,5850.0,0.40483,1.041,1.549,4.076,-0.103,8.1,2.4562065600750307,1.96379,1,11.0932,,1,0,0,False
TOI-4201,3794.0,-1.11919,0.61,0.63,4.64,0.52,1.4,2.2764870798361336,13.2611977,1,14.5001,M,1,0,0,False
TOI-654,3424.0,-1.64438,0.422643,0.427953,4.80125,,,1.7615918440644178,283.9865808,1,13.4339,,1,0,0,False
HD 18438,3860.0,2.96802,1.84,88.475,0.9,-0.4,5.5,2.350530993063832,36.8946366,1,4.73199,M,1,0,0,False
TOI-1695,3650.0,-1.36552,0.54,0.53,4.72,0.0,,1.6544739943031366,82.3411213,1,12.1364,,1,0,0,False
TOI-4329,6000.0,0.7927188112861505,1.538,2.31,3.9,0.29,2.39,2.855596679701682,4.4404111,1,12.4747,,1,0,0,False
TOI-1452,3185.0,-2.1549,0.249,0.275,4.95,-0.07,,1.4846016047459187,74.3267703,2,13.6233,M,1,1,1,False
TYC 2187-512-1,3734.0,-1.38091,0.498,0.495,4.68,0.08,,1.1896138188074485,160.4380043,1,9.77026,M,1,0,0,False
TOI-3331 A,5609.0,-0.09313,1.016,0.952,4.487,0.148,2.1,2.3368458240919363,16.9479367,2,11.8314,,1,0,0,False
TOI-1516,6520.0,0.32368993556791337,1.14,1.14,4.25,-0.05,4.82,2.3927918898541116,16.2769326,1,10.7156,F,1,0,0,False
TOI-5293 A,3586.0,-1.3966623218584582,0.54,0.52,4.77,-0.03,2.9,2.2101284911464707,16.7849204,2,14.9816,M,1,0,0,False
TOI-3693,5321.0,-0.3439,0.867,0.791,4.581,0.071,3.0,2.246587203279917,22.4318545,1,11.9579,,1,0,0,False
TOI-4791,6058.0,0.38021,1.242,1.409,4.234,0.207,3.3,2.5169344505539075,15.5485254,1,11.3152,,1,0,0,False
HD 88986,5861.0,0.4015085876200593,1.25,1.543,4.16,0.06,7.9,1.522017554620424,115.9235213,1,6.30259,G,1,0,0,False
TOI-3894,6000.0,0.41896,1.138,1.502,4.143,0.021,5.7,2.62051602655935,12.3642799,1,11.6943,,1,0,0,False
TOI-3912,5725.0,0.27323,1.088,1.392,4.188,0.187,7.5,2.668378460926742,7.7623459,1,12.3073,,1,0,0,False
TOI-4087,6060.0,0.17609,1.178,1.112,4.416,0.237,0.8,2.4795407610130358,19.6850913,1,11.7064,,1,0,0,False
NGTS-30,5427.85,-0.18738,0.946,0.911394,4.49455,0.0162,,2.3772643498309685,54.8914865,1,12.1755,,1,0,0,False
TOI-6016,6110.0,0.4609,1.31,1.51,4.19,0.28,0.3,2.561953625346313,7.9200627,1,11.9184,F,1,0,0,False
TOI-5108,5808.0,0.23017570133393464,1.1,1.29,4.26,0.2,5.8,2.117002679372443,82.0561052,1,9.608,,1,0,0,False
TOI-6038 A,6110.0,0.53275,1.291,1.648,4.118,0.124,3.65,2.253209539857113,41.3195176,2,9.72957,,1,0,0,False
TOI-1295,6280.0,0.58659,1.38,1.7,4.1,0.26,2.0,2.5890857359551003,11.2239521,1,11.1307,F,1,0,0,False
TOI-3976 A,5975.0,0.41296,1.254,1.501,4.183,0.182,3.8,2.712722919524569,22.2300592,2,12.2192,,1,0,0,False
TOI-4137,6202.0,0.43933,1.313,1.438,4.24,0.182,2.1,2.525035732131963,20.0749105,1,11.2468,,1,0,0,False
TOI-4145 A,5281.0,-0.28735,0.905,0.859,4.526,0.168,4.7,2.3125729513988555,17.8421769,2,12.0572,,1,0,0,False
TOI-3071,6177.0,0.3505428466295912,1.29,1.31,4.37,0.35,0.95,2.685937798446798,6.0447025,1,12.2766,,1,0,0,False
TOI-3235,3388.8,-1.78968,0.3939,0.3697,4.8976,0.264,,1.8621969957748432,182.0081084,1,14.4858,M,1,0,0,False
NGTS-21,4660.0,-0.5045695807855765,0.72,0.86,4.63,-0.26,10.02,2.7729748578673057,15.4860419,1,15.224,K,1,0,0,False
NGTS-23,6057.0,0.2833,1.01,1.24,4.04,-0.26,6.39,3.0313882640385037,12.3360162,1,13.9535,F,1,0,0,False
NGTS-26,5550.0,0.10106,0.96,1.16,4.1,0.2,11.5,3.0388942412224473,14.2157228,1,14.7261,,1,0,0,False
TOI-2145,6200.0,1.00664,1.7169,2.7505,3.789,0.285,1.6,2.3516629843030903,7.2916791,1,8.93651,,1,0,0,False
TOI-2842,5910.0,0.24551,1.135,1.265,4.288,0.233,4.7,2.6636962150118055,5.1823736,1,12.4636,,1,0,0,False
TOI-2977,5691.0,0.03703,0.936,1.073,4.35,0.013,9.8,,,1,12.4443,,1,0,0,False
TOI-3819,5859.0,0.39967,1.242,1.538,4.156,0.273,4.5,2.7467439261535382,23.577911,1,12.413,,1,0,0,False
HD 156098,6419.19,1.06554,1.29,2.75716,3.66773,0.12,,1.6834883166646315,112.595783,1,5.41159,,2,1,1,False
HD 93351,5408.0,-0.19371,0.94,0.911435,4.49174,-0.23,,1.749450297993681,167.5572061,1,8.94652,,2,0,0,False
HD 203387,5174.32,1.8577011208773597,,10.5852,,0.05,,1.7906207854796967,31.0631135,1,4.05534,,2,0,0,False
HD 144899,6126.0,0.53733,1.16,1.64802,4.0686,,,2.063201962180565,131.0753033,1,8.81343,,1,0,0,False
HD 12235,5986.0,0.57468,1.1,1.80185,3.96802,0.31,,1.5019174126864594,345.2121908,1,5.74089,,2,0,0,False
BD-210397,4051.0,-0.86967,0.679,0.747,4.67,0.12,6.2,1.3753416595848829,379.6005102,1,9.25962,K,2,0,0,False
HD 307842,5558.0,-0.15222140614710972,0.91,0.907,4.48,-0.13,,1.8102305011429618,154.9520584,1,9.23501,G,1,0,0,False
HS Psc,4203.0,-0.91364,0.69,0.65,4.66,-0.05,0.133,1.5758849284493717,174.0383202,1,10.2865,K,1,0,0,False
TOI-3023,5760.0,0.44404,1.12,1.668,4.048,0.085,7.0,2.590971056601528,71.4782574,1,12.0336,,1,0,0,False
L 363-38,3129.0,-1.88606,0.21,0.274,4.97,,8.07,1.0098544066791442,760.126108,1,11.5607,,1,0,0,False
TOI-1408,6117.0,0.47129,1.312,1.53,4.1,0.25,2.7,2.1445243931993416,31.0888195,1,9.18795,F,2,0,0,False
TOI-2018,4218.89,-0.95622,0.66,0.622512,4.66932,-0.812,,1.4470897797037223,419.9165551,1,9.71999,,1,0,0,False
TOI-1437,5986.0,0.26435,1.012,1.2589,4.241,-0.159,6.7,2.0140877087184106,22.8622096,1,9.07928,,1,0,0,False
HIP 99770,7918.0,1.1247,1.9,1.93986,4.14128,,,1.6028897862858578,98.1830486,1,4.9147,,1,0,0,False
HD 13724,5835.31,0.05467,1.05,1.04198,4.42354,0.2169,,1.6381396839611964,75.4967351,1,7.73003,,1,0,0,False
HD 127506,4595.32,-0.66256,0.73,0.735766,4.56791,-0.08,,1.3527207096590805,522.2339597,1,8.33201,,1,0,0,False
HD 122562,4956.0,0.4048402114767703,,2.16627,,,,1.726342447652181,129.0805753,1,7.4131,,1,0,0,False
HD 73583,4582.0,-0.74425,0.702,0.677,4.623,-0.055,0.78,1.499227807082047,74.5013693,1,9.27033,K,2,0,0,False
Wolf 1069,3158.0,-2.53106,0.167,0.1813,4.93,0.07,,0.9815200686479447,602.4955655,1,12.3653,M,1,1,1,False
TIC 4672985,5757.0,0.11394,1.01,1.15,4.32,0.14,7.71,2.4037809017469236,51.3548355,1,11.4442,,1,0,0,False
GJ 896 A,3345.0,-1.75523,0.385464,0.394682,4.83156,,,0.7965895956876112,580.6759005,2,9.03758,,1,0,0,False
TOI-206,3383.0,-1.83581,0.336144,0.351676,4.87231,,,1.6789415416496642,153.4751021,1,13.6662,,1,0,0,False
TOI-3364,5706.0,0.28556,1.186,1.419,4.209,0.387,5.4,2.443886984002045,30.0077372,1,11.2945,,1,0,0,False
HD 75302,5697.46,-0.07549,1.01,0.940904,4.4953,0.0857,,1.4818552272019192,160.0722578,1,7.283,,1,0,0,False
NGC 2682 Sand 1429,5991.97,0.73989,1.1,2.175,3.80454,-0.0491,,2.930843626867945,11.1669271,1,12.5858,,1,0,0,False
TOI-2498,5905.0,0.23851054800054775,1.12,1.26,4.297,0.167,3.6,2.439750994273146,20.1019329,1,11.2677,,1,0,0,False
TOI-2497,7360.0,1.16732,1.859,2.36,3.962,0.094,1.0,2.455285026717018,30.0354744,1,9.47244,,1,0,0,False
TOI-908,5500.0,-0.03953,0.96,1.05236,4.37601,0.0,,2.244890391479025,5.8472927,1,11.1061,,1,0,0,False
TOI-244,3433.0,-1.64264,0.428,0.426,4.66,-0.39,7.0,1.3430874319967665,161.7031424,1,11.553,M,1,0,0,False
HD 140901,5627.0,-0.06,0.99,0.95,4.51,0.1,4.16,1.18334957567808,467.152936,1,5.83135,G,2,0,0,False
TOI-544,4169.0,-0.9780064762091839,0.631,0.623,4.68,-0.17,9.0,1.6140171949393571,85.3268417,1,10.4143,,2,0,0,False
HD 110067,5266.0,-0.3681342959734046,0.798,0.788,4.54,-0.2,8.1,1.5072957833315277,132.8761492,3,8.17208,K,6,0,0,False
TOI-2136,3342.0,-1.88606,0.34,0.34,4.91,0.03,4.6,1.5232663971918483,180.5499186,1,12.9643,M,1,0,0,False
TOI-1442,3328.0,-1.97722,0.286682,0.308799,4.91612,,,1.6145376147253356,470.0322408,1,13.7652,,1,0,0,False
TOI-622,6400.0,0.47407,1.313,1.415,4.2,0.09,0.9,2.0909525096914647,18.1777454,1,8.89103,F,1,0,0,False
Gliese 12,3253.0,-2.13077,0.241,0.269,4.96,-0.29,7.0,1.0867156639448825,700.2704562,1,11.3963,M,1,1,1,False
TOI-1107,6311.0,0.67117,1.35,1.81,4.05,-0.1,2.6,2.449191345999012,9.5162534,1,10.3745,F,1,0,0,False
TOI-4127,6096.0,0.31639,1.23,1.293,4.26,0.14,4.8,2.504650252268132,4.6317819,1,11.4122,F,1,0,0,False
NGTS-20,5980.0,0.5605345905387188,1.47,1.78,3.8,0.15,4.1,2.5830830978931765,19.8744519,1,11.0313,G,1,0,0,False
TOI-1439,5841.0,0.44091,1.2313,1.6184,4.106,0.226,4.6,2.3623052524798545,20.6262502,1,10.4168,,1,0,0,False
HD 15906,4757.0,-0.56864,0.79,0.762,4.49,0.02,,1.6586037329091212,196.0284571,1,9.47728,K,2,0,0,False
HD 222237,4723.0,-0.62,0.74,0.72,4.63,-0.29,8.8,1.0586878888437001,750.6775437,1,6.73988,K,1,0,0,False
TOI-5153,6300.0,0.4425081191380901,1.24,1.4,4.3,0.12,5.4,2.5916032434525778,35.6389876,1,11.5779,F,1,0,0,False
KIC 3526061,4829.0,1.21484,1.42,5.86,3.09,0.12,,2.6033923153872904,10.2840113,1,9.99106,,1,0,0,False
HD 184010,4971.0,1.11694,1.35,4.86,3.18,-0.17,2.76,1.7838985791430082,27.4168308,1,5.64508,K,3,0,0,False
TOI-7041,4700.0,0.88081,1.07,4.1,3.244,0.25,10.3,2.6429786420764865,2.7099671,1,10.908,,1,0,0,False
TOI-4364,3528.0,-1.51215,0.487,0.4684,4.785,0.148,0.71,1.6431189311564873,77.7989394,1,12.5548,M,1,0,0,False
TOI-5143,5183.0,-0.32790612514118767,0.864,0.852,4.514,0.107,7.4,2.258589397561461,49.2602502,1,11.8113,K,1,0,0,False
TOI-2081,3800.0,-1.33847,0.54,0.534,4.5,-0.5,,1.7947988428704702,116.4099129,1,12.6594,M,1,0,0,False
mu2 Sco,21700.0,3.7951048393738063,9.1,5.6,3.8,,0.02,,26.2967679,1,3.53617,B,1,1,1,False
TOI-2193 A,5966.0,0.25018,1.082,1.248,4.278,0.027,5.5,2.5277123703309905,2.5094122,2,11.8135,,1,0,0,False
MWC 758,7314.0,1.01963,1.655,2.01446,4.04855,,,2.2028614211382043,26.99064,1,8.19951,,1,0,0,False
TOI-2669,4800.0,0.9034225129091072,1.19,4.1,3.29,0.1,5.9,2.594881822899518,21.7382749,1,10.6019,,1,0,0,False
TOI-1696,3168.0,-2.12494,0.27,0.287,4.96,0.19,7.1,1.8123597796265656,23.1297321,1,15.3314,,1,0,0,False
TOI-1468,3496.0,-1.79724,0.339,0.344,5.0,-0.04,,1.3933979398551082,226.5243185,1,12.1172,M,2,0,0,False
TOI-2236,6248.0,0.53275,1.343,1.573,4.172,0.119,2.52,2.5509495391207713,8.5802806,1,11.2905,,1,0,0,False
TOI-262,5302.58,-0.28987,0.91,0.848675,4.53963,0.2637,,1.642780974929156,297.5639612,1,8.66859,,1,0,0,False
HIP 21152,6596.11,0.63565,1.38,1.59186,4.17414,0.01,,1.6375627729023032,112.7599195,2,6.25568,,1,0,0,False
CoRoT-36,6730.0,0.62863728275274,1.32,1.52,4.16,-0.1,2.1,2.966591288213348,4.0987041,1,12.9515,F,1,0,0,False
HD 154391,4909.0,1.58115,2.07,8.56,2.89,0.1,1.1,2.0040934168625664,59.143643,1,5.89921,K,1,1,1,False
TOI-2046,6250.0,0.3019806599764883,1.13,1.21,4.3,-0.06,0.45,2.4619005207784053,11.779633,1,11.4128,F,1,0,0,False
HD 112570,4750.0,1.6466,1.15,9.85,2.51,-0.4,5.45,2.0050345787745605,53.7290734,1,5.82375,K,1,0,0,False
GJ 463,3487.0,-1.52293,0.472351,0.474552,4.75976,,,1.2637638530677322,769.8655567,1,10.5462,,1,0,0,False
TOI-1811,4766.0,-0.56019,0.817,0.769,4.579,0.306,5.9,2.107989642267512,47.1203159,1,11.7574,,1,0,0,False
TOI-2152,6630.0,0.65321,1.516,1.612,4.205,0.282,0.83,2.4814512283078893,29.9915969,3,11.2407,F,1,0,0,False
CoRoT-35,6390.0,0.6098611710287006,1.01,1.65,4.01,-0.5,6.1,3.0504609613504434,5.7929122,1,15.2625,F,1,0,0,False
TOI-2445,3333.0,-2.08408,0.245288,0.272233,4.95786,,,1.6864753896598228,62.061506,1,14.3977,,1,0,0,False
TOI-2337,4780.0,0.6863131798074247,1.325,3.22,3.5,0.39,4.9,2.7292020596348805,14.2678007,1,11.8752,,1,0,0,False
TOI-2154,6280.0,0.43457,1.233,1.396,4.239,0.011,2.9,2.4719661042730605,18.6508451,1,11.0359,,1,0,0,False
HD 109833,5881.0,0.07188,1.08,1.0,4.45,-0.07,0.027,1.9006734849854017,50.8254842,1,9.13657,,2,0,0,False
TOI-2180,5695.0,0.40552,1.111,1.636,4.057,0.253,8.1,2.0670150305446953,41.5619434,1,9.01133,G,1,0,0,False
HD 73256,5570.0,-0.16115,1.05,0.89,4.66,0.29,0.83,1.5647607230323035,193.9823698,1,7.85676,G,1,0,0,False
TOI-771,3201.0,-2.25964,0.22,0.242,5.014,0.12,6.7,1.402756453876652,86.0053774,1,13.3671,,1,0,0,False
TOI-2068,3710.0,-1.31069,0.559,0.535,4.729,0.27,7.0,1.7237248675863288,197.9770221,1,12.221,,1,0,0,False
TOI-139,4570.0,-0.7163811147661607,0.69,0.7007,4.705,-0.238,,1.6274283331444,40.1736294,1,10.0772,,1,0,0,False
TOI-615,6850.0,0.7679,1.449,1.732,4.2,-0.1,1.7,2.5567944224770995,30.8606358,1,10.5775,F,1,0,0,False
HD 19615,4263.0,2.51455,1.1,32.3,1.4,-0.31,6.7,2.4234998209772507,30.8557291,1,6.02012,K,1,0,0,False
HD 174205,4308.0,2.3784,1.8,26.6,1.8,-0.28,1.7,2.3692659654211097,7.533829,1,5.89765,K,1,0,0,False
TOI-1075,3921.0,-1.14436,0.571742,0.580337,4.66791,,,1.788586902847682,116.3677266,1,12.0544,,1,0,0,False
TOI-1269,5499.0,-0.21968,0.9027,0.8521,4.531,-0.049,3.1,2.2358767527715635,115.040116,1,11.4712,,1,0,0,False
TOI-4379,6020.0,0.63749,1.372,1.976,3.929,0.16,4.51,2.8096660869222028,20.4334598,1,12.4083,,1,0,0,False
TOI-3540 A,5810.0,0.19005,1.081,1.228,4.293,0.176,6.0,,8.8177816,2,11.4036,,1,0,0,False
HD 42813,5289.0,-0.1549,0.89,0.98,4.39,0.24,11.7,1.833733428034108,180.9809707,1,9.27468,,3,0,0,False
HD 150010,4153.0,1.98227,1.3,16.2,2.1,-0.25,4.9,2.1598377910711073,67.8247058,1,5.86642,K,1,0,0,False
AB Aur,7920.0,1.49185,1.898,2.95887,3.77411,,,2.2098553465854676,24.429161,1,7.07854,,1,0,0,False
TOI-880,4935.0,-0.44771,0.81,0.816999,4.52211,,,1.7829589622393107,23.2573208,1,9.83708,,1,0,0,False
K2-379,4534.0,-0.6327,0.714,0.782239,4.50509,,,2.2605650576148952,42.9391174,1,12.8995,,1,0,0,False
TOI-1221,5592.0,-0.030324168515179512,0.93,1.031,4.38,0.06,10.0,2.141170606374092,39.5103311,1,10.5262,,1,0,0,False
TOI-470,5190.0,-0.34723867107065925,0.87,0.831,4.54,0.1,1.4,2.1154773741864688,85.1436416,1,11.2461,G,1,0,0,False
TOI-480,6174.0,0.46195,1.2793,1.4877,4.194,0.164,2.7,1.7366402762537674,99.9640238,1,7.1442,,1,0,0,False
HD 18599,5145.0,-0.42946,0.863,0.767,4.54,0.0,0.4,1.58619671409444,62.4931382,2,8.73117,K,1,0,0,False
TOI-1450 A,3407.0,-1.56499,0.471371,0.473603,4.7606,,,1.3511525022598792,175.4191556,2,11.2394,,2,0,0,False
TOI-3568,4969.0,0.33,0.78,0.719,4.63,-0.01,6.1,2.2964589610956887,27.4566934,1,12.7,,1,0,0,False
HIP 55507,4171.0,-0.8453,0.65,0.723643,4.53193,,,1.406357908819143,239.2054424,1,9.26803,,1,0,0,False
TOI-3714,3652.0,-1.40671,0.522,0.4958,4.7638,0.39,12.5,2.051962449783047,73.4551859,2,14.3107,,1,0,0,False
HD 149806,5359.0,-0.222,0.91,0.89,4.51,0.21,8.36,1.3069115936368765,121.9984087,1,6.86807,K,1,0,0,False
HD 135872,4992.0,0.9348572390568302,,3.93038,,0.09,,1.9160594827114217,82.0683818,1,7.02764,,1,1,1,False
HD 88072,5785.33,0.03137,1.04,1.032,4.42774,0.0426,,1.5552129863252304,203.0563384,1,7.37665,,1,0,0,False
GJ 9714,4263.0,-0.88386,0.67,0.662662,4.62156,,,1.3120101251038525,274.8058078,1,8.8377,,1,0,0,False
HD 167768,4851.0,1.66932,1.08,9.7,2.5,-0.67,5.31,2.0302514992164364,274.627813,1,5.7545,G,1,0,0,False
HD 217958,5930.64,0.29231,1.08,1.32619,4.22628,0.2865,,1.7909582561366526,174.5792456,1,7.89501,,1,0,0,False
HD 86065,4927.56,-0.4902,0.81,0.780347,4.56198,-0.0202,,1.6060167917611157,343.7497904,1,9.06059,,1,0,0,False
HIP 35965,4836.0,-0.62021,0.78,0.697551,4.64301,,,1.700424190718694,433.4471211,1,9.88264,,1,0,0,False
AF Lep,6496.0,0.29,1.27,1.22,4.37,0.29,0.4,1.4290477966827277,52.1820484,1,6.18644,F,1,0,0,False
HD 109988,5185.97,-0.30725,0.88,0.869694,4.50382,0.14,,1.6286739380648565,77.7076374,1,8.6605,,1,0,0,False
HD 56957,5743.0,0.49108,1.03,1.77793,3.95107,,,1.788822149804023,124.8321356,1,7.39841,,1,0,0,False
TOI-2338,5581.0,-0.01323,0.99,1.05,4.4,0.22,7.0,2.496924115624194,42.0569765,1,12.1856,,1,0,0,False
PZ Tel,5169.0,0.00662,0.88,1.25646,4.18425,,,1.6726962175108,86.8072294,1,8.09894,,1,0,0,False
HD 103891,6072.0,0.78604,1.28,2.22,3.79,-0.19,3.68,1.7444596263267829,110.3621269,1,6.436,F,1,1,1,False
HIP 948,4497.0,-0.75782,0.71,0.688488,4.61353,,,1.5422314436778821,749.1131121,1,9.55771,,1,0,0,False
HD 69123,4842.0,1.46997,1.68,7.72,2.86,0.05,,1.875732453270568,51.1941186,1,5.49555,K,1,0,0,False
HD 11505,5757.15,0.15075,1.03,1.19568,4.29568,-0.2203,,1.5907070020722356,395.1420131,1,7.25765,,1,0,0,False
HD 80913,6013.24,0.50831,1.11,1.6542,4.04621,-0.68,,1.7878874742790287,82.7319773,1,7.33567,,1,0,0,False
HD 105779,5792.0,-0.10791,0.89,0.94,4.36,-0.25,7.54,1.7422623179727355,240.3320922,1,8.49018,G,1,0,0,False
Kepler-619,5807.76,-0.04002,1.04,0.943241,4.50586,0.047,,2.954569554777409,8.1141554,1,14.6704,,3,0,0,False
Ross 508,3071.0,-2.44503,0.1774,0.2113,5.039,-0.2,,1.0496172349501227,1318.4060832,1,12.2066,M,1,0,0,False
Kepler-1181,6495.28,0.47243,1.33,1.36041,4.29458,-0.219,,2.972395866689866,8.5415652,1,13.4553,,2,0,0,False
Kepler-1996,4528.0,-0.8331152979470047,0.651,0.624,4.663,-0.3,,2.6440060492503936,17.7067528,1,14.8656,,2,1,1,False
Kepler-975,4783.72,-0.51184,0.77,0.807611,4.51015,0.3807,,2.6294993032519227,8.9710013,1,14.4518,,2,0,0,False
Kepler-1513,5491.0,-0.12901,0.943,0.95,4.46,0.17,7.0,2.5431326842520994,20.4696982,1,12.9559,G,2,1,1,False
Kepler-1982,6597.0,0.577231073195088,1.306,1.491,4.207,0.0,,2.7472991408585368,18.173806,1,12.6166,,1,0,0,False
Kepler-784,5674.0,0.20959503821832112,1.0,1.32,4.19,0.07,9.12,3.1151843279662383,2.8172,1,13.2634,,2,0,0,False
Kepler-1985,5485.0,-0.17614722703616678,0.923,0.906,4.49,0.1,,,,1,15.7053,,1,0,0,False
KOI-4978,5546.0,-0.19916909763492205,0.967,0.863,4.553404882652583,0.18,1.48,2.9714340404563515,1.6819067,1,15.2477,,1,0,0,True
Kepler-896,5328.0,0.48148,0.92,2.04297,3.78133,0.17,,3.368273865172184,9.5004565,1,15.4307,,2,0,0,False
Kepler-1994,5337.39,-0.04165,0.921,1.11473,4.30799,0.258,,2.383799214232413,2.8275236,1,11.8227,,1,0,0,False
Gaia-1,5370.0,-0.1588,0.93,0.962287,4.43994,,,2.5606955343936537,41.1104394,1,12.9988,,1,0,0,False
K2-404,3748.0,-1.2680336657113522,0.552,0.552,4.695,0.005,,2.085040706742194,31.7989918,1,13.8429,,1,0,0,False
K2-392,5726.0,0.03326656010794055,0.841,1.058,4.314,-0.238,,2.6095784029911266,28.8997693,1,12.6795,G,1,0,0,False
K2-365,5568.0,-0.01377,0.982,1.05771,4.38144,,,2.272356880284662,23.5162843,1,11.5285,,1,0,0,False
K2-369,5682.0,-0.13915341566094855,0.735,0.881,4.418,-0.234,,2.268460958684802,37.4561629,1,11.3732,,1,0,0,False
K2-385,4844.0,-0.5435242986075083,0.927,0.761,4.64,-0.224,,2.6240953400070737,69.7779236,1,14.3355,,1,0,0,False
K2-396,5236.0,-0.24353594382672916,0.954,0.92,4.488,0.237,,2.4391178623419556,39.7230437,1,12.9345,,2,0,0,False
Kepler-1052,5720.0,-0.04685,1.02,0.964799,4.47779,0.03,,2.9747161268509577,4.5678627,1,14.8614,,2,1,1,False
Kepler-1992,5373.47,-0.00858,0.93,1.1425,4.29084,-0.1236,,2.726690540965168,12.8174719,1,13.554,,1,0,0,False
K2-394,4938.0,-0.6728470891607902,0.478,0.631,4.515,-0.388,,1.9912934304296597,45.280104,1,12.2095,,1,0,0,False
K2-374,5786.59,-0.05943,1.04,0.929164,4.51892,-0.303,,2.555625197330223,15.5744596,1,12.6473,,2,0,0,False
K2-378,4854.0,-0.56665,0.79,0.736421,4.60144,,,2.8375713943676257,31.2840403,1,15.5122,,1,0,0,False
HD 22532,5038.0,1.27416,1.57,5.69,3.09,-0.19,,2.2073192347673216,62.9686486,1,7.6043,G,1,0,0,False
HD 64121,5078.0,1.24797,1.64,5.44,3.19,-0.21,,2.1138297527402097,75.3078168,1,7.17872,G,1,0,0,False
K2-398,5945.82,0.25966,1.09,1.27074,4.26738,-0.257,,2.783182967222291,22.935317,1,13.0091,,2,0,0,False
K2-400,3578.0,-1.6684220792838784,0.374,0.382,4.847,-0.051,,1.7950481552437572,76.7375222,1,13.9899,M,1,0,0,False
GJ 514,3728.0,-1.36653,0.51,0.5,4.76,-0.14,0.8,0.8818284261661373,1557.0796558,1,8.20621,M,1,1,1,False
K2-419 A,3711.0,-1.27654,0.562,0.541,4.74,-0.11,7.4,2.4292434215538723,76.6689623,2,15.7336,,1,0,0,False
K2-406,5666.0,-0.05965,1.01,0.968886,4.46984,,,1.931331225379753,36.4306736,1,9.49379,,1,0,0,False
K2-386,5791.58,-0.01919,1.04,0.971543,4.48018,0.067,,2.632239584214628,11.8878037,1,12.9931,,1,0,0,False
K2-402,5836.0,0.2095,1.05,1.245,4.26892,,,2.7185473579698103,18.5983516,1,12.836,,1,0,0,False
K2-415,3173.0,-2.45469,0.1635,0.1965,5.066,-0.13,,1.3388189184652985,497.3173169,1,13.7957,M,1,0,0,False
K2-405,4927.0,-0.5094570306258409,1.034,0.765,4.685,0.132,,2.294981782509852,43.0283854,1,12.5911,K,1,0,0,False
K2-417,3795.0,-1.20679,0.568518,0.576546,4.67114,,,1.9733237039647733,196.5622902,1,13.1533,,1,0,0,False
Kepler-2001,5013.0,-0.5690211501059868,0.764,0.69,4.64,,4.0,2.8901694240375373,7.9013307,1,15.7733,,2,0,0,False
Kepler-1993,5159.0,0.775162334185005,1.373,3.062,3.604,-0.04,,3.013641821120821,1.3762709,1,13.2589,,1,0,0,False
Kepler-1995,4883.0,-0.5586076242212209,0.82,0.736,4.620058223708719,0.2,2.04,2.774758497667506,3.9912629,1,15.1988,,1,0,0,True
HD 169142,7246.0,0.76845,1.63,1.53702,4.27689,,,2.055378331375,37.8669429,1,8.05449,,1,0,0,False
Kepler-1471,5499.89,-0.19895,0.96,0.875927,4.5354,-0.205,,2.9906398257910216,4.1356698,1,15.246,,2,0,0,False
Kepler-1999,4403.0,-0.8775803265331767,0.632,0.627,4.643,-0.24,,2.8458759708270245,12.4953915,1,16.319,,1,0,0,False
Kepler-879,5792.0,0.02140440624748441,1.02,1.02,4.42,0.05,4.27,2.904538113534158,9.174093,1,14.2377,,2,0,0,False
Kepler-1978,5251.0,-0.3841828829051069,0.869,0.778,4.592,-0.04,,2.937273093583631,5.0689827,1,15.3665,,1,0,0,False
Kepler-1984,3638.0,-1.5571607903270526,0.45,0.42,4.844,-0.14,,,11.7371432,1,15.8683,,1,0,0,False
Kepler-865,5570.0,-0.1361137146466864,0.93,0.92,4.49,-0.01,4.27,2.7679991371615946,36.8192116,1,14.5036,,2,0,0,False
KOI-2513,5900.0,0.19466038863111373,0.91,1.2,4.3,-0.37,8.0,3.1366793547757537,6.3620088,1,14.809,,1,0,0,False
Kepler-1986,5293.51,-0.41148,0.91,0.740332,4.65826,-0.318,,2.960035313449903,8.9247657,1,15.718,,1,0,0,False
Kepler-1997,6197.0,0.15149653415187564,1.096,1.035,4.449,-0.08,,3.17676823054687,8.5213899,1,15.4636,,1,0,0,False
Kepler-1980,5853.0,-0.13943986882384282,0.902,0.83,4.555,-0.36,,3.2328436996231207,5.7098449,1,15.5691,,1,0,0,False
Barnard's star,3195.0,-2.44977,0.162,0.185,4.9,-0.56,,0.2616315650926291,10393.5508325,1,8.19511,M,4,0,0,False
GJ 3998,3726.0,-1.358,0.52,0.5,4.75,-0.13,8.38,1.2587785132001463,373.4729173,1,9.98337,,3,1,1,False
Kepler-1981,5883.45,0.24356,1.07,1.274,4.25712,-0.1959,,2.8191456496912073,3.4360216,1,13.3811,,1,0,0,False
Kepler-1660 A,6305.24,0.70247,1.24,1.88142,3.98252,-0.36,,3.0750138023763163,2.7811979,2,13.4394,,1,0,0,False
Kepler-1489,5655.0,-0.12889469410816645,0.93,0.9,4.51,-0.13,4.07,3.108243581005468,3.5999514,1,14.8084,,2,0,0,False
Kepler-1162,5390.0,-0.2721965171619945,0.89,0.84,4.54,-0.03,4.37,2.973225327910897,27.844152,1,15.4855,,2,0,0,False
Kepler-1977,4606.75,-0.69414,0.73,0.705982,4.6038,-0.2463,,2.7728429872946463,14.8026416,1,15.654,,1,0,0,False
Kepler-1487,6541.0,0.6398416553030641,1.38,1.63,4.16,0.04,1.95,3.0063034187975,14.7546698,1,13.4508,,2,0,0,False
Kepler-482,4871.0,-0.581972638883096,0.75,0.72,4.6,-0.13,6.03,2.4956386788157214,50.0739295,1,13.7621,,1,0,0,False
Kepler-466,5927.0,0.08660815706323621,1.04,1.05,4.42,-0.01,3.47,2.7243758277698036,8.3315316,1,12.7632,,2,0,0,False
Kepler-468,5498.0,-0.20725270276567687,0.96,0.87,4.54,0.1,2.0,2.6462772428218484,18.4578683,1,13.7299,,1,0,0,False
Kepler-489,4998.39,-0.51802,0.828,0.734486,4.62413,0.1141,,2.5677848360925903,38.013643,1,14.0178,,1,0,0,False
Kepler-467,5809.0,0.2827364901850159,1.05,1.37,4.18,0.06,8.13,2.6686328165324356,38.3417444,1,12.359,,1,0,0,False
Kepler-472,4834.01,-0.51255,0.784,0.790246,4.53686,0.1956,,2.4865749834802964,39.4783861,1,13.6698,,1,0,0,False
Kepler-475,5009.0,-0.4528518406937723,0.86,0.79,4.58,0.21,2.69,2.4472650407264305,24.792837,1,13.3163,,1,0,0,False
Kepler-506,6236.0,0.28360819881956506,1.19,1.19,4.36,0.09,1.74,2.358770250357064,2.6305354,1,10.7836,,1,0,0,False
Kepler-496,5293.0,-0.3246748693002078,0.86,0.82,4.55,-0.03,4.57,2.7819520188670426,16.6287938,1,14.796,,1,0,0,False
Kepler-483,6131.93,0.43879,1.16,1.46843,4.16882,-0.3574,,2.934677686974872,8.5087979,1,13.3892,,1,0,0,False
Kepler-491,5582.0,-0.034276372011919326,1.04,1.03,4.42,0.37,4.47,2.799881357303213,5.5855406,1,13.9616,,1,0,0,False
Kepler-477,5240.0,-0.3745308195169229,0.87,0.79,4.58,-0.04,2.09,,,2,,,1,0,0,False
Kepler-505,3931.0,-1.220546235550778,0.55,0.53,4.73,-0.19,3.16,2.4524151700758687,26.4133185,1,15.115,,1,0,0,False
Kepler-471,6733.0,0.7762693180456813,1.49,1.8,4.1,0.07,1.58,3.096704977620439,4.1545036,1,13.7887,,1,0,0,False
Kepler-502,6125.0,0.27403388346306407,1.15,1.22,4.33,0.05,3.09,3.201681098289513,1.2841555,1,14.9719,,1,0,0,False
Kepler-474,5785.0,0.06895081409226043,0.99,1.08,4.36,-0.01,6.76,2.9250520559243722,3.7454633,1,13.4689,,1,0,0,False
Kepler-500,5674.12,0.11615,1.01,1.18285,4.29653,0.287,,2.907131774350255,11.7747912,1,14.1736,,1,0,0,False
Kepler-499,5312.0,-0.3079216998407204,0.87,0.83,4.55,0.0,4.57,2.7456415040316666,19.5380916,1,14.349,,1,0,0,False
Kepler-476,5837.0,0.09250161908917436,1.03,1.09,4.38,0.04,5.37,2.9103762419439128,11.1237295,1,13.8596,,1,0,0,False
Kepler-498,5629.15,0.17242,1.0,1.28226,4.22212,-0.002,,2.972593435112127,2.847523,1,14.2463,,1,0,0,False
Kepler-463,5661.0,-0.12705251161568748,0.87,0.9,4.47,-0.28,7.41,2.596381544122035,37.0815547,1,12.86,,1,0,0,False
Kepler-504,3519.0,-1.8244052029361708,0.33,0.33,4.94,-0.31,4.17,1.9959369025046674,22.4721119,2,14.4582,,1,0,0,False
Kepler-465,6310.0,0.3741867075423225,1.23,1.29,4.31,0.09,2.19,2.742785598478612,13.1630133,1,12.5914,,1,0,0,False
Kepler-484,5668.0,-0.15435227849378425,0.96,0.87,4.54,-0.1,1.48,2.582217953325359,7.6538276,1,13.0002,,1,0,0,False
Kepler-509,5971.55,0.23291,1.096,1.22162,4.30401,-0.0462,,2.521717192774312,7.0817042,1,11.7836,,1,0,0,False
Kepler-464,5873.66,0.48379,1.06,1.6855,4.00991,0.234,,2.8245189301233316,11.4412391,1,12.6717,,1,0,0,False
Kepler-485,5958.0,0.12814484136463397,1.07,1.09,4.39,0.04,3.72,3.057266612691754,4.6762577,1,14.8981,,1,0,0,False
Kepler-507,6113.0,0.3390552955381082,1.16,1.32,4.26,0.06,3.8,2.592891477522692,12.0033691,1,11.9224,,1,0,0,False
Kepler-479,5207.0,-0.40903,0.886,0.767297,4.61557,-0.1421,,2.537694453555133,21.0301697,1,13.544,,1,0,0,False
Kepler-493,6457.0,0.5680544372635715,1.36,1.54,4.19,0.11,2.0,3.241987026133294,18.3016519,1,15.0352,,1,0,0,False
Kepler-473,5816.0,0.2655970381008285,1.06,1.34,4.21,0.12,6.92,2.9570979973416236,3.7112927,1,13.3691,,1,0,0,False
Kepler-497,5834.0,0.1074015066834578,1.09,1.11,4.39,0.24,3.55,3.1112557907822334,16.7224772,1,15.0987,,1,0,0,False
Kepler-478,5210.0,-0.3735792828507274,0.85,0.8,4.56,-0.03,4.9,,12.2791689,1,13.9672,,1,0,0,False
Kepler-490,6007.22,0.36497,1.11,1.40537,4.18781,0.1525,,3.1826999033360424,8.7220766,1,14.8173,,1,0,0,False
Kepler-481,5802.0,0.08205374371511609,1.01,1.09,4.36,0.03,6.17,2.9104771252789554,9.8662056,1,13.8151,,1,0,0,False
Kepler-480,6322.0,0.4105174127111463,1.25,1.34,4.28,0.11,2.34,2.9281438063907035,3.3928267,1,13.2113,,1,0,0,False
Kepler-508,6025.0,0.2665380809710241,1.16,1.25,4.3,0.18,3.55,2.511372597695809,35.0556571,1,11.6039,,1,0,0,False
Kepler-516,7099.0,0.9683812935571776,1.62,2.02,4.04,0.01,1.32,2.8370161561114675,4.6260576,1,11.9642,,1,0,0,False
Kepler-510,5746.0,0.28879056190176183,0.91,1.41,4.09,-0.35,10.47,2.586786404423867,26.0611447,1,11.9222,,1,0,0,False
Kepler-518,5842.0,-0.09189859518225159,0.96,0.88,4.53,-0.23,1.35,2.5287894770481705,21.9786682,1,12.5097,,1,0,0,False
Kepler-519,5260.0,-0.35698719943386903,0.89,0.8,4.58,0.01,1.91,2.3920106831954993,25.5529043,2,12.6181,,1,0,0,False
Kepler-520,6112.0,0.17247622811906896,1.1,1.09,4.41,-0.03,2.04,2.795115681726106,6.1401104,1,12.7602,,2,0,0,False
Kepler-522,6392.0,0.7687672957140896,1.54,1.98,4.04,0.41,1.7,2.8056632634400174,4.8371268,1,12.1457,,1,0,0,False
Kepler-523,5411.4,-0.27953,0.94,0.82465,4.57866,0.0782,,2.403626616976329,7.9152835,1,12.481,,1,0,0,False
Kepler-512,5997.0,0.2925127499320785,1.17,1.3,4.28,0.22,3.72,2.669665478162276,5.5654536,1,12.6135,,1,0,0,False
Kepler-513,5849.0,0.07182806595011712,1.02,1.06,4.39,-0.01,5.5,2.6704852058575814,13.9427752,1,12.8822,,1,0,0,False
Kepler-514,6106.0,0.4126420340083586,1.28,1.44,4.23,0.36,2.69,2.6583319880707132,8.3927872,2,12.1325,,1,0,0,False
Kepler-517,5690.0,-0.0442089330674383,0.95,0.98,4.43,-0.06,6.31,2.4622587018147106,44.6986747,2,12.1297,,1,0,0,False
Kepler-515,5293.0,-0.3141463893154933,0.9,0.83,4.55,0.08,3.39,,99.7563597,2,,,1,0,0,False
Kepler-521,6663.52,0.67119,1.41,1.62494,4.16561,0.023,,2.9194117953180596,3.6543089,1,12.8908,,1,0,0,False
Kepler-525,5573.0,0.05864170289931154,0.95,1.15,4.29,0.11,10.47,2.996884514987103,1.7156928,1,13.4906,,1,0,0,False
Kepler-526,5724.56,0.35055,1.02,1.52211,4.08178,0.3463,,2.8235694244336007,12.044228,1,13.0384,,1,0,0,False
Kepler-527,6388.0,0.49708548430301847,1.28,1.45,4.22,0.03,2.4,2.8750844251464267,1.0074418,1,13.334,,1,0,0,False
Kepler-528,5807.0,0.0593088846301246,1.01,1.06,4.39,0.02,5.5,2.894443451819392,13.1741305,1,13.9033,,1,0,0,False
Kepler-530,5685.71,-0.13247,1.01,0.884809,4.54869,-0.229,,2.660589452108114,7.739801,2,13.3949,,1,0,0,False
Kepler-531,4893.0,-0.5386867602095595,0.78,0.75,4.58,-0.03,7.76,2.4027117830961577,32.5897578,1,13.2923,,1,0,0,False
Kepler-532,5192.0,-0.3905172322825783,0.87,0.79,4.58,0.0,2.0,2.4952639675599952,15.5462648,1,13.5036,,1,0,0,False
Kepler-533,4758.0,-0.6227474063651859,0.78,0.72,4.61,0.01,3.24,2.481378124531807,30.9996435,1,13.9246,,1,0,0,False
Kepler-524,6014.0,0.15232891534173246,1.09,1.1,4.39,0.02,3.02,3.0245841732336087,3.6248867,1,13.8868,,2,0,0,False
Kepler-535,6017.92,0.3406,1.11,1.36163,4.21527,0.185,,2.836070175462985,15.4864364,1,13.1197,,1,0,0,False
Kepler-536,5500.86,-0.21446,0.965,0.860125,4.55347,0.062,,2.6649445602156487,17.5890744,1,13.7823,,1,0,0,False
Kepler-537,5763.0,-0.01324528251218845,1.07,0.99,4.47,0.23,1.45,2.6428600525844916,21.3589202,1,13.0657,,1,0,0,False
Kepler-461,5634.0,-0.12575999479150712,0.98,0.91,4.51,0.04,2.51,2.84020524286097,11.3003432,1,13.3335,,1,0,0,False
Kepler-575,5710.0,-0.06511850647162486,0.97,0.95,4.47,0.0,3.98,2.9314461740758957,18.316201,1,14.7124,,1,0,0,False
Kepler-683,5703.0,-0.06724945311459471,0.96,0.95,4.47,-0.03,4.37,3.0099053498154658,8.8262534,1,15.0008,,1,0,0,False
Kepler-684,5493.0,-0.2188748514601416,0.89,0.86,4.53,-0.11,4.37,3.2383648034999126,7.0546271,1,15.5793,,1,0,0,False
Kepler-685,5483.74,-0.05138,0.96,1.04426,4.38272,0.388,,2.9725337576391384,6.6525234,1,15.0191,,1,0,0,False
Kepler-541,6166.0,0.7406383722675519,1.41,2.06,3.96,0.07,3.09,3.0255843799466793,13.4014336,1,13.228,,1,0,0,False
Kepler-542,5380.12,-0.12185,0.933,1.00034,4.40766,0.1238,,2.6395024263883435,21.5730697,1,13.4161,,1,0,0,False
Kepler-576,5672.0,-0.05862179280018253,0.99,0.97,4.46,0.09,4.47,2.7906721260531673,6.4398776,1,14.382,,1,0,0,False
Kepler-543,4671.0,-0.7173210754799287,0.7,0.67,4.63,-0.19,5.75,2.345965457886395,6.2482824,1,13.3744,,1,0,0,False
Kepler-555,5894.0,0.06859705462047358,1.03,1.04,4.42,0.0,3.89,2.988166844754587,12.4476902,1,14.161,,1,0,0,False
Kepler-556,5740.0,-0.029010429055828728,1.0,0.98,4.46,0.03,4.17,2.82904504928981,18.9153454,1,14.1247,,1,0,0,False
Kepler-686,5649.0,-0.11164819639629303,0.94,0.92,4.49,-0.07,4.47,3.1734601664622315,4.2326462,1,15.5242,,1,0,0,False
Kepler-544,6244.51,0.52864,1.21,1.57028,4.1289,-0.2795,,2.983707456077561,11.7871939,1,13.5408,,1,0,0,False
Kepler-577,4984.0,-0.530152295187348,0.78,0.73,4.61,-0.14,3.8,2.719535953897184,10.0178924,1,14.9368,,1,0,0,False
Kepler-687,4841.0,-0.5807240992282423,0.77,0.73,4.6,-0.04,5.5,2.801856293005681,5.3571442,1,15.3943,,1,0,0,False
Kepler-597,5683.0,-0.07335231527609577,0.97,0.95,4.47,-0.01,4.27,2.821787250714701,3.6903763,1,14.0185,,1,0,0,False
Kepler-688,5715.0,-0.05450274502837353,0.98,0.96,4.47,0.02,4.27,3.1328198114646653,1.5298436,1,15.7323,,1,0,0,False
Kepler-578,5334.0,-0.3007419198651356,0.87,0.83,4.54,-0.03,4.68,2.7335439200948612,10.4315458,1,14.4107,,1,0,0,False
Kepler-689,5518.0,-0.19101802115970878,0.91,0.88,4.51,-0.01,4.57,3.053742828357141,7.5249665,1,15.592,,1,0,0,False
Kepler-624,6117.0,0.24280778657074775,1.1,1.18,4.33,-0.06,3.72,2.8740107383775886,6.3741226,1,13.4569,,1,0,0,False
Kepler-625,5789.0,-0.032153485686361796,1.04,0.96,4.49,0.1,1.51,2.8812179835451284,9.1847745,1,13.2641,,2,0,0,False
Kepler-626,5813.0,0.05286973993271625,1.01,1.05,4.4,0.01,5.37,2.8032132686974807,15.0649994,1,13.9435,,1,0,0,False
Kepler-627,6039.82,0.38539,1.12,1.42331,4.18069,-0.312,,2.993130573646362,11.177995,1,13.949,,1,0,0,False
Kepler-690,5913.0,0.16903734441754698,1.11,1.16,4.35,0.19,3.55,3.221495089949067,3.8763537,1,15.6723,,1,0,0,False
Kepler-629,5444.0,-0.25487911178376094,0.93,0.84,4.55,0.01,1.91,2.5706013088735724,16.3420311,1,13.358,,1,0,0,False
Kepler-621,4521.0,-0.761154296483063,0.72,0.68,4.63,-0.02,3.63,,11.1690934,1,14.8956,,1,0,0,False
Kepler-630,5829.0,0.04933274984262785,1.02,1.04,4.42,0.03,4.47,2.9241675959771944,6.9527487,1,13.8518,,1,0,0,False
Kepler-579,5636.0,-0.07868374620430058,0.99,0.96,4.47,0.13,4.07,2.7249022766490123,16.0904475,1,14.2462,,1,0,0,False
Kepler-691,3715.0,-1.3693348689742988,0.53,0.5,4.76,0.04,3.98,2.4457831766612532,58.6682582,1,15.8385,,1,0,0,False
Kepler-692,5440.0,-0.23571764875285756,0.9,0.86,4.53,-0.01,4.68,2.996220877708096,8.78621,1,15.5495,,1,0,0,False
Kepler-631,6224.04,0.38915,1.2,1.34611,4.25909,0.0515,,2.881935592938262,12.0998112,1,13.493,,1,0,0,False
Kepler-632,5322.0,-0.29425209704746913,0.91,0.84,4.55,0.11,3.02,,,1,,,1,0,0,False
Kepler-693,4881.0,-0.5784099265440908,0.76,0.72,4.61,-0.1,4.47,3.0612677138382103,5.3423964,2,16.414,,1,0,0,False
Kepler-694,5700.0,-0.06816351676505142,0.97,0.95,4.47,0.0,4.07,3.009901104782336,10.6573253,1,15.0857,,1,0,0,False
Kepler-580,4298.0,-0.9016845574432403,0.67,0.64,4.66,-0.06,3.47,2.5104096071792035,16.817268,1,14.9505,,1,0,0,False
Kepler-545,5882.0,0.08975748602190906,1.04,1.07,4.39,0.03,4.47,2.912753834593348,4.1386549,1,14.105,,1,0,0,False
Kepler-581,5772.0,-0.001804860346886163,1.0,1.0,4.44,0.03,4.07,2.847423344749076,24.958347,1,14.5302,,1,0,0,False
Kepler-634,6075.0,0.2739183493731567,1.03,1.24,4.26,-0.18,5.37,2.9484261704776427,8.8442214,1,13.4921,,1,0,0,False
Kepler-635,6174.0,0.47311024513793254,1.33,1.51,4.2,0.41,2.34,3.0573160934459143,4.5619207,1,13.2638,,1,0,0,False
Kepler-695,5181.0,-0.3832758069003405,0.84,0.8,4.57,-0.01,4.47,2.9258002693683514,4.3123058,1,15.1132,,1,0,0,False
Kepler-546,5967.0,0.1773096820509027,1.11,1.15,4.36,0.14,3.31,3.0084511235721223,14.9461937,1,14.251,,1,0,0,False
Kepler-622,4201.0,-0.9830397538592107,0.64,0.61,4.67,-0.09,3.47,2.454480509386889,15.6033671,1,14.6521,,1,0,0,False
Kepler-599,5127.0,-0.4124026976902326,0.83,0.79,4.57,-0.02,5.01,2.7470363965990408,21.308003,1,14.9483,,1,0,0,False
Kepler-636,5203.0,-0.37591487246467886,0.85,0.8,4.56,-0.02,5.01,2.491783175177405,27.0052257,2,,,1,0,0,False
Kepler-582,5564.0,-0.14747888011049023,0.93,0.91,4.49,0.01,4.47,2.78758727282896,7.8492668,1,14.9129,,1,0,0,False
Kepler-696,5726.07,0.15095,1.02,1.20896,4.28184,0.1841,,3.151198182653982,8.8037417,1,15.2389,,1,0,0,False
Kepler-697,5513.0,-0.19259283581529912,0.92,0.88,4.52,-0.01,4.37,3.106303112349035,10.5927354,1,15.5462,,1,0,0,False
Kepler-698,5612.0,-0.13255671596523613,0.94,0.91,4.5,-0.03,4.27,3.300066966437524,3.9459355,1,15.432,,1,0,0,False
Kepler-637,6102.5,0.38249,1.15,1.38958,4.213,-0.1757,,2.895472824042268,5.4686097,1,13.3288,,1,0,0,False
Kepler-700,5692.0,-0.06150811830458886,0.98,0.96,4.47,0.04,4.37,3.173698957815122,8.5188859,1,15.1916,,1,0,0,False
Kepler-638,5342.68,0.53162,0.92,2.15251,3.73596,-0.247,,2.9961674274275394,2.9283897,1,13.5186,,1,0,0,False
Kepler-701,5343.0,-0.28741088117732544,0.88,0.84,4.54,0.0,4.47,2.888826240114707,7.2026586,1,14.9683,,1,0,0,False
Kepler-557,6068.0,0.21398811687989602,1.11,1.16,4.35,0.02,3.24,3.3216232820851554,9.548276,1,14.6387,,1,0,0,False
Kepler-702,5419.0,-0.24243664349601357,0.9,0.86,4.53,0.0,4.47,2.996542754618696,7.5530087,1,15.3098,,1,0,0,False
Kepler-639,5896.0,0.25629916996976576,1.14,1.29,4.27,0.23,4.37,2.9295425543099047,23.3889908,1,13.2686,,1,0,0,False
Kepler-703,6185.0,0.325856107739759,1.18,1.27,4.29,0.05,2.69,3.0632695426281162,2.2764187,1,15.2533,,1,0,0,False
Kepler-704,5616.0,-0.08485928746658034,0.97,0.96,4.46,0.09,5.13,3.0894918054506335,8.4403889,1,15.2487,,1,0,0,False
Kepler-705,3674.0,-1.385,0.534,0.502,4.763,0.21,1.6,2.4422931548128615,21.159509,1,15.8521,,1,1,1,False
Kepler-539,5672.02,-0.06048,1.008,0.965916,4.47165,-0.0465,,2.4875879981728612,9.8156081,1,12.379,,2,1,1,False
Kepler-600,5279.0,-0.3399334642715791,0.84,0.81,4.56,-0.09,4.57,2.792197614574276,0.8962654,1,14.701,,1,0,0,False
Kepler-601,5160.0,-0.40125716094298425,0.85,0.79,4.57,-0.02,4.07,2.6178649218608654,15.0158236,1,14.0013,,1,0,0,False
Kepler-707,5099.0,-0.4555429176012355,0.8,0.76,4.58,-0.12,4.9,2.7721573479842605,2.0036196,1,14.9969,,1,0,0,False
Kepler-602,5554.67,0.32624,0.98,1.57201,4.03638,-0.254,,3.064199582027058,23.6032846,1,14.4779,,1,0,0,False
Kepler-640,5653.0,-0.09173850099284046,1.01,0.94,4.5,0.15,2.09,2.746468388212469,14.9977484,1,13.687,,1,0,0,False
Kepler-708,5648.27,0.03695,1.0,1.08967,4.36347,0.1142,,3.144331308372758,2.0491273,1,15.5076,,1,0,0,False
Kepler-603,5825.0,0.39156,1.05,1.54113,4.08358,0.31,,3.187416364820268,4.1148948,1,14.8159,,3,0,0,False
Kepler-583,5523.0,-0.16032719249581676,0.94,0.91,4.5,0.07,4.47,2.938154824597927,13.7016019,1,14.7985,,1,0,0,False
Kepler-709,5128.33,-0.48148,0.86,0.727711,4.64865,0.133,,2.8227191005155237,8.1119374,1,15.1971,,1,0,0,False
Kepler-584,6195.0,0.30789846314008684,1.17,1.24,4.31,0.02,2.88,3.2668993286152297,3.7432292,1,14.8141,,1,0,0,False
Kepler-641,5713.0,0.0865036331763228,1.02,1.13,4.33,0.15,7.08,2.986735019160207,6.9911869,1,13.7625,,1,0,0,False
Kepler-558,5242.0,-0.35215204583308635,0.85,0.81,4.56,-0.06,4.47,2.820776633608922,9.1476831,1,14.9538,,1,0,0,False
Kepler-710,5611.0,-0.1328662905766967,0.94,0.91,4.5,-0.04,4.17,3.160870525114424,6.7704914,1,15.0109,,1,0,0,False
Kepler-604,5890.0,0.05902547852603822,1.02,1.03,4.42,-0.02,3.72,3.011354722858122,8.4295877,1,14.6798,,1,0,0,False
Kepler-642,6570.0,0.6633675042865208,1.4,1.66,4.14,0.06,1.95,2.89297454893143,2.1432782,1,13.2945,,1,0,0,False
Kepler-643,4908.0,0.5193091477502422,1.0,2.52,3.64,0.13,12.02,3.026770162082523,14.5657256,1,13.7694,,1,0,0,False
Kepler-711,5222.0,-0.3695827061011227,0.84,0.8,4.56,-0.04,4.37,2.795584596641955,22.669246,1,15.3293,,1,0,0,False
Kepler-712,4996.0,-0.48393,0.83,0.764618,4.59026,-0.05,,2.940761951306211,11.3330615,1,15.8543,,2,1,1,False
Kepler-713,5785.0,-0.006626307686539179,0.98,0.99,4.44,-0.03,3.8,3.037374698262006,17.4397081,1,15.0191,,1,0,0,False
Kepler-714,5995.0,0.1624826450471205,1.09,1.12,4.37,0.04,3.55,3.3187664061400315,4.4288522,1,15.2407,,1,0,0,False
Kepler-605,5432.54,-0.24849,0.95,0.84801,4.55899,0.147,,2.7455275964541968,2.8981695,1,14.1363,,2,0,0,False
Kepler-715,5871.0,0.06180485007550276,1.04,1.04,4.42,0.02,3.98,3.1230149001807717,6.4092899,1,15.0333,,1,0,0,False
Kepler-717,5652.17,0.60439,1.0,2.0913,3.79723,-0.1381,,3.44800717700647,8.4786752,1,15.6239,,1,0,0,False
Kepler-644,6747.0,0.784689840326835,1.49,1.81,4.09,0.08,1.62,3.1199318854569422,6.3638146,1,13.9601,,1,0,0,False
Kepler-718,6191.0,0.3478197706325807,1.18,1.3,4.28,0.06,2.57,3.1147210449232494,10.6289704,1,15.2456,,1,0,0,False
Kepler-585,5593.0,-0.11956497561184949,0.96,0.93,4.49,0.03,3.63,2.7672946696559806,4.5130126,1,14.0171,,1,0,0,False
Kepler-719,5777.0,-0.0178485284820722,0.99,0.98,4.45,-0.02,3.98,3.397507235811383,9.3521251,1,15.9037,,1,0,0,False
Kepler-559,5630.0,-0.08962936004963219,0.96,0.95,4.47,0.03,4.37,2.8902577783590697,9.3171665,1,14.7424,,1,0,0,False
Kepler-645,6170.0,0.27960124673315445,1.13,1.21,4.33,-0.01,2.95,3.0695089990961466,1.7006465,1,14.0305,,1,0,0,False
Kepler-720,5618.0,-0.12120755587936496,0.95,0.92,4.49,0.0,3.63,3.0275004632223266,1.8289038,1,15.1635,,1,0,0,False
Kepler-547,4828.0,-0.5853953840905545,0.78,0.73,4.61,0.01,2.88,2.578607123702356,19.3618099,1,14.207,,1,0,0,False
Kepler-646,5634.0,-0.12575999479150712,0.93,0.91,4.49,-0.07,4.57,2.654940459023047,21.3107943,1,13.7654,,1,0,0,False
Kepler-606,6161.0,0.28421434649042215,1.13,1.22,4.32,0.01,2.88,3.084615594996556,10.4618496,1,14.6644,,1,0,0,False
Kepler-721,5075.0,-0.44117675831074976,0.82,0.78,4.58,-0.01,4.9,2.9668913584724663,28.0694045,1,15.6428,,1,0,0,False
Kepler-722,5863.0,0.0677480248463529,1.03,1.05,4.41,0.02,4.37,3.09324653110384,9.6232299,1,15.3733,,2,0,0,False
Kepler-723,5539.0,-0.1746046761561526,0.92,0.89,4.51,0.0,4.57,3.030113752707593,11.5206919,1,15.201,,1,0,0,False
Kepler-608,5600.66,0.04113,0.99,1.11363,4.34022,0.133,,2.9762045783717537,4.7045839,1,14.657,,1,0,0,False
Kepler-609,5971.0,0.17088783736735214,1.09,1.14,4.36,0.06,3.72,3.0276838654715497,7.0013684,1,14.8041,,1,0,0,False
Kepler-724,5283.54,-0.22344,0.91,0.922747,4.46694,0.2213,,2.9310096143313356,7.9771818,1,15.1206,,1,0,0,False
Kepler-725,5363.0,-0.280920390056677,0.88,0.84,4.54,-0.01,4.37,2.8799378350844282,5.0463426,1,14.9929,,1,0,0,False
Kepler-540,5811.26,0.20658,1.04,1.25142,4.26029,-0.2184,,2.5914808847309527,56.4595604,1,12.1868,,1,0,0,False
Kepler-726,5452.0,-0.24204890995358333,0.88,0.85,4.53,-0.09,4.47,2.8820011340475764,9.2501943,1,15.035,,1,0,0,False
Kepler-648,5741.0,-0.02870781117724583,1.05,0.98,4.48,0.21,1.82,2.8034776007540474,4.0878083,1,13.9145,,1,0,0,False
Kepler-649,5871.0,-0.026006121322660683,0.97,0.94,4.48,-0.17,2.95,2.7107501441967203,27.9492149,1,13.3936,,1,0,0,False
Kepler-610,5943.0,0.15506965796696492,1.1,1.13,4.37,0.12,3.55,2.927280003960194,7.1086722,1,14.7698,,2,0,0,False
Kepler-727,5294.85,-0.3172,0.91,0.824791,4.56442,0.1872,,2.9200408442661723,3.9647503,1,15.352,,1,0,0,False
Kepler-560,3430.0,-2.022,0.269,0.272,4.995,-0.25,6.8,2.038651948122732,86.8801016,2,14.7511,,1,1,1,False
Kepler-650,5849.0,0.2818838724105889,1.08,1.35,4.21,0.13,6.46,2.946637930426983,8.5758107,1,14.1242,,1,0,0,False
Kepler-728,5660.0,-0.09887852817175653,0.95,0.93,4.49,-0.03,4.07,3.2468012996519646,7.6102554,1,15.5249,,1,0,0,False
Kepler-561,5646.0,-0.09389094758971303,0.96,0.94,4.48,0.02,4.27,2.793355872916801,4.4569505,1,14.3316,,2,0,0,False
Kepler-611,5761.0,0.003524098438679328,1.01,1.01,4.43,0.06,4.47,3.1447485130630954,21.0302941,1,14.5717,,1,0,0,False
Kepler-729,5633.0,-0.12606836044912229,0.94,0.91,4.5,-0.05,4.27,3.2835612751318908,10.458622,1,15.5472,,1,0,0,False
Kepler-548,5535.0,-0.16615463029509628,0.93,0.9,4.5,0.0,4.37,2.8760884570070315,15.102786,1,14.9844,,1,0,0,False
Kepler-586,5575.0,-0.13455500846080898,0.94,0.92,4.5,0.0,4.17,2.8412130121762567,9.1947875,1,14.4125,,1,0,0,False
Kepler-731,5849.0,0.07182806595011712,1.03,1.06,4.41,0.04,3.8,3.0993905542930142,6.7147075,1,15.2848,,1,0,0,False
Kepler-612,5693.0,-0.06120294870738537,0.98,0.96,4.46,0.04,4.47,3.1600271092887646,11.4070283,1,14.9103,,1,0,0,False
Kepler-732,3631.0,-1.481489491017995,0.49,0.46,4.79,-0.01,4.47,2.242606021072093,66.8145532,1,15.0519,,2,0,0,False
Kepler-733,5418.0,-0.24275724475697952,0.9,0.86,4.53,0.01,4.27,2.962230073892208,12.6434351,1,15.3954,,1,0,0,False
Kepler-734,5326.0,-0.35731629624006195,0.85,0.78,4.59,-0.17,2.34,3.063412177936587,4.363281,1,14.4119,,1,0,0,False
Kepler-735,5107.0,-0.40826674462666496,0.85,0.8,4.57,0.07,4.37,2.8420216711899453,25.183239,1,15.3849,,1,0,0,False
Kepler-736,5217.0,-0.3604567653859135,0.86,0.81,4.56,0.03,4.27,3.002351839555353,3.7924699,1,15.7425,,1,0,0,False
Kepler-613,5723.0,-0.05207270032001967,0.98,0.96,4.47,-0.01,4.27,2.935252257087628,6.4405598,1,14.5892,,1,0,0,False
Kepler-651,5522.0,-0.19968603558249812,0.92,0.87,4.53,-0.04,3.55,2.707065761060603,21.5661108,1,13.9621,,1,0,0,False
Kepler-562,5575.0,-0.15364564427326977,0.93,0.9,4.5,-0.04,4.57,2.996848207512495,12.3086729,1,14.7427,,1,0,0,False
Kepler-563,5040.89,-0.44389,0.84,0.78649,4.57096,0.1612,,2.752207531878835,11.6252702,1,14.7389,,1,0,0,False
Kepler-614,5268.0,-0.3435570471164282,0.85,0.81,4.55,-0.07,4.79,2.7226298098772004,12.4278663,1,14.5441,,1,0,0,False
Kepler-615,4655.0,-0.6977332272887564,0.73,0.69,4.62,-0.07,3.72,,7.355001,1,14.3489,,1,0,0,False
Kepler-652,5490.0,-0.1998554279320077,0.97,0.88,4.54,0.17,1.48,2.596102047718113,19.2655351,1,13.4353,,1,0,0,False
Kepler-737,3813.0,-1.3595604541868558,0.51,0.48,4.77,-0.24,3.89,2.3120037732774987,28.2398114,1,15.1457,,1,0,0,False
Kepler-738,5327.0,-0.3135516581259607,0.86,0.82,4.55,-0.09,4.57,3.046748721401383,5.5784355,1,15.5908,,1,0,0,False
Kepler-739,5601.0,-0.14556284047909987,0.93,0.9,4.51,-0.08,4.27,3.136926570417334,3.4916315,1,15.4527,,1,0,0,False
Kepler-740,5415.15,-0.12268,0.94,0.986491,4.42301,0.425,,3.158971283843468,4.5518477,1,15.9235,,1,0,0,False
Kepler-741,6129.0,0.2892917057001978,1.16,1.24,4.31,0.07,3.16,3.2205970480336408,4.8126095,1,15.0455,,1,0,0,False
Kepler-564,5582.29,-0.06437,0.99,0.992753,4.44002,0.29,,2.93602941512584,7.0365114,1,14.7194,,1,0,0,False
Kepler-653,5511.66,0.11872,0.97,1.25733,4.22594,0.2898,,2.7749794801999164,16.3367543,1,13.3461,,2,0,0,False
Kepler-742,4642.0,-0.6777729081149664,0.76,0.71,4.62,0.07,2.57,2.6895334973437355,12.5658268,1,15.1722,,1,0,0,False
Kepler-654,5865.0,0.11660787334679433,1.04,1.11,4.36,0.04,5.37,2.9886142434166683,13.3907164,1,13.6614,,1,0,0,False
Kepler-655,6261.79,0.32385,1.22,1.23362,4.34207,-0.155,,2.876542285194365,13.2936728,1,13.4641,,1,0,0,False
Kepler-565,5735.0,-0.057529250505871134,0.98,0.95,4.47,-0.02,4.07,,9.6054092,1,,,1,0,0,False
Kepler-587,5549.0,-0.17147123748622353,0.92,0.89,4.51,-0.05,4.79,2.8964677932362095,5.4838964,1,14.8658,,1,0,0,False
Kepler-657,5808.0,0.0176390283007219,1.01,1.01,4.44,0.03,4.17,3.228369556583633,5.7088189,1,15.319,,1,0,0,False
Kepler-623,5443.0,-0.23475991027728216,0.9,0.86,4.53,-0.03,4.47,2.8678809608852283,8.7145751,1,14.9634,,1,0,0,False
Kepler-658,4103.0,-1.0384015813977747,0.63,0.6,4.68,-0.04,3.09,2.589261330260583,51.3999913,1,15.491,,1,0,0,False
Kepler-617,3691.0,-1.30507,0.540091,0.544291,4.69887,0.0632,,2.238933867093572,37.6593002,1,14.8277,,1,0,0,False
Kepler-659,4870.0,-0.558530865712223,0.79,0.74,4.6,0.02,3.24,2.8589219972243654,4.7368439,1,15.5655,,1,0,0,False
Kepler-588,5835.0,0.01705329149284348,1.01,1.0,4.44,0.0,4.07,3.082569964269923,11.6814284,1,14.6813,,1,0,0,False
Kepler-660,4779.0,-0.6272453305113862,0.75,0.71,4.61,-0.07,4.57,2.7546777546210537,20.9466841,1,15.2644,,1,0,0,False
Kepler-661,4483.0,-0.7886855891678921,0.7,0.67,4.64,-0.05,4.27,2.7281816536530497,28.5498649,1,15.8003,,1,0,0,False
Kepler-566,5132.0,-0.410709376640266,0.83,0.79,4.57,-0.01,4.57,2.75149234873424,5.6097386,1,14.9644,,1,0,0,False
Kepler-550,5322.0,-0.3046544844190846,0.87,0.83,4.55,-0.02,4.68,2.7258659146801945,10.815793,1,14.4716,,1,0,0,False
Kepler-662,4852.86,-0.35557,0.79,0.939452,4.38995,-0.191,,2.911496918591335,13.53049,1,15.3741,,1,0,0,False
Kepler-663,5264.0,-0.3342189228416829,0.86,0.82,4.55,0.03,4.57,3.026570032960564,5.2042064,1,15.8686,,1,0,0,False
Kepler-551,4286.0,-0.9202203843023097,0.65,0.63,4.66,-0.09,3.8,2.4930046982206733,17.7956928,1,14.8603,,1,0,0,False
Kepler-618,5860.0,0.09132782501354961,1.05,1.08,4.39,0.08,4.27,3.0870569898152103,3.7428919,1,14.8038,,1,0,0,False
Kepler-664,5754.0,0.009969623708351553,1.01,1.02,4.43,0.07,4.68,3.0828284387079936,3.4065981,1,15.499,,1,0,0,False
Kepler-552,5863.0,0.05943610530403747,1.03,1.04,4.42,0.01,3.89,2.926182386821508,3.912764,1,14.2624,,1,0,0,False
Kepler-590,5799.81,0.47712,1.04,1.71547,3.98633,0.241,,3.152841564421369,3.8436031,1,14.4165,,1,0,0,False
Kepler-567,5148.0,-0.4053018145224334,0.84,0.79,4.57,0.0,4.68,2.747264169285308,8.9631825,1,14.6694,,1,0,0,False
Kepler-553,5191.0,-0.27084,0.889,0.902,4.48,0.152,8.8,2.862444459573072,29.0424291,1,14.9567,,2,1,1,False
Kepler-591,5677.0,-0.08437886593166384,0.97,0.94,4.48,0.01,4.17,2.894945444200961,10.4711861,1,14.4607,,1,0,0,False
Kepler-665,4913.0,-0.5432596540314731,0.79,0.74,4.6,-0.03,4.68,2.7873456865831776,4.577912,1,15.4019,,1,0,0,False
Kepler-568,3768.0,-1.2941148343477753,0.55,0.53,4.73,0.11,5.89,2.116092793214038,121.3944409,1,14.2513,,1,0,0,False
Kepler-569,5616.0,-0.11243585643784686,0.95,0.93,4.48,0.01,4.9,2.8050255248216924,7.2929263,1,14.0822,,1,0,0,False
Kepler-592,5913.0,0.0741880445612708,1.04,1.04,4.42,-0.03,3.89,3.0618782709547765,8.9406031,1,14.6275,,1,0,0,False
Kepler-593,5967.0,0.13869937166012952,1.08,1.1,4.39,0.04,3.63,2.9884519306780732,6.5265095,1,14.4995,,1,0,0,False
Kepler-570,5496.0,-0.1784382349480868,0.93,0.9,4.5,0.06,5.01,2.7544614822089843,6.1941044,1,14.3288,,1,0,0,False
Kepler-666,5887.0,0.07484459135583942,1.03,1.05,4.41,0.01,3.8,3.1786057689317118,5.3671884,1,15.3405,,1,0,0,False
Kepler-667,5327.0,-0.26214085765615697,0.91,0.87,4.53,0.15,4.68,3.3621902078331116,7.9366152,1,15.3616,,1,0,0,False
Kepler-668,5352.0,-0.3054180262262126,0.87,0.82,4.55,-0.06,3.89,2.894658267100941,13.1355444,1,15.2931,,1,0,0,False
Kepler-669,6038.0,0.23482477681085281,1.15,1.2,4.34,0.14,3.16,3.314585530952335,8.8219632,1,15.4817,,1,0,0,False
Kepler-670,5709.0,-0.029599588810881247,0.99,0.99,4.44,0.07,4.79,2.973009561547106,4.550097,1,15.0268,,1,0,0,False
Kepler-671,5624.0,-0.09148169140794686,0.97,0.95,4.47,0.08,4.47,3.067539507159421,7.4278384,1,15.3578,,1,0,0,False
Kepler-571,5527.0,-0.16866727282696217,0.93,0.9,4.51,0.01,4.68,2.8596635779414306,7.6478991,1,14.6536,,1,0,0,False
Kepler-672,5627.0,-0.11842683472563138,0.95,0.92,4.5,-0.01,4.07,3.0144911367822815,1.7820209,1,15.1312,,1,0,0,False
Kepler-538,5499.0,-0.17887,0.964,0.896703,4.51685,-0.16,,2.193002087761106,49.9667844,2,11.1647,,1,0,0,False
Kepler-594,5485.0,-0.21136511715255588,0.91,0.87,4.52,-0.03,4.27,2.8860392755664424,17.3696607,1,14.7563,,1,0,0,False
Kepler-673,5355.0,-0.28351367723745147,0.88,0.84,4.54,0.0,4.47,2.9629420182504878,10.286345,1,15.5056,,1,0,0,False
Kepler-674,4192.0,-1.0456753427850487,0.6,0.57,4.69,-0.27,3.31,2.5343485325336426,23.2412633,1,15.1272,,1,0,0,False
Kepler-675,4750.2,-0.50669,0.76,0.823922,4.48711,0.066,,2.8232655090019665,15.2872232,1,15.3356,,1,0,0,False
Kepler-676,3701.0,-1.3934416495952382,0.51,0.49,4.77,-0.02,4.27,2.4701104683620567,33.3695721,1,15.8791,,1,0,0,False
Kepler-677,5723.0,-0.02534477720405667,1.0,0.99,4.45,0.06,4.57,3.2909423397549866,10.9114069,1,15.297,,1,0,0,False
Kepler-678,5520.0,-0.16127105447372966,0.94,0.91,4.5,0.07,4.47,3.261536447621468,10.450009,1,15.0614,,1,0,0,False
Kepler-572,5106.6,-0.43426,0.86,0.774921,4.59405,-0.061,,2.7030049072966627,15.2524482,1,14.4853,,1,0,0,False
Kepler-679,5403.0,-0.2680117077521663,0.87,0.84,4.54,-0.09,4.47,2.96484583844439,5.394461,1,15.5291,,1,0,0,False
Kepler-680,5890.0,0.12399698668900878,1.08,1.11,4.38,0.13,3.72,3.1739085200708637,10.6517557,1,15.2152,,1,0,0,False
Kepler-681,5021.0,-0.4823220799737423,0.8,0.76,4.58,-0.04,5.01,2.836908057948506,20.3344874,1,15.2271,,1,0,0,False
Kepler-573,5623.39,0.0286,1.0,1.08882,4.36416,-0.403,,2.88731960534837,20.4403317,1,14.1359,,1,0,0,False
Kepler-620,6155.0,0.28252174038612426,1.15,1.22,4.33,0.03,3.02,3.132029029448485,12.1880098,1,14.6381,,1,0,0,False
Kepler-554,5447.0,-0.1749049942490737,0.93,0.92,4.49,0.14,5.62,2.839179406543185,14.2843585,1,14.2961,,1,0,0,False
Kepler-596,6267.0,0.3822764911788714,1.21,1.32,4.27,0.03,2.69,3.010236334624135,4.2423827,1,14.0136,,1,0,0,False
Kepler-682,5559.0,-0.16834344058864698,0.92,0.89,4.51,-0.05,3.98,3.2965006536117496,9.4599125,1,15.1172,,1,0,0,False
Kepler-574,5612.0,-0.13255671596523613,0.95,0.91,4.5,-0.01,4.17,2.834354568886196,8.5934765,1,14.5392,,1,0,0,False
Kepler-745,5849.0,0.055283014018137365,1.04,1.04,4.42,0.06,4.07,3.2505127069661217,6.5899338,1,15.1634,,1,0,0,False
Kepler-748,5730.42,0.36017,1.02,1.53591,4.07394,0.214,,3.2319764811354035,2.1587133,1,15.2186,,1,0,0,False
Kepler-754,6016.43,0.41554,1.11,1.48507,4.1399,-0.1873,,3.248039509620282,5.753208,1,15.1258,,1,0,0,False
Kepler-753,4346.0,-0.8689245488089784,0.68,0.65,4.65,-0.03,3.63,2.4389645719883113,19.1936252,1,14.4746,,1,0,0,False
Kepler-752,5373.0,-0.28808660300578887,0.87,0.83,4.54,-0.08,4.07,3.0907129242074314,9.5866645,1,15.7185,,1,0,0,False
Kepler-766,5992.0,0.18457274944015084,1.1,1.15,4.36,0.09,3.63,3.361278202964293,1.7840054,1,15.648,,1,0,0,False
Kepler-771,5906.0,0.08044221862340199,1.03,1.05,4.42,0.01,3.72,3.144216039416636,4.9499204,1,14.7461,,1,0,0,False
Kepler-773,5665.91,0.09508,1.007,1.15785,4.31379,0.0421,,2.7380079687249856,9.719003,1,13.2797,,1,0,0,False
Kepler-767,5694.0,-0.07918459158957016,0.96,0.94,4.48,-0.05,4.07,3.352381282982589,5.9282794,1,15.4176,,1,0,0,False
Kepler-774,6439.23,0.75268,1.3,1.91129,3.98936,-0.1341,,2.962749946117566,13.0626743,1,12.7699,,1,0,0,False
Kepler-772,5714.0,0.07129675172749918,0.98,1.11,4.33,0.03,8.13,3.0531591455787668,3.9165052,1,13.9556,,1,0,0,False
Kepler-770,5598.0,-0.12740291882102775,0.94,0.92,4.49,-0.01,4.57,2.968696307510602,11.5896568,1,14.5966,,3,0,0,False
Kepler-769,6186.0,0.33294945193166475,1.19,1.28,4.3,0.06,2.88,3.068026219906575,7.1209379,1,14.7604,,2,0,0,False
Kepler-765,5901.0,0.0872040390528245,1.05,1.06,4.41,0.04,3.72,3.031925270062523,13.7047488,1,14.5996,,1,0,0,False
Kepler-744,5605.14,-0.22215,0.991,0.821117,4.60533,-0.276,,2.653177768826975,19.5969417,1,13.5843,,1,0,0,False
Kepler-764,5557.0,-0.1689685496013704,0.92,0.89,4.51,-0.06,4.17,3.0202949730847264,8.0126107,1,15.3002,,1,0,0,False
Kepler-762,5944.0,0.11605256395126241,1.06,1.08,4.4,0.02,3.8,3.2783556964116056,2.0381532,1,15.4266,,1,0,0,False
Kepler-781,5162.0,-0.41164894382035155,0.81,0.78,4.58,-0.1,4.9,3.0271334262083,11.5411104,1,15.9511,,1,0,0,False
Kepler-782,5867.0,0.03519695039789913,0.98,1.01,4.42,-0.14,5.25,2.6501559308185914,11.8842414,1,12.7304,,1,0,0,False
Kepler-746,5418.0,-0.17478825013624463,0.91,0.93,4.46,0.09,8.71,,8.439325,1,13.6111,,1,0,0,False
Kepler-743,5423.64,-0.17633,0.945,0.924495,4.48169,0.1172,,2.445583966858535,8.9121765,2,12.5411,,1,0,0,False
Kepler-747,5096.0,-0.43400326734257555,0.82,0.78,4.58,-0.03,4.79,3.524676472876533,0.7266327,1,15.7244,,1,0,0,False
Kepler-749,5009.0,-0.4979834964912552,0.79,0.75,4.59,-0.11,4.57,2.8579515278698593,37.1738699,1,15.7728,,1,0,0,False
Kepler-750,6160.0,0.2910229215037851,1.15,1.23,4.32,0.03,3.09,3.1126117035581995,7.0712802,1,14.467,,2,0,0,False
Kepler-751,5387.0,-0.2731636757251295,0.87,0.84,4.54,-0.06,4.47,2.881059242040658,2.8160523,1,14.98,,1,0,0,False
Kepler-755,5146.47,-0.45664,0.87,0.743554,4.63496,-0.034,,2.6010099016599115,24.2561667,2,14.0242,,2,0,0,False
Kepler-756,5282.0,-0.36066237996820866,0.82,0.79,4.57,-0.19,4.47,,7.9973527,1,15.3912,,1,0,0,False
Kepler-757,6014.0,0.17570043199212163,1.08,1.13,4.37,0.02,3.31,3.0288476817859578,4.3685847,1,14.7637,,1,0,0,False
Kepler-758,6228.0,0.4348609543177309,1.16,1.42,4.19,-0.1,3.8,3.176762448934549,6.7857287,1,14.3267,,4,0,0,False
Kepler-759,5860.0,0.058546992637210936,1.04,1.04,4.42,0.06,3.89,3.0307939575095277,10.935093,1,14.7869,,1,0,0,False
Kepler-760,5322.0,-0.28397281774264693,0.89,0.85,4.54,0.08,4.57,2.898909388661866,3.582822,1,15.0731,,2,0,0,False
Kepler-761,5582.19,-0.11728,0.99,0.934117,4.4929,-0.4356,,2.919447870087922,9.0746567,1,14.7087,,1,0,0,False
Kepler-768,5108.0,-0.42991739028624104,0.82,0.78,4.58,-0.03,4.57,2.894626162291975,4.6016943,1,15.7232,,1,0,0,False
Kepler-775,5468.0,-0.24723755432581065,0.92,0.84,4.56,-0.04,1.86,2.600620092243057,25.9492403,1,13.4673,,1,0,0,False
Kepler-776,5071.0,-0.4425465024602589,0.83,0.78,4.58,0.05,4.37,2.862074105934678,8.2631445,1,15.42,,1,0,0,False
Kepler-777,4043.0,-1.1239191306856147,0.58,0.56,4.71,-0.17,3.16,2.646507630756616,11.2946049,1,15.9397,,1,0,0,False
Kepler-778,5102.0,-0.44316688259266396,0.81,0.77,4.58,-0.09,5.25,2.972280615500468,8.7339794,1,15.7514,,1,0,0,False
Kepler-779,3804.0,-1.4392427639988323,0.46,0.44,4.81,-0.43,3.89,2.4520242348773893,24.8958243,2,15.6335,,1,0,0,False
Kepler-780,5769.0,0.01449234932369185,1.01,1.02,4.42,0.05,4.9,2.746363264121697,11.7352151,1,13.3393,,1,0,0,False
Kepler-851,5455.0,-0.24109327890668436,0.89,0.85,4.53,-0.07,4.47,2.9238939373087196,13.4421698,1,15.1081,,1,0,0,False
Kepler-850,5932.0,0.12054741527391254,1.06,1.09,4.39,0.03,3.89,3.220442836669715,10.2184163,1,15.4272,,1,0,0,False
Kepler-849,5950.0,0.57287,1.259,1.822,4.016,0.145,4.7,2.91494260916738,6.3203947,1,12.8358,,1,0,0,False
Kepler-848,5695.0,0.13322725572301364,1.01,1.2,4.28,0.15,8.32,3.139397318881233,5.7588798,1,14.0105,,1,0,0,False
Kepler-847,4940.0,-0.49922090399316116,0.83,0.77,4.58,0.15,3.89,2.7102045538867956,13.5713521,1,14.7799,,1,0,0,False
Kepler-846,5579.0,-0.14280191974904868,0.94,0.91,4.5,0.0,4.37,3.051970156120173,0.5512654,1,15.6041,,1,0,0,False
Kepler-845,4655.78,-0.60474,0.74,0.766119,4.53871,-0.193,,2.634528656954791,20.437092,1,14.6386,,1,0,0,False
Kepler-844,4128.0,-1.07240168421111,0.59,0.57,4.7,-0.24,3.8,2.6352584986808423,30.8417796,1,15.7957,,1,0,0,False
Kepler-843,5830.0,0.0412385184136883,1.02,1.03,4.42,0.05,4.17,3.0665718937707442,3.80464,1,15.2481,,1,0,0,False
Kepler-842,4848.0,-0.5782139851588818,0.78,0.73,4.6,-0.02,4.37,2.7265038932950176,6.3455372,1,15.1296,,1,0,0,False
Kepler-841,5324.0,-0.325187925064863,0.85,0.81,4.56,-0.09,4.47,2.9995485334557976,8.6103837,1,15.7442,,1,0,0,False
Kepler-839,5927.07,0.43706,1.08,1.56856,4.08049,0.1024,,2.9752300100164004,10.1404279,1,13.5633,,1,0,0,False
Kepler-838,5770.0,-0.03786443133065011,0.98,0.96,4.46,-0.06,4.17,3.0429848084154423,9.32589,1,15.2295,,1,0,0,False
Kepler-837,5403.0,-0.29960024211863,0.85,0.81,4.56,-0.18,3.98,2.955161757642698,4.87913,1,15.229,,1,0,0,False
Kepler-836,5895.0,0.06889176628927987,1.03,1.04,4.41,-0.01,4.27,2.991241585932739,2.8848115,1,14.5873,,1,0,0,False
Kepler-835,5954.0,0.14277112878342638,1.08,1.11,4.38,0.08,3.63,3.3813551854940345,7.5263271,1,15.8901,,1,0,0,False
Kepler-834,4554.0,-0.7744501738324793,0.7,0.66,4.64,-0.13,2.69,2.8020461002920696,6.5530304,1,15.9285,,1,0,0,False
Kepler-833,4339.0,-0.9127681705193572,0.64,0.62,4.67,-0.18,3.72,2.6696608320343813,23.8198598,1,15.4686,,1,0,0,False
Kepler-832,5596.0,-0.1471143078749026,0.92,0.9,4.5,-0.08,4.37,3.227403315207572,1.0960399,1,15.8594,,1,0,0,False
Kepler-826,6079.0,0.2096141042122752,1.05,1.15,4.34,-0.12,4.37,2.891869602145963,9.5630202,1,13.4122,,1,0,0,False
Kepler-825,5976.0,0.1253797161705561,1.03,1.08,4.39,-0.08,3.55,2.9073307293143977,24.7412753,1,14.1453,,2,0,0,False
Kepler-824,6035.0,0.24831860905025605,1.15,1.22,4.32,0.14,3.31,3.0796876276113365,2.0926721,1,14.8825,,1,0,0,False
Kepler-823,5643.0,-0.07652748287341046,0.98,0.96,4.47,0.06,4.47,3.1427866576273766,7.7470374,1,14.7625,,1,0,0,False
Kepler-822,5928.0,0.11137014082627375,1.06,1.08,4.4,0.04,3.55,2.9346958588623564,11.4969152,1,14.5966,,1,0,0,False
Kepler-821,5191.0,-0.3799260605334283,0.84,0.8,4.56,-0.03,4.79,2.7885720631817943,12.9936549,1,14.8177,,1,0,0,False
Kepler-820,6260.0,0.4062649995494413,1.23,1.36,4.25,0.09,2.63,3.142139080132135,8.5272448,1,13.9436,,1,0,0,False
Kepler-819,5279.0,-0.3399334642715791,0.86,0.81,4.55,-0.06,4.47,2.822368174999315,19.0286411,1,15.0662,,1,0,0,False
Kepler-818,5638.0,-0.11503420919926792,0.94,0.92,4.49,-0.08,3.98,2.9661591041708824,10.5413601,1,15.0569,,1,0,0,False
Kepler-817,5861.0,0.0504511849041072,1.03,1.03,4.42,0.02,3.55,3.171568499666437,4.4135917,1,15.5969,,1,0,0,False
Kepler-816,4797.24,-0.37445,0.78,0.940687,4.38327,0.186,,2.992861346914663,0.8592343,1,15.9357,,1,0,0,False
Kepler-815,5028.0,0.8265231381352379,1.25,3.42,3.46,-0.03,4.9,3.1001223059099448,8.528445,1,13.2306,,1,0,0,False
Kepler-814,6162.0,0.28449628724047127,1.15,1.22,4.33,0.01,3.02,3.3129745240788995,6.7392461,1,14.6655,,1,0,0,False
Kepler-813,5743.0,-0.07358898780017639,0.95,0.93,4.48,-0.13,3.98,,24.4271613,1,14.5352,,1,0,0,False
Kepler-812,6761.0,0.7389258144960665,1.45,1.71,4.13,0.02,1.66,3.1710650037156816,5.8507424,1,13.7493,,1,0,0,False
Kepler-811,5747.0,0.17749800882654806,1.01,1.24,4.25,0.05,7.94,2.993454307353637,17.6342743,1,13.9578,,1,0,0,False
Kepler-810,5803.0,0.041566810822969695,1.03,1.04,4.42,0.1,4.17,3.163933231741921,15.8592992,1,15.7606,,1,0,0,False
Kepler-809,5734.0,-0.030827244205860183,0.99,0.98,4.45,0.04,4.37,2.982906376443307,12.1308248,1,14.6798,,1,0,0,False
Kepler-808,4653.0,-0.6736612424614924,0.76,0.71,4.62,0.05,1.95,,19.4445322,1,14.3539,,1,0,0,False
Kepler-806,5770.0,0.12650908104405,0.99,1.16,4.3,0.0,7.76,2.5585837829216063,33.3140153,1,11.5909,,1,0,0,False
Kepler-805,6099.13,0.5408,1.15,1.66924,4.05373,-0.1923,,2.805154099753188,14.0630523,1,12.5048,,1,0,0,False
Kepler-804,5734.31,0.04956,1.02,1.07268,4.38573,0.0168,,2.8126794427855235,6.9299287,1,13.7361,,2,0,0,False
Kepler-803,5919.0,0.14031925519506525,1.05,1.12,4.36,0.02,4.9,2.806024550181633,11.5034732,1,13.63,,1,0,0,False
Kepler-802,5507.0,-0.17496482522893272,0.93,0.9,4.5,0.06,4.68,2.892420201467623,10.5730751,1,14.8111,,1,0,0,False
Kepler-801,4435.0,-0.8608545544545685,0.67,0.63,4.66,-0.17,3.55,2.6438729490899697,6.992989,1,15.2759,,1,0,0,False
Kepler-800,5315.0,-0.317469369828017,0.85,0.82,4.55,-0.09,4.68,3.0082849810253616,7.2521129,1,15.7477,,1,0,0,False
Kepler-798,5933.64,0.22222,1.08,1.22214,4.29725,-0.0931,,2.9877886722503755,9.6808644,1,14.1648,,1,0,0,False
Kepler-797,5680.0,-0.07426959661094162,0.96,0.95,4.47,-0.02,3.89,3.119011612448523,17.6468181,1,14.5416,,1,0,0,False
Kepler-796,5475.0,-0.018720660102841544,0.93,1.09,4.33,0.09,11.75,2.9125323837939368,9.4614412,1,12.9866,,1,0,0,False
Kepler-795,5595.29,-0.02178,0.989,1.03781,4.40103,0.0015,,2.69207278032576,10.7371727,2,13.3107,,1,0,0,False
Kepler-794,6013.42,0.50637,1.11,1.65043,4.0482,-0.093,,2.969039236237536,7.8202278,1,13.442,,1,0,0,False
Kepler-793,5745.0,-0.03640654940300699,0.98,0.97,4.46,0.0,4.27,2.9937443159592485,24.2153069,1,14.601,,1,0,0,False
Kepler-792,5971.0,0.15551418003477024,1.09,1.12,4.38,0.08,3.39,3.1539580817145376,4.1964153,1,14.976,,1,0,0,False
Kepler-791,6306.47,0.40273,1.24,1.33182,4.2826,0.091,,3.102550325191145,13.8389908,1,14.3687,,1,0,0,False
Kepler-790,5208.0,-0.3742462738082833,0.84,0.8,4.56,-0.05,4.9,2.847059098499674,4.6438977,1,15.1947,,1,0,0,False
Kepler-789,5870.0,0.04464259848158033,1.01,1.02,4.42,-0.06,3.72,3.170308663612062,2.2638236,1,14.5085,,1,0,0,False
Kepler-788,6112.9,0.33615,1.15,1.31291,4.2623,0.0854,,3.2493940516523505,6.7951868,1,15.2595,,1,0,0,False
Kepler-787,4248.0,-0.9495887387425543,0.65,0.62,4.67,-0.09,3.39,2.7020581244044943,5.8201457,1,15.8612,,1,0,0,False
Kepler-786,4838.0,-0.5699832544673168,0.81,0.74,4.61,0.09,2.51,2.686026399198459,11.6299823,1,14.9463,,1,0,0,False
Kepler-785,4739.0,-0.6418466177969574,0.77,0.71,4.62,-0.02,2.82,2.807569526727534,14.4718151,1,15.7615,,1,0,0,False
Kepler-831,5750.35,0.01191,1.03,1.02145,4.43247,-0.12,,2.773449992362053,20.1593144,1,13.6311,,1,0,0,False
Kepler-830,6037.0,0.16682051095449435,1.07,1.11,4.38,-0.02,3.47,,9.7131797,1,14.7886,,1,0,0,False
Kepler-829,5698.0,-0.05067690188639071,0.98,0.97,4.46,0.03,4.68,3.030907221472217,8.3089089,1,14.9206,,1,0,0,False
Kepler-828,5039.0,-0.4647512662646741,0.81,0.77,4.58,-0.02,4.57,2.759910981527534,3.6152792,1,15.0441,,1,0,0,False
Kepler-827,5602.0,-0.13565494744032774,0.93,0.91,4.5,-0.06,4.37,3.311049945692302,3.3579663,1,15.8616,,1,0,0,False
Kepler-889,5961.0,0.24798636330131052,1.14,1.25,4.3,0.19,3.98,2.776928439189913,25.1575672,1,12.6802,,1,0,0,False
Kepler-888,5875.0,-0.06259364737896733,0.97,0.9,4.52,-0.21,1.48,2.6240932759580935,20.6898512,1,12.9814,,1,0,0,False
Kepler-887,6194.0,0.3419540746488572,1.19,1.29,4.29,0.08,3.09,2.9477218488118924,12.934622,1,13.4496,,2,0,0,False
Kepler-886,5815.18,0.04165,1.05,1.0336,4.43055,-0.313,,2.852050977000686,2.6424638,1,13.8936,,1,0,0,False
Kepler-885,6187.0,0.37947785103730325,1.21,1.35,4.26,0.11,3.16,2.8137930806194267,11.7741852,1,12.7877,,1,0,0,False
Kepler-853,6350.0,0.5446481474757733,1.3,1.55,4.17,0.07,2.69,2.754864899981539,4.9733304,1,12.2485,,1,0,0,False
Kepler-852,6224.98,0.827,1.2,2.22781,3.82149,0.096,,3.2092548961367875,1.9701876,1,13.9066,,1,0,0,False
Kepler-884,5715.0,-0.07278950390811302,1.0,0.94,4.49,0.05,2.45,2.678275215325117,12.4783737,1,13.0469,,1,0,0,False
Kepler-883,6043.68,0.29567,1.12,1.28198,4.27152,-0.491,,2.7975825844120825,22.2965261,1,13.0069,,1,0,0,False
Kepler-882,5476.0,-0.214217886947666,0.9,0.87,4.52,-0.03,4.57,2.702951549514198,20.3277111,1,14.0774,,1,0,0,False
Kepler-881,5961.0,0.129019333166445,1.06,1.09,4.39,0.0,3.8,3.1383595475411257,19.2086536,1,15.1765,,1,0,0,False
Kepler-878,5044.0,-0.46302838808357283,0.81,0.77,4.58,-0.03,4.57,2.8985195010353753,10.0393197,1,14.7898,,1,0,0,False
Kepler-877,5261.0,-0.34586690508677653,0.85,0.81,4.56,-0.06,4.57,2.779723442516377,18.1020874,1,14.5228,,1,0,0,False
Kepler-876,5060.0,-0.45752663232855234,0.81,0.77,4.58,-0.03,5.25,2.914297133219318,8.5700459,1,15.3301,,1,0,0,False
Kepler-875,5958.0,0.14393780305670162,1.06,1.11,4.38,0.03,3.39,3.0943383393139046,13.2992831,1,15.2096,,1,0,0,False
Kepler-874,6020.0,0.17743270196542482,1.09,1.13,4.37,0.03,3.31,3.0342914770181766,6.9654621,1,14.6941,,1,0,0,False
Kepler-873,6163.0,0.31966596280190274,1.18,1.27,4.29,0.07,2.95,3.072698302175926,13.937631,1,14.7952,,1,0,0,False
Kepler-872,5902.0,0.1037341815969497,1.05,1.08,4.4,0.04,4.17,2.9443261992487963,6.9289361,1,15.0714,,1,0,0,False
Kepler-871,5993.0,0.17727666342617232,1.11,1.14,4.37,0.09,3.47,3.2957979293454196,7.3648883,1,15.6422,,1,0,0,False
Kepler-870,5725.95,0.04289,1.02,1.06759,4.38986,-0.049,,3.1001843790154466,10.8489258,1,15.2216,,1,0,0,False
Kepler-869,5664.0,-0.0791699607281666,0.97,0.95,4.47,0.02,4.79,2.9728759821803017,2.7533947,1,14.9685,,1,0,0,False
Kepler-868,5614.0,-0.1512405035492056,0.93,0.89,4.51,-0.08,3.89,3.2022512158382166,2.1361678,1,15.6177,,1,0,0,False
Kepler-867,5541.0,-0.15467476475091,0.92,0.91,4.49,-0.02,5.89,3.077564111182587,16.7523622,1,14.8849,,1,0,0,False
Kepler-866,4751.0,-0.6374533309177403,0.75,0.71,4.62,-0.07,4.27,2.810680699073641,34.9471006,1,15.7966,,1,0,0,False
Kepler-863,5678.0,-0.07488138669566344,0.96,0.95,4.46,-0.03,3.8,3.175992807814888,2.1117024,1,15.4464,,1,0,0,False
Kepler-862,5333.0,-0.2906652431774427,0.88,0.84,4.54,0.04,4.79,3.016628087159068,15.1642522,1,15.3031,,1,0,0,False
Kepler-861,4931.85,-0.42701,0.81,0.837776,4.5003,0.3539,,2.929585969226903,8.7760129,1,15.5958,,1,0,0,False
Kepler-860,5836.0,0.06796271338248401,1.04,1.06,4.4,0.09,4.27,3.023811947903903,9.2328104,1,15.4033,,1,0,0,False
Kepler-859,5020.0,-0.47131383110767144,0.81,0.77,4.59,-0.02,4.57,2.9242291324937395,5.5560838,1,15.8805,,1,0,0,False
Kepler-858,5653.0,-0.11991142355005054,0.96,0.91,4.5,-0.04,3.39,2.4749908905024185,32.0333522,1,12.411,,1,0,0,False
Kepler-857,5773.0,-0.010233530843088803,0.99,0.99,4.45,0.02,4.27,2.99277524741558,5.0180122,1,15.0638,,1,0,0,False
Kepler-856,5535.0,-0.13767375206587573,0.96,0.93,4.49,0.12,4.27,3.130709994038459,9.1157937,1,15.557,,1,0,0,False
Kepler-855,5835.0,0.04272774090318791,1.03,1.03,4.42,0.06,4.17,3.177992197832202,4.4402212,1,15.0191,,1,0,0,False
Kepler-890,5954.0,0.15828205817695076,1.09,1.13,4.37,0.09,3.63,3.2335342004763223,5.9875206,1,15.1361,,1,0,0,False
Kepler-891,5887.0,0.09123354858638252,1.06,1.07,4.41,0.09,3.55,3.3693234897124613,4.2631882,1,15.273,,1,0,0,False
Kepler-892,4747.0,-0.6267682302967355,0.75,0.72,4.61,-0.04,5.01,2.7564284186741395,28.2766507,1,15.5902,,1,0,0,False
Kepler-893,5820.0,0.0038521777619410693,1.0,0.99,4.45,-0.03,3.8,3.1091024855958995,5.020207,1,15.1735,,1,0,0,False
Kepler-894,5603.0,-0.19458980873385368,0.87,0.85,4.53,-0.25,4.27,3.065546105084575,6.944535,1,15.4056,,1,0,0,False
Kepler-895,4315.0,-0.9365272798062648,0.65,0.61,4.67,-0.16,2.63,2.7325015158252306,24.8039359,1,15.9804,,1,0,0,False
Kepler-897,5839.0,0.052310429569997346,1.03,1.04,4.41,0.04,4.37,3.181629245019354,8.3339015,1,15.0787,,1,0,0,False
Kepler-898,4013.57,-0.87506,0.63,0.755197,4.48129,-0.265,,2.6856441233058503,10.1956621,1,15.9386,,1,0,0,False
Kepler-899,5595.0,-0.13782700193304992,0.93,0.91,4.49,-0.06,4.07,3.095667893375394,10.5099284,1,15.382,,1,0,0,False
Kepler-900,4836.0,-0.5825192610368637,0.78,0.73,4.6,-0.01,4.57,2.6879968909754033,7.5528302,1,14.9453,,1,0,0,False
Kepler-901,4184.0,-1.0489937352508587,0.59,0.57,4.7,-0.3,3.8,2.4046062508959842,41.08869,1,14.6803,,1,0,0,False
Kepler-902,5647.0,-0.10287310197732563,0.95,0.93,4.49,0.0,4.37,3.066452653757804,8.510985,1,14.8583,,1,0,0,False
Kepler-903,5682.0,-0.05556176395255467,0.98,0.97,4.46,0.05,4.79,3.136479577820156,5.365043,1,14.615,,2,0,0,False
Kepler-904,6160.0,0.3050327246411021,1.16,1.25,4.31,0.05,3.02,2.9903943592265425,9.1808395,1,14.3921,,1,0,0,False
Kepler-905,5461.0,-0.22902454140340364,0.95,0.86,4.55,0.09,1.66,2.7236756369658806,8.7750772,1,13.9504,,1,0,0,False
Kepler-906,6035.0,0.09279929122459468,1.06,1.02,4.45,-0.09,1.86,2.879549443016636,16.7782683,1,13.918,,1,0,0,False
Kepler-908,5327.99,0.26406,0.919,1.59058,3.99827,-0.01,,2.463658615674503,11.3268101,3,11.465,,1,0,0,False
Kepler-911,6112.0,0.695329385057235,1.34,1.99,3.97,0.03,3.55,2.74520599743138,1.9823529,1,11.8295,,1,0,0,False
Kepler-907,6106.0,0.3756752226203322,1.08,1.38,4.19,-0.15,5.37,,28.3351372,1,11.4623,,1,0,0,False
Kepler-912,5998.0,0.1555616532346355,1.07,1.11,4.37,0.02,3.16,3.302053723117464,3.510474,1,15.3262,,1,0,0,False
Kepler-910,6230.0,0.4830245547153283,1.26,1.5,4.19,0.12,3.39,2.602373655793489,16.1555432,1,11.5286,,1,0,0,False
Kepler-914,5877.0,0.15090829353210602,1.1,1.15,4.36,0.22,3.98,2.8772117680523093,7.2327684,1,13.5481,,1,0,0,False
Kepler-909,6154.0,0.28933004049184186,1.17,1.23,4.33,0.08,2.88,2.4907953409347896,11.117301,1,11.5096,,1,0,0,False
Kepler-915,6197.86,0.50553,1.19,1.55216,4.13174,0.023,,2.9289261051672533,17.0000673,1,13.2408,,1,0,0,False
Kepler-916,5248.0,-0.3501648068049977,0.85,0.81,4.56,-0.05,4.79,2.9194504840852455,9.8259909,1,15.1752,,1,0,0,False
Kepler-923,5988.0,0.2627581068864723,1.11,1.26,4.28,0.07,4.68,3.0001215854337664,4.8212122,1,14.0117,,1,0,0,False
Kepler-924,6167.0,0.2929958665513021,1.14,1.23,4.32,0.01,3.09,3.02244486828837,1.82725,1,14.1368,,1,0,0,False
Kepler-925,4427.4,-0.68406,0.69,0.773259,4.50027,-0.099,,2.786122943738283,4.0478576,1,15.8155,,1,0,0,False
Kepler-926,5806.0,0.017040723515192233,1.01,1.01,4.43,0.03,4.37,2.964429825191178,7.5696717,1,14.2595,,1,0,0,False
Kepler-927,5743.0,-0.01928449571294686,0.99,0.99,4.45,0.03,4.37,2.9199588687600806,6.6524205,1,14.6011,,1,0,0,False
Kepler-928,4700.0,-0.6685226382613291,0.73,0.7,4.62,-0.11,4.37,2.7065547846682034,14.956245,1,15.3227,,1,0,0,False
Kepler-929,5869.0,0.04434663154541644,1.01,1.02,4.42,-0.04,3.47,3.1176788770217247,18.180479,1,14.5038,,1,0,0,False
Kepler-930,5875.0,0.37758,1.06,1.49083,4.11652,0.099,,2.9285986122466663,15.1901836,1,13.7625,,1,0,0,False
Kepler-931,5241.0,-0.35248347346503955,0.86,0.81,4.55,-0.01,4.68,,10.2344138,1,14.488,,1,0,0,False
Kepler-932,5331.0,-0.2913168478090936,0.87,0.84,4.54,-0.01,4.68,2.668024164654343,13.2704291,1,14.136,,1,0,0,False
Kepler-933,5346.0,-0.28643576022687567,0.87,0.84,4.54,-0.02,4.68,3.007406351503671,18.8634061,1,15.4379,,1,0,0,False
Kepler-934,5001.0,-0.47790128149707783,0.81,0.77,4.59,0.01,4.47,2.784430413097188,15.7998546,1,15.0341,,1,0,0,False
Kepler-935,4830.0,-0.5846759067857523,0.78,0.73,4.61,-0.01,3.8,2.673741367134994,5.2697328,1,14.9002,,1,0,0,False
Kepler-936,5482.0,-0.19257401192896878,0.92,0.89,4.51,0.05,4.57,2.9156103352206784,13.461531,1,14.7886,,1,0,0,False
Kepler-937,6095.0,0.26550435113438664,1.15,1.22,4.32,0.08,3.24,3.1963033309467486,2.8459044,1,15.1944,,2,0,0,False
Kepler-938,5533.0,-0.1764874558862773,0.92,0.89,4.51,-0.03,4.27,3.0726358473276636,19.5375497,1,,,1,0,0,False
Kepler-939,5471.0,-0.23600543949425018,0.88,0.85,4.54,-0.12,4.47,3.3208978583938378,3.6675156,1,15.5197,,1,0,0,False
Kepler-940,5505.07,-0.05668,0.97,1.02988,4.39926,-0.4403,,3.1006393109017214,10.0092413,1,15.4975,,1,0,0,False
Kepler-941,5312.02,-0.20576,0.91,0.931654,4.4586,-0.4088,,3.0367725719734855,11.5238443,1,15.5723,,1,0,0,False
Kepler-917,5418.0,-0.35012696268253224,0.8,0.76,4.58,-0.38,4.17,3.539140108579966,3.963496,1,15.8533,,1,0,0,False
Kepler-918,6028.0,0.1873925272106092,1.11,1.14,4.37,0.06,3.24,3.0107365762637683,5.5537812,1,14.9546,,1,0,0,False
Kepler-919,6113.0,0.26347817375930854,1.15,1.21,4.33,0.07,3.02,3.049167610563487,4.6063797,1,14.6785,,1,0,0,False
Kepler-920,5403.0,-0.2577324284473442,0.89,0.85,4.54,0.0,4.37,3.0007290025387823,19.9348122,1,15.2681,,2,0,0,False
Kepler-921,5663.0,-0.1168411188844088,0.93,0.91,4.5,-0.12,4.27,2.9705746583440047,11.2397712,1,14.7055,,1,0,0,False
Kepler-922,5671.0,-0.09550566378084749,0.95,0.93,4.48,-0.05,4.37,2.7294264219097366,20.3887035,1,13.745,,1,0,0,False
Kepler-943,5619.0,0.0086,1.027,1.27,4.239,0.11,8.7,3.36182790104333,10.6569322,1,15.6387,,1,0,0,False
Kepler-945,5718.0,-0.04459007741234268,0.97,0.97,4.46,-0.01,4.47,3.2178128306225835,4.483889,1,15.8596,,1,0,0,False
Kepler-944,5409.0,-0.2764860395123071,0.86,0.83,4.54,-0.11,4.47,3.130150360991671,3.055147,1,15.7109,,1,0,0,False
Kepler-942,4719.72,-0.58453,0.756,0.763054,4.55148,0.1894,,2.335164928940192,25.1648653,1,13.0663,,1,0,0,False
Kepler-1034,5198.0,-0.37758507538885017,0.83,0.8,4.57,-0.06,4.79,2.815942163695116,11.2644311,1,15.074,,1,0,0,False
Kepler-951,4834.0,-0.5832378455052747,0.77,0.73,4.6,-0.01,4.27,2.5826416580631104,15.9603651,2,14.4908,,1,0,0,False
Kepler-1024,5242.74,-0.34993,0.9,0.810164,4.57516,-0.162,,3.0363893286656922,4.2387362,1,16.0064,,1,0,0,False
Kepler-967,5178.0,-0.38428199165341237,0.84,0.8,4.56,-0.03,5.89,2.7547656084045324,25.5161829,1,14.4513,,2,1,1,False
Kepler-995,5206.0,-0.3749135209559576,0.83,0.8,4.57,-0.07,5.01,2.7850720296503804,5.4071296,1,14.8814,,1,0,0,False
Kepler-1053,4405.22,-0.89512,0.689,0.612574,4.70197,0.0367,,2.1793478086905855,7.4313548,1,13.2088,,1,0,0,False
Kepler-1060,5797.0,-0.0030265593545261192,0.99,0.99,4.44,-0.03,4.27,2.9761504420420906,4.9038639,1,14.6366,,1,0,0,False
Kepler-1042,4815.0,-0.6020599913279623,0.75,0.72,4.61,-0.1,4.79,,5.305651,1,15.6716,,1,0,0,False
Kepler-1026,4948.0,-0.5192688594209802,0.79,0.75,4.59,-0.02,4.57,2.5456027320188834,13.6848863,1,14.2019,,1,0,0,False
Kepler-1032,4647.0,-0.6759027626790883,0.77,0.71,4.62,0.16,1.86,2.828021517288693,7.1793177,1,15.7993,,1,0,0,False
Kepler-1017,5473.0,-0.2151698522254552,0.93,0.87,4.53,0.04,2.95,2.7419847077232276,16.8623753,1,14.1153,,1,0,0,False
Kepler-955,5350.0,-0.2851364498240356,0.89,0.84,4.54,0.02,4.37,2.740665011128231,7.8927638,1,14.6273,,1,0,0,False
Kepler-964,5427.0,-0.2603122915910446,0.93,0.84,4.55,0.03,1.91,2.657654269342404,0.9002824,1,13.9025,,1,0,0,False
Kepler-970,4511.0,-0.7778692362402178,0.7,0.67,4.64,-0.08,4.68,2.5205424827418197,3.2455154,2,14.8058,,1,0,0,False
Kepler-959,6848.93,0.73752,1.48,1.66023,4.16799,0.0327,,2.9072656756928685,0.9648152,1,12.466,,1,0,0,False
Kepler-1051,6675.0,0.7267871363713296,1.43,1.73,4.12,0.04,1.74,2.918734183383755,6.2998912,1,13.1159,,1,0,0,False
Kepler-971,5513.7,-0.29873,0.97,0.776967,4.64403,0.173,,2.5295868980377954,3.5598258,1,13.2181,,1,0,0,False
Kepler-950,5857.0,0.04079108960296288,1.02,1.02,4.44,0.02,3.8,3.3347753316779554,6.6603552,1,15.6813,,1,0,0,False
Kepler-996,5830.38,0.24247,1.05,1.29567,4.23427,0.2383,,3.0851406725896418,7.4285545,1,14.6387,,1,0,0,False
Kepler-1029,5030.0,-0.4678567594640392,0.82,0.77,4.58,0.01,4.07,2.5642587962334997,21.2337144,1,14.3009,,1,0,0,False
Kepler-948,5679.0,-0.08376696809947845,0.96,0.94,4.47,-0.02,4.17,2.938528230860702,7.4540634,1,14.7858,,1,0,0,False
Kepler-1057,5987.0,0.14451225286647673,1.07,1.1,4.38,0.01,3.09,3.079839427017347,10.7249649,1,15.6076,,1,0,0,False
Kepler-1059,4906.0,-0.5695349816887081,0.75,0.72,4.61,-0.15,5.37,2.8531912390890155,6.6273246,1,15.4894,,1,0,0,False
Kepler-965,5886.0,0.15356656172887925,1.05,1.15,4.33,0.03,5.5,2.7655404078086416,6.928403,1,13.3334,,1,0,0,False
Kepler-952,5730.0,-0.023221272968052955,1.0,0.99,4.45,0.06,4.27,3.1153608453944126,13.9569855,1,15.1882,,1,0,0,False
Kepler-1048,4651.0,-0.6867287119581331,0.75,0.7,4.62,0.01,3.98,2.74507947818787,11.0618722,1,14.8444,,1,0,0,False
Kepler-988,4005.0,-1.1881483291501085,0.55,0.53,4.73,-0.32,3.16,2.484141755865944,18.9163137,1,15.2131,,1,0,0,False
Kepler-977,5315.0,-0.3069408898433025,0.87,0.83,4.55,-0.01,4.57,2.754922173259191,24.5381936,1,14.8235,,1,0,0,False
Kepler-947,5508.0,-0.20409591845593122,0.9,0.87,4.52,-0.07,4.27,3.238241868072895,2.0549501,1,15.7517,,1,0,0,False
Kepler-1021,5431.0,-0.23859403637506713,0.89,0.86,4.53,-0.05,4.68,2.9085289822675975,0.9770519,1,15.1734,,1,0,0,False
Kepler-1006,5328.0,-0.4023898459217816,0.78,0.74,4.59,-0.4,4.27,,14.8650065,1,,,1,0,0,False
Kepler-1009,4027.0,-1.1154339202580035,0.59,0.57,4.7,-0.12,3.16,2.550251596363113,17.6633445,1,15.3014,,1,0,0,False
Kepler-1027,5436.0,-0.2783646530234525,0.91,0.82,4.57,-0.06,1.41,2.6075665314318015,22.8959013,2,12.8401,,1,0,0,False
Kepler-1035,5753.5,0.209,1.03,1.28023,4.23633,0.2135,,2.7498259471730586,11.7350307,1,13.0054,,1,0,0,False
Kepler-986,5515.94,-0.04683,0.97,1.03752,4.39284,0.2205,,2.739068935697085,7.6195546,1,13.6421,,1,0,0,False
Kepler-978,6002.0,0.1409268102038701,1.07,1.09,4.38,-0.01,3.63,2.8341166547232164,14.7021286,1,13.3744,,1,0,0,False
Kepler-1002,6144.0,0.49849398287957725,1.22,1.57,4.13,0.04,4.07,2.610982570906733,15.1029798,1,11.6475,,1,0,0,False
Kepler-1005,5733.54,0.1356,1.02,1.1847,4.29945,-0.0347,,2.754199977399285,17.5000576,1,13.1838,,1,0,0,False
Kepler-1015,6769.0,0.7903450560946905,1.49,1.81,4.09,0.06,1.58,2.8688541889937045,7.694288,1,12.7586,,1,0,0,False
Kepler-972,6146.0,0.2799797349982215,1.15,1.22,4.33,0.04,2.82,3.078467693404985,7.1622203,1,14.8925,,1,0,0,False
Kepler-961,5582.0,-0.15146580254361397,0.96,0.9,4.51,0.05,2.82,2.759149403167182,0.8255584,1,14.043,,1,0,0,False
Kepler-1025,6134.11,0.28708,1.16,1.23222,4.32115,-0.2255,,2.9051350344223565,20.2099576,1,13.5557,,1,0,0,False
Kepler-985,5434.0,-0.24779376227663918,0.91,0.85,4.54,0.0,3.39,2.832100611755456,8.712627,1,14.7169,,1,0,0,False
Kepler-946,5665.0,-0.09734459612717813,0.94,0.93,4.47,-0.09,4.17,3.0558712204844314,22.2302672,1,14.9234,,1,0,0,False
Kepler-1014,5388.0,-0.27284122970515745,0.88,0.84,4.54,-0.06,4.79,2.7957410208692437,11.8924379,1,14.6265,,1,0,0,False
Kepler-1010,5253.0,-0.33785284205284494,0.86,0.82,4.55,-0.01,4.79,2.762883286440916,5.1939583,1,14.6875,,1,0,0,False
Kepler-993,3843.0,-1.2436410925293806,0.57,0.54,4.72,0.03,3.89,2.5111116359799257,4.9977908,1,15.9243,,1,0,0,False
Kepler-1013,4954.0,-0.5056589564718572,0.81,0.76,4.59,0.04,4.27,2.625565544125448,10.6592773,1,14.4077,,1,0,0,False
Kepler-1054,6209.0,0.37918608608083587,1.22,1.34,4.26,0.09,2.82,3.037629652422657,9.8007537,1,14.085,,1,0,0,False
Kepler-1033,5547.0,-0.14330183182626008,0.94,0.92,4.49,0.06,5.01,3.1630122097748297,16.1411619,1,15.9289,,1,0,0,False
Kepler-953,5416.0,-0.12112513812926107,0.95,0.99,4.42,0.26,8.71,2.4131203080537524,23.6602042,1,12.1425,,2,0,0,False
Kepler-1003,6109.0,0.23314207398764852,1.11,1.17,4.35,0.01,3.16,2.974005719063294,4.9916336,1,14.0225,,1,0,0,False
Kepler-1055,5723.0,-0.07035945919975921,0.98,0.94,4.49,-0.02,3.09,2.5903926012968412,11.6427277,1,13.0728,,1,0,0,False
Kepler-1008,5066.0,-0.44426020283363504,0.81,0.78,4.56,-0.01,6.76,2.4511183668252676,23.0988293,2,13.379,,1,0,0,False
Kepler-1045,5301.0,-0.32205122835957317,0.86,0.82,4.55,-0.03,4.47,2.97427444697431,5.2150003,1,15.549,,1,0,0,False
Kepler-983,6052.0,0.14733303834578326,1.13,1.08,4.42,0.12,1.41,2.853963938153344,13.3068905,1,13.9863,,1,0,0,False
Kepler-980,5935.0,0.09718447365926818,1.05,1.06,4.41,0.01,3.55,2.982934834435457,2.8787888,1,14.1122,,1,0,0,False
Kepler-1039,4870.0,-0.558530865712223,0.79,0.74,4.6,0.01,4.37,2.4870110392107914,19.8973441,1,14.0958,,1,0,0,False
Kepler-1018,5518.0,-0.19101802115970878,0.91,0.88,4.52,-0.05,4.47,3.004325673706721,5.6215016,1,15.0142,,1,0,0,False
Kepler-1030,4943.05,-0.55288,0.81,0.721474,4.63011,0.3033,,2.88007122890105,13.4088408,1,15.7163,,1,0,0,False
Kepler-1058,4644.0,-0.7018431242920572,0.73,0.69,4.63,-0.06,3.39,2.691962454622202,23.6633411,1,15.5037,,1,1,1,False
Kepler-1007,4587.0,-0.7107991094762687,0.73,0.7,4.62,0.03,4.17,,9.3089548,1,14.7347,,1,0,0,False
Kepler-1016,5821.0,0.012880247106809968,0.99,1.0,4.44,-0.03,3.89,3.147001948988564,2.6102771,1,15.3193,,2,0,0,False
Kepler-958,5421.0,-0.24179561842320008,0.91,0.86,4.53,0.01,4.37,2.652993381061907,12.0286511,1,13.7299,,1,0,0,False
Kepler-987,5637.0,-0.12483522610977318,0.97,0.91,4.51,0.01,2.45,2.961006061525146,1.9910042,1,14.9789,,1,0,0,False
Kepler-999,6106.64,0.5381,1.15,1.65996,4.05857,-0.0433,,2.7364467022236,8.461559,1,12.2343,,1,0,0,False
Kepler-962,5478.0,-0.223625135873807,0.93,0.86,4.54,0.01,2.4,2.61435506378601,6.6108224,1,13.558,,1,0,0,False
Kepler-1020,5238.53,-0.43597,0.89,0.734936,4.65496,-0.147,,2.618422579607795,32.2232623,1,13.9833,,1,0,0,False
Kepler-984,5610.0,-0.11429280790019662,0.96,0.93,4.49,0.04,3.98,2.662935289687403,14.0649959,1,13.4677,,1,0,0,False
Kepler-1012,5471.21,-0.19399,0.96,0.890203,4.52136,0.264,,2.613923178428325,4.7089753,1,13.3154,,1,0,0,False
Kepler-979,5186.7,-0.31956,0.88,0.857218,4.51637,0.131,,2.7608015716134684,14.9744781,1,14.625,,1,0,0,False
Kepler-982,6139.0,0.3264598040869746,1.16,1.29,4.28,0.05,3.55,2.90389214764637,4.2218301,1,12.9868,,1,0,0,False
Kepler-1044,5819.58,0.03099,1.05,1.01944,4.44253,-0.0998,,3.1068569619525177,9.8158698,1,15.3061,,1,0,0,False
Kepler-960,4508.31,-0.6289,0.709,0.794648,4.48836,-0.061,,2.454716838557124,19.4732045,1,13.8413,,1,0,0,False
Kepler-976,5232.0,-0.3342830240157213,0.87,0.83,4.55,0.07,4.68,3.005356426216926,8.9546396,1,15.8033,,1,0,0,False
Kepler-1011,5416.0,-0.22343018302402368,0.91,0.88,4.52,0.08,4.47,2.867337238912337,3.0630409,1,15.2028,,1,0,0,False
Kepler-990,5948.0,0.11722120034085314,1.05,1.08,4.39,0.01,3.55,2.9042626261492233,19.3218188,1,14.4949,,2,0,0,False
Kepler-1056,6127.0,0.2602438633903528,1.12,1.2,4.33,0.02,2.95,2.9923369793250396,1.456651,1,14.5601,,1,0,0,False
Kepler-1022,4445.0,-0.7906052633953098,0.71,0.68,4.64,0.06,3.63,2.623292717674763,17.3590315,1,15.3772,,1,0,0,False
Kepler-1046,5913.0,0.0741880445612708,1.04,1.04,4.42,0.0,3.63,2.8582568006609455,7.4679977,1,13.2479,,1,0,0,False
Kepler-1000,6469.13,0.7147,1.32,1.81263,4.04202,0.0099,,3.0475162913700795,6.4669742,1,13.1923,,1,0,0,False
Kepler-1037,5105.0,-0.4309379589600356,0.82,0.78,4.57,-0.03,5.13,2.650223959555219,16.3577555,1,14.2311,,1,0,0,False
Kepler-989,5074.0,-0.4415190931089041,0.82,0.78,4.58,0.01,4.68,2.691945682661213,41.3962253,1,14.4083,,1,0,0,False
Kepler-1019,4433.0,-0.8081696194337217,0.7,0.67,4.64,0.01,3.55,2.2882089698408765,18.7627879,1,13.5934,,1,0,0,False
Kepler-994,3934.0,-1.2029852080535037,0.56,0.54,4.72,-0.13,3.24,2.2745226881461504,36.4618494,1,14.4653,,1,0,0,False
Kepler-1043,5629.0,-0.13690013651325403,0.92,0.9,4.5,-0.11,4.47,2.955847395129205,5.64605,1,14.7617,,1,0,0,False
Kepler-992,4944.0,-0.5323328622477225,0.8,0.74,4.6,-0.04,3.02,2.4143699277764554,24.8928262,1,13.3901,,1,0,0,False
Kepler-981,5633.52,-0.08124,1.0,0.956036,4.47712,0.137,,2.9435350745446422,3.6739975,1,14.7044,,1,0,0,False
Kepler-1049,3864.0,-1.3185695190018623,0.51,0.49,4.77,-0.33,3.8,2.2095310992255794,28.6225184,1,14.1559,,1,0,0,False
Kepler-969,5216.22,-0.38876,0.89,0.782639,4.60033,0.1843,,2.591458633986417,2.3957783,1,13.7221,,2,0,0,False
Kepler-954,4950.3,-0.5722,0.815,0.703544,4.65464,0.257,,2.334079614237214,20.3513105,1,12.9432,,1,0,0,False
Kepler-1040,5694.0,-0.060897832709830645,0.98,0.96,4.47,0.01,4.17,2.6831542470867387,21.7937685,1,13.3216,,1,1,1,False
Kepler-1050,5870.68,0.05871,1.06,1.03426,4.43412,0.1347,,2.6906283866445433,4.2743674,1,13.0723,,2,0,0,False
Kepler-957,4834.46,-0.46836,0.78,0.831335,4.49061,0.074,,2.9162896752085787,4.3249811,1,15.6906,,1,0,0,False
Kepler-956,5921.42,0.05208,1.08,1.00889,4.46381,0.0545,,2.736347890448964,17.2616591,1,13.2889,,1,0,0,False
Kepler-998,6058.0,0.22597094056688585,1.12,1.18,4.34,0.07,3.31,2.9940372131348587,2.3015076,1,14.3408,,1,0,0,False
Kepler-1041,5957.0,0.11984776133656579,1.06,1.08,4.4,0.01,3.55,3.171966199907938,1.527279,1,14.4422,,1,0,0,False
Kepler-991,4392.0,-0.9058011542430365,0.64,0.61,4.67,-0.25,3.47,2.590575471993553,21.596226,1,15.1476,,1,1,1,False
Kepler-1023,5494.0,-0.1887755164047145,0.93,0.89,4.51,0.05,4.47,2.8414689689470993,7.7872498,1,14.502,,1,0,0,False
Kepler-1028,5522.0,-0.19968603558249812,0.9,0.87,4.52,-0.09,4.68,2.7838435739162173,19.1974309,1,14.3098,,1,0,0,False
Kepler-1004,4972.0,0.7994137262518803,1.11,3.39,3.43,-0.04,7.76,3.061708757838485,5.1979227,1,13.3998,,1,0,0,False
Kepler-997,6150.0,0.4946395097778774,1.22,1.56,4.14,0.05,3.63,2.669844780721251,13.5073471,1,11.8477,,1,0,0,False
Kepler-973,5200.66,-0.34416,0.884,0.828814,4.54761,0.07,,2.5165618141552764,16.0675072,1,13.234,,1,0,0,False
Kepler-1036,5533.0,-0.1764874558862773,0.95,0.89,4.52,0.04,3.24,2.689695022971142,9.4728872,1,13.7635,,1,0,0,False
Kepler-966,5840.0,0.03574158194072024,1.02,1.02,4.43,0.04,4.07,3.011908613349154,5.2554737,1,14.4435,,1,0,0,False
Kepler-1061,6067.0,0.14355338511389956,1.09,1.07,4.42,-0.03,2.14,2.7350996531988936,3.8547435,1,13.2037,,1,0,0,False
Kepler-1047,5566.56,0.42359,0.98,1.75095,3.94275,0.2204,,2.9125658476316127,11.0136344,1,13.3291,,2,0,0,False
Kepler-1062,4597.0,-0.7070160550029606,0.75,0.7,4.62,0.11,2.45,2.5992879647962854,2.3646029,1,14.8053,,1,0,0,False
Kepler-1063,5945.0,0.163306988459074,1.09,1.14,4.37,0.09,3.39,2.535580179027591,36.2232619,2,,,1,0,0,False
Kepler-1112,6496.0,0.578515356572689,1.34,1.54,4.19,0.04,2.09,3.2230492160621247,0.5526952,1,14.5611,,1,0,0,False
Kepler-1113,5987.06,0.07994,1.1,1.01905,4.46307,0.167,,3.03095575412935,3.598147,1,14.7828,,1,0,0,False
Kepler-1114,5374.0,-0.28776331689196627,0.87,0.83,4.55,-0.08,4.27,2.6216093213090432,25.3517413,1,13.7579,,1,0,0,False
Kepler-1115,8480.0,1.1425654652517334,1.6,1.73,4.17,-0.51,1.12,2.9926617466119847,0.4311988,1,11.8822,,1,0,0,False
Kepler-1116,5641.0,-0.10471985402326765,0.95,0.93,4.48,0.01,4.9,3.00370604588912,7.7615764,1,15.2352,,1,0,0,False
Kepler-1117,5380.52,-0.22396,0.93,0.889247,4.50851,0.2383,,2.7547205378138715,9.1132099,1,14.1237,,1,0,0,False
Kepler-1118,5688.0,-0.053728330613383335,0.96,0.97,4.46,0.0,4.07,2.948571884566766,7.6174543,1,14.956,,1,0,0,False
Kepler-1119,6083.0,0.22573283931130378,1.11,1.17,4.35,0.03,3.09,3.2448286090727048,6.1546297,1,15.0671,,1,0,0,False
Kepler-1120,4904.0,-0.5464448645293257,0.78,0.74,4.6,-0.04,4.68,2.7890382103917917,12.3195047,1,15.3045,,1,0,0,False
Kepler-1121,6231.0,0.5339151036272368,1.29,1.59,4.14,0.12,3.02,2.6830893843914034,7.3197582,1,12.017,,1,0,0,False
Kepler-1122,5544.0,-0.17303725032788572,0.92,0.89,4.51,-0.03,4.68,3.0900533818031333,1.8676772,1,15.1025,,1,0,0,False
Kepler-1123,5286.88,-0.29455,0.91,0.849139,4.53915,0.074,,2.847771870715188,9.3651135,1,14.8069,,1,0,0,False
Kepler-1124,3658.0,-1.7311775113866101,0.35,0.34,4.93,-0.59,3.39,2.462246717268654,6.3491246,1,15.9678,,1,0,0,False
Kepler-1125,5683.0,-0.08254381865439402,0.95,0.94,4.47,-0.09,4.17,3.3035006049521143,12.9694927,1,14.8766,,1,0,0,False
Kepler-1068,5806.0,0.017040723515192233,1.01,1.01,4.43,0.03,4.17,3.1683825600094533,9.1817533,1,15.8316,,1,0,0,False
Kepler-1127,5664.0,-0.0791699607281666,0.97,0.95,4.47,0.04,4.37,2.9255487742234525,26.0741566,1,15.1325,,1,0,0,False
Kepler-1128,4807.01,-0.19585,0.78,1.15074,4.20821,0.2876,,3.03479283985814,9.0800298,1,15.6861,,1,0,0,False
Kepler-1129,5595.1,-0.0274,0.99,1.03118,4.40703,0.1582,,3.073307683823568,6.6863933,1,15.2572,,2,0,0,False
Kepler-1131,5851.0,0.05587692100772109,1.03,1.04,4.42,0.05,4.17,3.0131322760460035,0.8787473,1,14.9375,,1,0,0,False
Kepler-1132,5298.0,-0.31250614943571603,0.87,0.83,4.55,-0.01,4.57,2.938485200394957,10.6314046,1,15.4722,,1,0,0,False
Kepler-1133,5368.26,-0.20972,0.93,0.908082,4.4903,0.0953,,2.876872830782413,5.7429282,1,14.8099,,1,0,0,False
Kepler-1069,5562.56,0.37196,0.98,1.65229,3.99312,0.1968,,2.842588647573674,25.4006536,1,13.098,,1,0,0,False
Kepler-1134,5281.0,-0.3392754423214338,0.84,0.81,4.56,-0.1,4.9,2.975176671742235,45.5905056,1,15.8249,,1,0,0,False
Kepler-1135,5559.78,0.43703,0.98,1.78259,3.92719,-0.337,,3.118806842241467,8.3244814,1,14.2953,,1,0,0,False
Kepler-1070,6154.96,0.28486,1.17,1.22077,4.33299,-0.071,,2.9726660547733,4.1105946,1,13.913,,1,0,0,False
Kepler-1136,4512.0,-0.7646159607190963,0.72,0.68,4.63,0.03,3.24,2.691440454852616,13.9065819,1,15.6422,,1,0,0,False
Kepler-1137,6807.0,0.8143484984047539,1.5,1.84,4.08,0.05,1.58,2.9646263386413776,3.5219535,1,12.6907,,1,0,0,False
Kepler-1138,5582.0,-0.13237516673115315,0.95,0.92,4.49,0.04,4.37,2.9406798126917306,10.6477528,1,15.3357,,1,0,0,False
Kepler-1071,5221.46,-0.31262,0.89,0.852627,4.52594,0.1895,,3.0179802375055083,9.9155918,1,15.8291,,1,0,0,False
Kepler-1139,5550.0,-0.1518554328998205,0.94,0.91,4.5,0.05,4.47,2.694742045934925,6.9174988,1,14.1349,,1,0,0,False
Kepler-1140,4850.0,-0.5774974753827462,0.76,0.73,4.61,-0.08,5.01,2.8172214996228373,14.3417692,1,15.4527,,1,0,0,False
Kepler-1141,5791.0,0.06267166507120267,1.01,1.07,4.38,0.04,6.17,2.595101429685927,10.807147,1,12.3348,,1,0,0,False
Kepler-1142,5685.0,-0.06364580785856144,0.97,0.96,4.46,0.02,5.37,3.1050023595295264,13.0839846,1,14.2783,,1,0,0,False
Kepler-1143,5053.0,-0.45993150673482686,0.81,0.77,4.58,-0.06,4.79,2.744440852823912,11.6200137,1,15.1938,,2,1,1,False
Kepler-1072,6199.0,0.3633242577852812,1.2,1.32,4.27,0.07,2.88,2.9924280270351753,9.3299576,1,13.842,,1,0,0,False
Kepler-1144,5753.0,-0.04299018785157864,0.98,0.96,4.47,-0.03,3.98,3.0571219443087028,18.4951501,1,14.9125,,1,0,0,False
Kepler-1145,5064.0,-0.4790128352121178,0.79,0.75,4.59,-0.13,4.79,2.8400816176329187,7.1787081,1,15.4499,,1,0,0,False
Kepler-1146,4692.0,-0.6714820562302324,0.74,0.7,4.62,-0.06,4.9,2.8469787997627773,12.5294691,1,15.8497,,1,0,0,False
Kepler-1147,5685.03,0.23534,1.01,1.35162,4.18068,0.0647,,3.2194168530373624,8.4361643,1,15.3564,,1,0,0,False
Kepler-1148,5054.0,-0.45958774935216506,0.81,0.77,4.58,-0.02,4.57,2.796360602191735,6.5863386,1,15.2812,,1,0,0,False
Kepler-1149,5604.94,0.16546,0.99,1.28305,4.21722,0.0789,,3.085551005448927,13.1389115,1,14.9307,,1,0,0,False
Kepler-1150,4754.0,-0.6242084476015297,0.76,0.72,4.61,0.01,4.68,2.5545109650370983,5.6103509,2,14.4231,,1,0,0,False
Kepler-1151,5350.63,-0.34196,0.93,0.784985,4.61683,-0.315,,2.8340619287529036,2.8795424,1,14.8569,,1,0,0,False
Kepler-1064,5153.0,-0.4036153976075307,0.85,0.79,4.57,0.0,3.89,,33.6747461,1,13.7409,,1,0,0,False
Kepler-1153,5470.0,-0.20619550039865214,0.91,0.88,4.52,0.03,4.57,3.0490202185365622,7.6532284,1,15.7976,,1,0,0,False
Kepler-1154,6327.0,0.4683532627340063,1.26,1.43,4.23,0.04,2.29,3.164382600963169,2.9893452,1,14.7792,,2,0,0,False
Kepler-1155,5842.0,0.044810509927755524,1.03,1.03,4.43,0.04,3.72,3.0525862204576857,7.4770583,1,14.7392,,1,0,0,False
Kepler-1156,5778.0,0.0,1.0,1.0,4.44,0.02,4.47,2.8396860315346597,10.4667754,1,14.1258,,1,0,0,False
Kepler-1157,4679.0,-0.6639812718258412,0.76,0.71,4.62,0.05,3.39,2.534208928404406,26.326567,1,14.3769,,1,0,0,False
Kepler-1158,6116.64,0.84033,1.15,2.34311,3.75918,0.0798,,3.171507057598096,4.0509223,1,13.5744,,1,0,0,False
Kepler-1159,5805.59,0.29847,1.04,1.39378,4.16671,0.0664,,3.0841149301947164,18.2116017,1,14.5451,,1,0,0,False
Kepler-1160,5519.0,-0.1808885604818328,0.92,0.89,4.51,0.01,4.57,3.0324696731502496,2.4769907,1,15.8003,,1,0,0,False
Kepler-1161,4512.48,-0.65314,0.71,0.771349,4.51482,-0.163,,2.738563356938505,19.3793528,1,15.8004,,1,0,0,False
Kepler-1163,6302.0,0.41147098230922297,1.22,1.35,4.26,0.02,2.88,2.6800153412445353,2.3174338,1,12.1183,,1,0,0,False
Kepler-1164,5183.0,-0.39353113209370494,0.85,0.79,4.57,-0.03,3.63,2.6351035727928456,2.5085694,1,14.0899,,1,0,0,False
Kepler-1166,5392.42,-0.25594,0.94,0.853322,4.54897,0.157,,2.8027094312712,0.1661007,1,14.466,,1,0,0,False
Kepler-1167,4971.0,-0.5112125706933158,0.79,0.75,4.6,-0.05,4.27,2.9142929008916725,15.4644749,1,15.9292,,1,0,0,False
Kepler-1168,5157.0,-0.3698939196384198,0.87,0.82,4.56,0.13,4.27,2.876602298197299,15.1278893,1,15.6088,,1,0,0,False
Kepler-1169,5959.63,0.26202,1.09,1.26831,4.26905,0.2029,,2.718354684787175,4.6376528,1,12.6852,,1,0,0,False
Kepler-1170,5069.0,-0.4657938005775229,0.8,0.76,4.58,-0.09,4.9,3.021375385403673,16.279347,1,15.9093,,1,0,0,False
Kepler-1171,7044.0,0.9242364618732806,1.58,1.95,4.05,-0.01,1.35,2.75815462196739,4.0547986,1,11.4587,,1,0,0,False
Kepler-1172,5558.0,-0.1686559669774747,0.92,0.89,4.51,-0.04,4.37,3.116119386267611,6.7060257,1,15.8463,,1,0,0,False
Kepler-1173,5084.02,-0.43521,0.852,0.780967,4.58324,0.2505,,2.576410463191415,31.5845975,1,13.8043,,1,0,0,False
Kepler-1174,5936.0,0.08093209764873079,1.04,1.04,4.42,-0.04,3.55,3.148833929054163,2.8362024,1,14.159,,1,0,0,False
Kepler-1175,5453.0,-0.2315712567982921,0.9,0.86,4.53,-0.04,4.17,3.049950276942472,22.0596803,1,15.9163,,1,0,0,False
Kepler-1176,5844.0,0.03693102254015918,1.01,1.02,4.42,-0.01,3.8,2.936864956726596,10.4609307,1,15.0496,,1,0,0,False
Kepler-1074,4002.0,-1.1262521014869593,0.6,0.57,4.7,-0.06,3.55,2.399356968984764,30.0793037,1,15.0056,,1,0,0,False
Kepler-1177,5712.0,-0.04641388642775103,0.98,0.97,4.46,0.02,4.47,3.113933330010843,2.8999773,1,14.5078,,1,0,0,False
Kepler-1179,5212.0,-0.36212248411322473,0.84,0.81,4.56,-0.03,4.9,2.618262574752094,37.1092703,1,14.0675,,1,0,0,False
Kepler-1075,3959.0,-1.1919806233779568,0.56,0.54,4.72,-0.17,2.95,2.4643032109305323,27.1446442,1,15.3697,,1,0,0,False
Kepler-1180,6077.0,0.20145649802949814,1.09,1.14,4.36,0.0,3.09,3.203250523943296,14.3399581,1,14.9844,,1,0,0,False
Kepler-1182,5924.0,0.08572864750384722,1.04,1.05,4.41,0.01,3.39,3.1890380976599673,7.410793,1,15.3453,,1,0,0,False
Kepler-1183,5765.0,-0.01264251431474136,1.0,0.99,4.45,0.04,4.27,3.28311797206058,3.1269829,1,15.8301,,1,0,0,False
Kepler-1184,5983.0,0.11933341670589247,1.05,1.07,4.41,-0.04,3.55,3.0636485490995016,9.5981812,1,14.9314,,1,0,0,False
Kepler-1076,4868.0,-0.5592444323386506,0.79,0.74,4.6,-0.01,3.72,,8.7438083,1,12.9489,,1,0,0,False
Kepler-1065,5635.0,-0.10656857139634089,0.94,0.93,4.49,-0.01,4.47,3.05017861162011,2.4197865,1,15.5016,,2,0,0,False
Kepler-1077,5816.0,0.028587784895048318,1.02,1.02,4.43,0.03,4.17,3.0419529582999547,4.3215987,1,14.9984,,1,0,0,False
Kepler-1078,5422.86,0.50027,0.94,2.01527,3.80253,-0.324,,3.3947510306848163,0.4713451,1,15.6075,,1,0,0,False
Kepler-1079,5758.0,0.2610543088759754,1.08,1.36,4.21,0.21,6.61,2.7716594899013605,15.8655393,1,,,1,0,0,False
Kepler-1080,6578.02,0.86064,1.37,2.07388,3.94122,0.196,,3.1407656522030454,2.8398099,1,13.4086,,1,0,0,False
Kepler-1066,5560.36,-0.18995,0.98,0.865904,4.55435,0.111,,2.5368752104942516,9.5176425,1,13.0239,,1,0,0,False
Kepler-1081,5180.78,-0.30601,0.88,0.872681,4.50084,0.161,,2.623471550927996,56.6520855,1,13.7114,,1,0,0,False
Kepler-1082,5923.0,0.15686648320400653,1.03,1.14,4.33,-0.06,5.75,2.8689716520739243,9.2360172,1,13.3417,,1,0,0,False
Kepler-1083,5049.0,-0.4613072169058037,0.81,0.77,4.58,-0.02,4.68,2.955511207154344,6.8211877,1,15.8498,,1,0,0,False
Kepler-1084,6113.0,0.31232737242214514,1.12,1.28,4.27,-0.02,4.07,2.6080262004331662,2.9016195,1,12.1577,,1,0,0,False
Kepler-1086,4350.0,-0.8540652511304259,0.7,0.66,4.65,0.06,2.88,2.668464194477364,5.0000712,2,15.5551,,2,1,1,False
Kepler-1087,5267.04,-0.09746,0.9,1.07347,4.33073,0.3771,,2.5594553465225878,15.1858033,1,12.9007,,1,0,0,False
Kepler-1088,5975.0,0.12508899942188798,1.08,1.08,4.4,0.05,3.02,2.4481325486923318,19.5913041,1,11.778,,1,0,0,False
Kepler-1089,3753.0,-1.3692037323233557,0.52,0.49,4.76,-0.09,3.72,2.41384941067213,28.6411651,1,15.5982,,1,0,0,False
Kepler-1091,5851.0,0.047484691820504764,1.01,1.03,4.42,0.0,3.47,2.9610882447654685,6.4675035,1,14.7151,,1,0,0,False
Kepler-1092,5871.16,0.09586,1.06,1.07928,4.3971,-0.2905,,2.9917721456053874,10.7252859,1,14.6163,,1,0,0,False
Kepler-1093,6166.0,0.2712664236244948,1.13,1.2,4.33,-0.01,2.95,3.030551149503481,6.3046433,1,13.8084,,2,0,0,False
Kepler-1094,5675.41,0.17811,1.01,1.26973,4.23496,-0.1876,,3.1109296062695178,9.7424147,1,14.9607,,1,0,0,False
Kepler-1095,5606.38,-0.09285,0.99,0.95249,4.47598,-0.0662,,2.8990113268468707,17.2030806,1,14.5261,,1,0,0,False
Kepler-1096,4471.04,-0.84044,0.701,0.633312,4.68055,0.2582,,2.577464224708996,19.3334858,1,15.0615,,1,0,0,False
Kepler-1097,5211.0,-0.3841716747847853,0.82,0.79,4.57,-0.11,4.9,2.8572130490239736,3.1045661,1,15.2071,,1,1,1,False
Kepler-1098,5794.0,-0.003925797366640686,0.99,0.99,4.45,-0.02,3.98,3.020854142606921,18.8459896,1,14.7332,,1,0,0,False
Kepler-1099,5837.0,0.017648623207927063,1.01,1.0,4.45,-0.02,3.63,3.0097907193542977,13.2127615,1,15.1336,,1,0,0,False
Kepler-1100,5949.92,0.08792,1.09,1.04134,4.44031,-0.084,,2.841120354939954,3.321223,1,13.8225,,1,0,0,False
Kepler-1101,5391.5,-0.35135,0.94,0.764821,4.64408,-0.1578,,2.8706806651754913,19.4864918,1,15.0958,,1,0,0,False
Kepler-1102,5724.0,-0.07005594248236033,0.96,0.94,4.48,-0.08,4.37,3.095535469520918,6.1932858,1,14.9224,,1,0,0,False
Kepler-1103,6092.0,0.21332510933053048,1.11,1.15,4.36,-0.01,3.31,3.124478140298288,7.1529434,1,14.0732,,1,0,0,False
Kepler-1104,6461.83,0.51439,1.31,1.44256,4.23707,0.221,,2.724814715874993,10.6963443,1,12.0831,,1,0,0,False
Kepler-1105,4299.0,-0.8486225441522122,0.71,0.68,4.62,0.28,8.71,2.5024325827737472,11.8989702,1,15.1422,,1,0,0,False
Kepler-1106,6104.0,0.23171967324690698,1.11,1.17,4.35,0.0,3.09,3.037705313135537,15.4302013,1,14.6276,,1,0,0,False
Kepler-1107,5136.03,-0.41703,0.87,0.78142,4.59182,0.2485,,2.632252751052742,6.7335247,1,14.1282,,1,0,0,False
Kepler-1108,5406.0,-0.26704741245812297,0.88,0.84,4.54,-0.09,4.17,2.885192106315066,7.3257882,1,14.9192,,1,0,0,False
Kepler-1109,5380.67,-0.07583,0.93,1.05454,4.36042,0.0214,,2.835745726559186,6.309453,1,14.2665,,1,0,0,False
Kepler-1110,4753.2,-0.63653,0.76,0.70862,4.61805,-0.1258,,2.861431649526561,13.8243834,1,15.8872,,1,0,0,False
Kepler-1111,6077.0,0.20904247606377632,1.1,1.15,4.36,0.02,3.16,2.925072699357509,3.0087995,1,14.7155,,1,0,0,False
Kepler-1152,3964.0,-1.2060238275781836,0.55,0.53,4.73,-0.25,3.47,2.332908859090826,32.4272471,1,14.5976,,1,0,0,False
Kepler-1186,5635.0,-0.10656857139634089,0.95,0.93,4.49,0.0,4.47,3.1262126065670546,3.7528148,1,15.2673,,1,0,0,False
Kepler-1187,5975.0,0.13309448432923585,1.06,1.09,4.39,-0.01,3.39,3.0088257759731616,8.0766725,1,14.5664,,1,0,0,False
Kepler-1188,5913.0,0.09073309649325065,1.04,1.06,4.4,0.0,4.17,3.234891688415599,4.845228,1,14.9676,,1,0,0,False
Kepler-1189,5572.03,0.04086,0.98,1.12476,4.32718,0.3639,,2.8936796654312977,9.4800067,1,14.249,,1,0,0,False
Kepler-1190,4521.62,-0.7272,0.711,0.705447,4.59301,-0.264,,2.5346719877962793,8.4927012,1,14.494,,1,0,0,False
Kepler-1191,5308.0,-0.3304164555058213,0.85,0.81,4.56,-0.08,4.57,2.9802470538262242,9.7881334,1,15.3125,,1,0,0,False
Kepler-1192,5438.0,-0.2671971522746394,0.86,0.83,4.55,-0.16,4.47,3.11534086589025,13.460085,1,15.6807,,1,0,0,False
Kepler-1193,5856.28,0.35069,1.06,1.45463,4.13787,0.059,,2.904237179402547,10.3444568,1,13.4208,,1,0,0,False
Kepler-1194,5590.0,-0.12988726379590887,0.94,0.92,4.49,0.0,4.79,2.879314979430745,14.2863096,1,14.1034,,1,0,0,False
Kepler-1195,4965.0,-0.5609164412689621,0.74,0.71,4.61,-0.25,4.47,2.9631103663097975,14.024655,1,15.9123,,1,0,0,False
Kepler-1196,5756.0,-0.03308354044195258,0.98,0.97,4.46,0.0,3.98,2.9648877474662623,14.7168678,1,14.8324,,1,0,0,False
Kepler-1197,4708.0,-0.6410993404845875,0.78,0.72,4.62,0.06,2.69,2.687475451411264,8.947158,1,15.1132,,1,0,0,False
Kepler-1198,5517.0,-0.17181319532310305,0.93,0.9,4.5,0.03,4.68,2.8710063488499866,11.1778134,1,14.7693,,1,0,0,False
Kepler-1199,5889.0,0.16942779073828515,0.94,1.17,4.27,-0.27,7.76,2.7508885253861077,13.5631058,1,13.0302,,1,0,0,False
Kepler-1200,4612.0,-0.7013568755135534,0.74,0.7,4.63,0.04,3.02,2.7699051014385265,0.8037501,1,15.7889,,1,0,0,False
Kepler-1201,6177.0,0.3028436256425328,1.15,1.24,4.32,0.03,2.95,2.975082854056656,11.3985817,1,14.7003,,1,0,0,False
Kepler-1202,5834.0,0.05082222770770358,1.03,1.04,4.42,0.06,4.17,3.070178296584662,4.7158761,1,15.6084,,1,0,0,False
Kepler-1203,4105.0,-1.0231978341893402,0.64,0.61,4.67,0.01,3.47,2.5010894014829685,11.0516071,1,14.9147,,1,0,0,False
Kepler-1204,5825.0,0.039748018169858165,1.03,1.03,4.42,0.06,4.27,3.0701191737077695,3.7969122,1,15.295,,1,0,0,False
Kepler-1205,5226.0,-0.35746249071018577,0.84,0.81,4.56,-0.04,4.9,2.844157084054815,3.4212768,1,15.1303,,1,0,0,False
Kepler-1206,4877.0,-0.5443766008830473,0.8,0.75,4.6,0.07,3.55,2.8819658000696315,2.6201287,1,15.9286,,1,0,0,False
Kepler-1207,5909.0,0.08955754041549373,1.06,1.06,4.41,0.05,3.63,3.244076630924356,5.2024972,1,14.4485,,1,0,0,False
Kepler-1209,6210.0,0.40501442347608113,1.23,1.38,4.24,0.12,3.09,2.703747792402074,9.7421866,1,12.4115,,1,0,0,False
Kepler-1210,5568.0,-0.13673758893157933,0.94,0.92,4.49,0.04,5.13,3.0706030056032825,3.9173821,1,15.566,,1,0,0,False
Kepler-1211,5705.0,-0.0758318478163816,0.96,0.94,4.48,-0.08,4.17,3.2616268097138046,11.7671817,1,15.8278,,1,0,0,False
Kepler-1212,5996.17,0.21104,1.11,1.18147,4.33854,-0.235,,3.119443954824952,8.6155201,1,15.0235,,1,0,0,False
Kepler-1213,6076.29,0.39455,1.14,1.42119,4.18967,-0.05,,2.9073103003010083,5.4593837,1,13.342,,1,0,0,False
Kepler-1214,5130.0,-0.40046071560156027,0.85,0.8,4.57,0.05,4.68,2.862862740254372,11.6042975,1,15.2226,,1,0,0,False
Kepler-1215,5616.0,-0.11243585643784686,0.95,0.93,4.48,0.01,4.79,2.820215913826949,5.5298545,1,14.4254,,1,0,0,False
Kepler-1216,5743.0,-0.028102733523056995,0.99,0.98,4.46,0.03,4.07,3.099804904739694,10.8912108,1,15.107,,1,0,0,False
Kepler-1217,5905.0,0.10461696873932136,1.06,1.08,4.4,0.07,3.8,3.129596450842302,2.2379739,1,15.2415,,1,0,0,False
Kepler-1218,5861.91,0.36296,1.06,1.47249,4.12727,-0.1117,,2.9245392679017486,19.4818242,1,13.5511,,1,0,0,False
Kepler-1219,5944.0,0.6248085128378151,1.25,1.94,3.97,0.05,4.37,2.9449241449180215,6.151657,1,12.2321,,1,0,0,False
Kepler-1220,5842.0,0.010406449712510967,1.0,0.99,4.45,-0.04,3.63,2.98313308519869,5.5614744,1,14.9649,,1,0,0,False
Kepler-1221,5194.0,-0.3574746640921438,0.87,0.82,4.55,0.09,4.57,2.9607798585571024,9.6667336,1,15.5804,,1,0,0,False
Kepler-1222,5239.0,-0.36393658225704045,0.84,0.8,4.56,-0.04,4.37,2.6182761722277546,13.419514,1,14.0908,,1,0,0,False
Kepler-1223,4870.0,-0.5468717783907753,0.8,0.75,4.6,0.04,3.63,2.6627172326911093,17.1831356,1,14.6119,,1,0,0,False
Kepler-1224,6155.0,0.28252174038612426,1.18,1.22,4.34,0.14,2.34,2.747876153656609,3.1530332,1,12.825,,1,0,0,False
Kepler-1225,6164.96,0.33289,1.17,1.286,4.28777,-0.092,,3.129535219740171,8.5580979,1,14.632,,1,0,0,False
Kepler-1226,5923.0,0.06025712405489648,1.02,1.02,4.43,-0.08,3.72,3.0514303820102207,4.4089436,1,14.1497,,1,0,0,False
Kepler-1227,5747.0,-0.05389815092022656,0.97,0.95,4.47,-0.04,4.17,2.79497992194813,12.2010896,1,14.1758,,1,0,0,False
Kepler-1228,4914.65,-0.5546,0.806,0.728395,4.61967,-0.652,,2.712189071615235,50.3022998,1,14.8612,,1,0,0,False
Kepler-1229,3577.0,-1.533,0.48,0.45,4.811,0.16,1.5,2.424035080725663,22.0302647,1,15.5104,,1,1,1,False
Kepler-1230,5961.0,0.12101384825909713,1.06,1.08,4.4,0.01,3.47,3.134884412169157,7.5788054,1,15.2743,,1,0,0,False
Kepler-1231,5778.0,0.0,1.01,1.0,4.44,0.06,4.17,2.9944214236287015,9.3467597,1,14.714,,1,0,0,False
Kepler-1232,5471.0,-0.19606327763301,0.92,0.89,4.51,0.06,4.79,2.801311078093289,10.4434458,1,14.7619,,1,0,0,False
Kepler-1233,6198.0,0.3157161635964572,1.16,1.25,4.3,0.02,2.88,3.0714032835314686,1.2416108,1,14.6594,,1,0,0,False
Kepler-1234,4967.0,-0.5011063254902367,0.8,0.76,4.59,0.01,4.37,2.96225044489965,15.0002581,1,15.878,,1,0,0,False
Kepler-1235,5322.09,-0.15625,0.92,0.982569,4.41713,0.0636,,2.7328792547765075,26.7226811,1,13.8765,,1,0,0,False
Kepler-1236,5337.0,-0.31029363405092925,0.86,0.82,4.55,-0.09,4.07,2.9998436258374763,2.9393115,1,15.9248,,1,0,0,False
Kepler-1237,5472.0,-0.18604077630582358,0.94,0.9,4.5,0.12,4.57,3.027068142696396,6.129054,1,15.7553,,1,0,0,False
Kepler-1238,6386.0,0.5143289375709067,1.3,1.48,4.21,0.05,2.14,3.2127547475760054,4.515416,1,14.7328,,1,0,0,False
Kepler-1239,6564.0,0.6133634443099774,1.4,1.57,4.2,0.22,1.62,3.330535521090558,7.9451187,1,15.3947,,1,0,0,False
Kepler-1240,5591.36,0.22254,0.99,1.37685,4.15593,0.2885,,2.9356009665901146,9.6590081,1,13.9609,,1,0,0,False
Kepler-1241,5261.0,-0.3566569688601889,0.84,0.8,4.56,-0.09,4.68,2.986199162821482,10.6232203,1,15.669,,1,0,0,False
Kepler-1242,4895.0,-0.5496359260141338,0.77,0.74,4.6,-0.05,5.62,2.8373453420495895,8.0366477,1,15.4984,,1,0,0,False
Kepler-1243,5667.0,-0.08744159226733117,0.96,0.94,4.48,0.01,4.37,2.8797665958484977,10.0391835,1,14.8331,,1,0,0,False
Kepler-1244,6680.0,0.7479422325930836,1.46,1.77,4.1,0.05,1.7,3.0317355768714953,3.9145732,1,12.3234,,1,0,0,False
Kepler-1245,5306.0,-0.3098849826953234,0.86,0.83,4.55,-0.01,4.57,2.90630055551425,7.1462926,1,15.3721,,2,0,0,False
Kepler-1246,4611.0,-0.7142314796805719,0.73,0.69,4.63,-0.03,3.89,2.63998922274943,27.932397,1,15.0318,,1,0,0,False
Kepler-1247,5303.0,-0.3213959367910286,0.86,0.82,4.55,-0.05,4.68,3.019498467621843,10.7905452,1,15.9013,,1,0,0,False
Kepler-1248,6149.0,0.27367856277878094,1.21,1.21,4.36,0.24,1.51,2.773073734526145,11.4482105,1,12.9248,,1,0,0,False
Kepler-1249,6202.0,0.33743683686825443,1.19,1.28,4.29,0.06,2.82,3.279790098339496,9.774554,1,15.3518,,1,0,0,False
Kepler-1250,5717.0,-0.0359852297906327,0.99,0.98,4.46,0.04,4.57,3.3277368615673093,5.737157,1,15.5694,,1,0,0,False
Kepler-1251,5545.0,-0.1727239348021715,0.92,0.89,4.51,-0.04,4.79,2.955304748248365,10.1273376,1,14.9391,,1,0,0,False
Kepler-1252,5949.0,0.12551872154839525,1.06,1.09,4.38,0.03,3.89,2.8122306439010223,12.51581,1,14.4946,,1,0,0,False
Kepler-1253,5850.0,0.10429868461245932,0.97,1.1,4.33,-0.14,7.08,2.711405637260686,21.8034806,1,12.4566,,1,0,0,False
Kepler-1254,4898.13,-0.57202,0.8,0.718755,4.628,-0.215,,2.79436115557834,1.8091524,1,15.3024,,3,0,0,False
Kepler-1255,6018.0,0.16913462892389786,1.08,1.12,4.37,0.02,3.55,3.208728820126395,1.6672428,1,15.199,,1,0,0,False
Kepler-1256,6129.0,0.36952615211616274,1.17,1.36,4.23,0.05,3.72,2.9499712792979556,17.7220972,1,13.513,,1,0,0,False
Kepler-1257,5502.0,-0.2059893005808166,0.9,0.87,4.52,-0.09,4.37,3.04373549295878,12.883979,1,15.5124,,1,0,0,False
Kepler-1258,5839.0,0.00951414016753641,0.99,0.99,4.45,-0.07,3.89,2.855855194996347,22.5632876,1,13.7847,,1,0,0,False
Kepler-1259,5053.0,-0.45993150673482686,0.8,0.77,4.58,-0.07,5.25,2.9060989714736265,10.0292858,1,15.333,,1,0,0,False
Kepler-1260,5961.0,0.12101384825909713,1.06,1.08,4.39,0.01,3.8,3.2391567768058125,1.8102323,1,14.8234,,1,0,0,False
Kepler-1261,5006.0,-0.47616531859893096,0.82,0.77,4.58,0.03,4.47,2.871744518014585,5.568581,1,15.5817,,1,0,0,False
Kepler-1262,5771.0,-0.01965370141307195,0.99,0.98,4.45,-0.02,4.27,3.023198941376455,11.0967179,1,15.1837,,1,0,0,False
Kepler-1263,5213.0,-0.37257927634074905,0.84,0.8,4.56,-0.03,4.9,2.8227106084603117,1.4754558,1,15.0007,,1,0,0,False
Kepler-1264,5791.0,-0.013643738914226917,0.99,0.98,4.45,-0.02,4.17,2.9041705776674047,2.4582494,1,14.4788,,1,0,0,False
Kepler-1265,4630.0,-0.7070880044863895,0.71,0.69,4.63,-0.1,5.25,2.7661457928998185,6.8511287,1,15.5655,,1,0,0,False
Kepler-1267,6096.0,0.2514321753887135,1.15,1.2,4.33,0.07,3.24,3.139699666841251,10.2230908,1,15.8136,,1,0,0,False
Kepler-1268,5904.0,0.11232824110847517,1.06,1.09,4.38,0.05,4.27,3.2649995277919293,15.6592351,1,15.2224,,1,0,0,False
Kepler-1269,5998.0,0.18631137636854386,1.1,1.15,4.36,0.07,3.55,3.0402976733914246,6.0825656,1,13.5701,,1,0,0,False
Kepler-1270,5047.0,0.8228564694573403,1.28,3.38,3.49,-0.02,4.37,3.0394339495216536,9.5472232,1,13.2851,,1,0,0,False
Kepler-1271,6143.0,0.2862221341243366,1.13,1.23,4.31,-0.01,3.63,2.9201186283682747,9.3847595,1,13.8677,,1,0,0,False
Kepler-1272,5926.0,0.11878943442466369,1.06,1.09,4.39,0.06,3.89,3.0814805286281057,12.8101046,1,14.3837,,1,0,0,False
Kepler-1273,5566.0,-0.1468545573984287,0.94,0.91,4.5,0.03,4.47,3.0469787451012182,8.7369921,1,15.796,,1,0,0,False
Kepler-1274,6179.0,0.7894820985226596,1.45,2.17,3.93,0.11,2.88,2.7886264728112424,8.1015481,1,11.6819,,1,0,0,False
Kepler-1275,6296.0,0.4162265441117551,1.23,1.36,4.26,0.04,2.51,3.062198281987038,1.6921596,1,14.4061,,1,0,0,False
Kepler-1276,6188.0,0.28466181070950725,1.14,1.21,4.33,-0.02,3.09,2.7311703840671835,3.1839299,1,12.8485,,1,0,0,False
Kepler-1277,5578.0,-0.1336204556214777,0.94,0.92,4.49,-0.01,5.01,2.7460056517568265,19.1591275,1,14.0928,,1,0,0,False
Kepler-1278,6074.0,0.21570497875011,1.11,1.16,4.35,0.02,3.31,2.9491098207408526,9.1934442,1,13.6316,,1,0,0,False
Kepler-1279,6221.0,0.37603393727213746,1.21,1.33,4.26,0.06,2.82,3.1744145451045154,16.9377049,1,13.9318,,1,0,0,False
Kepler-1280,6227.0,0.37115317526458713,1.2,1.32,4.28,0.04,2.82,3.172223341427753,7.7584919,1,13.9999,,1,0,0,False
Kepler-1281,5353.0,-0.29456499174683837,0.87,0.83,4.55,-0.04,4.37,,10.4747487,1,15.997,,1,0,0,False
Kepler-1282,5504.0,-0.18561643583306747,0.92,0.89,4.51,0.01,4.57,3.0426896818381186,5.8569292,1,15.4921,,1,0,0,False
Kepler-1283,6175.0,0.3092577237102135,1.16,1.25,4.31,0.04,2.88,3.4656787253038734,9.4586872,1,15.0697,,1,0,0,False
Kepler-1284,5123.0,-0.4137585439464653,0.84,0.79,4.57,0.03,4.47,2.94562809258478,20.9303197,1,15.6622,,1,0,0,False
Kepler-1285,6032.07,0.48088,1.12,1.5928,4.08296,0.1189,,2.6255891997694243,9.6492029,1,11.6497,,1,0,0,False
Kepler-1286,5753.0,-0.02508050254572579,1.0,0.98,4.45,0.03,4.17,3.131766183945942,5.5585362,1,15.1425,,1,0,0,False
Kepler-1287,5715.0,-0.07278950390811302,0.96,0.94,4.48,-0.05,4.07,3.001413497260274,1.1087608,1,15.0069,,1,0,0,False
Kepler-1288,6132.0,0.32447785529513573,1.2,1.29,4.29,0.14,2.88,2.9106660183372233,0.6270665,1,13.1774,,1,0,0,False
Kepler-1289,6080.0,0.22487589055055035,1.1,1.17,4.35,0.02,2.95,3.0226633957616706,12.6250742,1,14.5992,,1,0,0,False
Kepler-1290,5660.0,-0.09887852817175653,0.95,0.93,4.49,-0.02,4.07,3.2024065726393793,8.502854,1,15.6906,,1,0,0,False
Kepler-1291,5216.0,-0.3715798451533702,0.84,0.8,4.56,-0.04,4.9,2.9529628350960317,17.735077,1,15.8826,,1,0,0,False
Kepler-1292,5556.0,-0.13109530466253033,0.95,0.93,4.49,0.08,4.68,3.174184871181064,3.3236424,1,15.9483,,1,0,0,False
Kepler-1293,6241.0,0.3483265195865556,1.18,1.28,4.29,0.0,2.82,3.012060703871424,6.4386674,1,13.3004,,1,0,0,False
Kepler-1294,5776.0,-0.027057943253892016,0.99,0.97,4.46,-0.03,3.98,3.26850776774735,4.8943432,1,15.1501,,1,0,0,False
Kepler-1295,5486.0,-0.19130692366884455,0.92,0.89,4.51,0.04,4.68,3.069838230074801,10.7822196,1,15.9075,,1,0,0,False
Kepler-1296,5338.3,0.48615,0.92,2.04609,3.78001,0.0188,,3.190762976539807,13.7066229,1,14.6267,,1,0,0,False
Kepler-1297,5818.0,0.0032551068065485864,0.99,0.99,4.45,-0.04,4.17,3.1582026181753906,11.9856109,1,14.7821,,1,0,0,False
Kepler-1298,6058.57,0.83982,1.13,2.38684,3.7355,-0.174,,2.7357290088841744,6.5605553,1,11.3125,,1,0,0,False
Kepler-1299,5609.0,-0.1334856053524585,0.94,0.91,4.5,-0.01,4.37,3.1476577774615104,9.5770457,1,15.9003,,1,0,0,False
Kepler-1300,6130.0,0.6084378100007338,1.29,1.79,4.04,0.05,3.55,2.8904349920150496,8.5511214,1,12.7678,,1,0,0,False
Kepler-1301,5188.0,-0.3701402426272431,0.85,0.81,4.56,0.01,4.9,2.9316002389846263,4.6008141,1,15.3734,,1,0,0,False
Kepler-1302,5236.0,-0.34348389375040644,0.86,0.82,4.55,0.04,4.68,2.802486380360497,1.8922936,1,15.0387,,1,0,0,False
Kepler-1303,5771.0,-0.002105852798061609,1.01,1.0,4.44,0.04,4.47,2.953171377545816,6.6003411,1,14.6164,,1,0,0,False
Kepler-1304,5259.0,-0.34652742902158357,0.85,0.81,4.56,-0.05,4.68,3.337674857441537,10.8752701,1,15.0446,,1,0,0,False
Kepler-1305,5701.0,-0.05876351993704802,0.97,0.96,4.47,0.01,4.37,3.197343974276831,8.2369117,1,15.7145,,1,0,0,False
Kepler-1306,5727.0,-0.04185794904690606,0.98,0.97,4.45,0.0,4.57,3.044343734895107,4.589797,1,15.212,,1,0,0,False
Kepler-1307,5603.11,-0.20496,0.99,0.838135,4.58707,-0.4999,,3.0063034187975,2.2149698,1,15.3803,,1,0,0,False
Kepler-1308,3468.0,-1.8238359607315116,0.35,0.34,4.92,-0.13,3.72,2.0519431833419506,62.6788637,1,14.4744,,1,0,0,False
Kepler-1309,5235.0,-0.36526343198938077,0.85,0.8,4.56,-0.03,4.27,,14.4315587,1,16.1875,,1,0,0,False
Kepler-1310,5549.0,-0.18128590647571188,0.91,0.88,4.51,-0.07,4.17,2.7552534463963183,13.2470707,1,14.1223,,1,0,0,False
Kepler-1313,5357.56,-0.3248,0.927,0.798577,4.60051,0.1161,,2.2411329071100607,4.3210301,1,11.7892,,1,0,0,False
Kepler-1314,4188.0,-1.0173794347212053,0.6,0.59,4.68,-0.22,6.03,,132.4019082,1,17.1206,,1,0,0,False
Kepler-1316,5884.0,0.13001655152962058,1.04,1.12,4.36,0.03,5.13,2.903562567894544,17.4727199,1,13.9509,,1,0,0,False
Kepler-1317,5057.15,-0.41358,0.84,0.809194,4.54624,0.3028,,2.862312098888449,0.5043217,1,15.2339,,1,0,0,False
Kepler-1318,4598.0,-0.706638202271158,0.73,0.7,4.62,-0.01,4.57,2.6769202978872095,12.4020818,1,15.2424,,1,1,1,False
Kepler-1319,3655.0,-1.3307731052112586,0.56,0.54,4.73,0.44,5.37,2.0166866005144315,135.1196641,2,14.2218,,1,0,0,False
Kepler-1320,4817.0,-0.5775401253130241,0.8,0.74,4.6,0.1,3.16,2.811188794656254,7.6409005,1,15.9045,,1,0,0,False
Kepler-1323,6046.65,0.29462,1.125,1.27918,4.27536,-0.028,,2.667842242447388,31.7464825,1,12.344,,1,0,0,False
Kepler-1324,4776.0,-0.6042071573065501,0.78,0.73,4.61,0.05,2.88,2.682746892922615,1.7959192,1,15.1336,,1,0,0,False
Kepler-1325,5550.0,-0.1518554328998205,0.93,0.91,4.5,0.01,4.79,2.9882770644759478,15.8473121,1,15.1289,,1,0,0,False
Kepler-1326,6725.0,0.7447575012302693,1.45,1.74,4.12,0.02,1.7,2.8440582119483944,7.7825669,1,12.7411,,1,0,0,False
Kepler-1327,5885.0,0.057550168095445914,1.02,1.03,4.42,-0.03,4.07,2.831273889729187,23.5209262,1,13.8837,,1,0,0,False
Kepler-1328,5780.0,-0.00812840715549651,1.0,0.99,4.44,0.0,4.57,2.910380512612996,7.7617497,1,13.8033,,1,0,0,False
Kepler-1329,4500.0,-0.7565619134568274,0.72,0.69,4.62,0.02,5.62,2.7694046532704966,20.5566833,1,15.8498,,1,0,0,False
Kepler-1330,5608.0,-0.1056224229989064,0.97,0.94,4.48,0.08,4.9,3.2356496284593477,1.8035428,1,14.9451,,1,0,0,False
Kepler-1331,4508.0,-0.7534763390619263,0.72,0.69,4.63,0.05,4.17,2.5040588009444553,5.074385,1,15.0318,,1,0,0,False
Kepler-1332,5541.94,-0.13733,0.975,0.926114,4.49374,-0.0519,,2.7231969886543226,11.7042736,1,13.795,,1,0,0,False
Kepler-1333,5488.86,-0.18777,0.96,0.890843,4.52074,-0.1016,,2.969623690259722,11.6532365,1,15.1714,,1,0,0,False
Kepler-1334,5614.0,-0.131937732196844,0.94,0.91,4.5,-0.03,4.27,3.0874406610389,12.1645215,1,15.171,,1,0,0,False
Kepler-1335,4903.0,-0.5467991375860473,0.77,0.74,4.6,-0.07,4.9,2.793687733832338,15.1672171,1,15.3037,,1,0,0,False
Kepler-1336,5449.27,0.42052,0.95,1.82069,3.89532,-0.195,,3.0517851662770084,12.765006,1,14.0381,,2,0,0,False
Kepler-1337,4523.0,-0.7732541936473851,0.7,0.67,4.64,-0.09,4.27,2.779328762152114,1.2659235,1,15.8169,,1,0,0,False
Kepler-1338,5909.0,0.08132440802582935,1.04,1.05,4.41,0.0,3.8,2.8769449059159107,21.2063498,1,13.5742,,1,0,0,False
Kepler-1339,5586.0,-0.12174052746489736,0.94,0.93,4.47,0.01,5.62,2.569431265476031,18.0777016,1,12.1235,,1,0,0,False
Kepler-1340,6331.0,0.4633557928192849,1.27,1.42,4.24,0.07,2.4,2.9920137384160626,2.6012357,1,14.7546,,1,0,0,False
Kepler-1341,4662.0,-0.6581560804319442,0.79,0.72,4.62,0.19,1.82,2.6784792270390603,7.3339534,2,15.0181,,1,1,1,False
Kepler-1342,5527.0,-0.16866727282696217,0.93,0.9,4.51,0.03,4.37,2.9497431542660193,4.7043161,1,15.3835,,1,0,0,False
Kepler-1343,5759.0,-0.06875593880521708,0.95,0.93,4.48,-0.16,3.98,3.2447000735073632,1.6914331,1,15.5297,,1,0,0,False
Kepler-1344,5841.28,0.14599,1.05,1.15513,4.334,0.008,,2.931437019985023,7.1711826,1,14.0269,,1,0,0,False
Kepler-1345,6047.83,0.69266,1.13,2.02201,3.87958,-0.3277,,3.1319457054137723,3.2738748,1,13.705,,1,0,0,False
Kepler-1346,6133.0,0.2691524493501594,1.14,1.21,4.33,0.04,3.09,2.926188563856791,5.9811973,1,14.462,,1,0,0,False
Kepler-1347,5193.0,-0.3901826770716044,0.82,0.79,4.57,-0.11,5.62,,5.4283021,1,13.4122,,1,0,0,False
Kepler-1348,5866.85,0.20429,1.06,1.22458,4.2874,-0.37,,3.0841542890434575,8.3182966,1,14.6789,,1,0,0,False
Kepler-1349,5835.47,0.34263,1.05,1.4515,4.13562,0.1376,,2.44141703532317,45.0160895,1,11.0821,,1,0,0,False
Kepler-1350,3827.0,-1.2671245619331373,0.55,0.53,4.74,-0.06,4.57,2.5323606610056117,24.6960217,1,16.2331,,2,0,0,False
Kepler-1351,4321.49,-0.98254,0.675,0.575591,4.74714,-0.4467,,2.307029402103032,61.027892,1,14.0866,,1,0,0,False
Kepler-1352,6118.0,0.22824371901576387,1.11,1.16,4.35,0.0,3.16,2.8266118289306785,13.5925037,1,13.2495,,1,0,0,False
Kepler-1353,4776.0,-0.6161878846849249,0.76,0.72,4.61,-0.06,4.68,2.7733358318268087,8.2373521,1,15.5059,,1,0,0,False
Kepler-1354,6168.0,0.30031068046335985,1.16,1.24,4.31,0.03,2.95,3.0490047006760768,12.0215695,1,14.3687,,1,0,0,False
Kepler-1355,5352.0,-0.2948895462414981,0.88,0.83,4.55,-0.04,4.27,2.959646596480086,1.6205966,1,15.452,,1,0,0,False
Kepler-1356,5106.0,-0.4305977027788257,0.82,0.78,4.58,-0.02,4.9,2.926973875559729,15.2050445,1,15.7195,,1,0,0,False
Kepler-1357,5597.0,-0.14680390352714348,0.93,0.9,4.5,-0.06,4.57,3.006761176616413,11.8579888,1,15.2205,,1,0,0,False
Kepler-1358,5181.0,-0.3942015983033448,0.82,0.79,4.57,-0.08,5.13,2.7379857384165174,1.5857058,1,14.5403,,1,0,0,False
Kepler-1359,4709.0,-0.6407303953992859,0.78,0.72,4.62,0.11,2.34,2.7887755344051675,5.4957382,1,15.7534,,1,0,0,False
Kepler-1360,6778.0,0.8021982874335841,1.51,1.83,4.09,0.06,1.55,3.1807765423708227,9.4211548,1,13.8804,,1,0,0,False
Kepler-1361,5025.35,-0.43672,0.836,0.797922,4.55635,0.1718,,2.5901092226590907,11.0353324,1,13.9169,,1,0,0,False
Kepler-1362,4857.0,-0.5631742966786155,0.8,0.74,4.6,0.06,3.09,2.864094385689868,6.2727858,1,15.8246,,1,1,1,False
Kepler-1363,4612.69,-0.62622,0.731,0.761441,4.53871,-0.192,,2.73377005959344,24.5618713,1,15.2923,,1,0,0,False
Kepler-1364,6805.0,0.7899084300844877,1.49,1.79,4.1,0.04,1.58,3.024033897900905,7.1192855,1,13.1858,,1,0,0,False
Kepler-1365,5646.27,0.42479,1.0,1.70422,3.97502,0.1149,,2.924345459227011,22.986731,1,13.3798,,2,0,0,False
Kepler-1366,4070.0,-1.0524300123645451,0.62,0.6,4.68,-0.02,3.98,2.668223724948775,9.1904647,1,15.8887,,1,0,0,False
Kepler-1367,4106.0,-1.037131869127133,0.62,0.6,4.68,-0.06,3.89,2.603668242391364,20.0459967,1,15.5576,,1,0,0,False
Kepler-1368,5906.0,0.1049111314574253,1.07,1.08,4.4,0.1,3.47,3.2137355136950054,3.8582587,1,15.8729,,1,0,0,False
Kepler-1369,5761.0,-0.013848259931506025,0.99,0.99,4.45,0.0,4.07,3.092215193917472,3.413898,1,15.3498,,1,0,0,False
Kepler-1370,6202.0,0.3441963181710157,1.19,1.29,4.29,0.05,2.88,3.0017769670774395,3.4558155,1,13.6743,,2,0,0,False
Kepler-1371,5378.93,-0.19829,0.93,0.916461,4.48232,-0.0103,,2.7120887966921403,6.5621062,1,13.8344,,2,0,0,False
Kepler-1372,5677.0,-0.057091104598571446,0.98,0.97,4.46,0.05,5.01,3.115017736296607,17.9423775,1,15.3493,,1,0,0,False
Kepler-1373,6299.0,0.3976795653009496,1.22,1.33,4.27,0.03,2.51,3.2303109470987117,7.7509606,1,14.0717,,1,0,0,False
Kepler-1374,5323.0,-0.3255142475843937,0.85,0.81,4.56,-0.13,4.47,3.0328040417877236,6.4973802,1,15.93,,1,0,0,False
Kepler-1375,6535.29,0.82249,1.35,2.01081,3.96166,0.1984,,3.155591072612279,11.0886547,1,13.7103,,1,0,0,False
Kepler-1376,5659.0,-0.06260790575891077,0.98,0.97,4.46,0.07,4.68,2.9385477432715246,1.5482143,1,14.6721,,1,0,0,False
Kepler-1377,5218.0,-0.34946614620847133,0.86,0.82,4.55,0.05,5.01,3.0592225125296895,12.5263873,1,15.8887,,1,0,0,False
Kepler-1378,4407.0,-0.818388342591384,0.7,0.67,4.63,0.03,6.46,2.704522854822702,12.035693,1,16.0538,,1,0,0,False
Kepler-1379,5188.0,-0.39185609780365976,0.83,0.79,4.57,-0.04,5.01,2.98736456676763,10.2923884,1,15.8526,,1,0,0,False
Kepler-1380,5570.0,-0.11743366213839963,0.96,0.94,4.48,0.1,4.79,3.391453832063907,8.4936084,1,15.6136,,1,0,0,False
Kepler-1381,5747.0,-0.06308965429852481,0.96,0.94,4.48,-0.1,4.07,3.0781086629285723,1.2207471,1,15.4776,,1,0,0,False
Kepler-1382,6161.0,0.5825515789560235,1.36,1.72,4.1,0.3,2.75,2.868209926620808,6.3674265,1,12.7575,,1,0,0,False
Kepler-1383,6139.23,0.56772,1.16,1.69936,4.04196,-0.331,,3.011659238648921,6.2588915,1,13.7077,,1,0,0,False
Kepler-1384,4919.0,-0.5411394203334349,0.78,0.74,4.6,-0.06,4.57,,21.5573249,1,15.446,,1,0,0,False
Kepler-1385,5566.33,0.45032,0.98,1.80581,3.91595,0.2701,,2.8380899858900075,12.0115527,1,12.8443,,1,0,0,False
Kepler-1386,5733.0,0.012092066476333109,1.02,1.03,4.41,0.11,5.01,2.9221449731735842,6.8674444,1,14.4168,,1,0,0,False
Kepler-1387,5046.0,-0.46233971496152576,0.82,0.77,4.58,0.02,4.37,2.658352970922481,20.5153613,1,14.5804,,1,0,0,False
Kepler-1388,4098.0,-1.0261626637504737,0.63,0.61,4.67,0.02,4.47,2.6568597064357125,16.9319994,1,16.2941,,4,0,0,False
Kepler-1389,4905.0,-0.53422,0.8,0.748623,4.59263,-0.13,,2.6964376475027527,13.5664934,1,14.6836,,1,1,1,False
Kepler-1390,5388.77,-0.10022,0.94,1.02227,4.39207,-0.116,,2.859397114932206,21.6521087,1,14.4022,,1,0,0,False
Kepler-1208,5001.0,-0.48925554728045884,0.8,0.76,4.59,-0.03,4.47,2.916546588158191,2.9276967,1,15.9464,,1,0,0,False
Kepler-1391,5840.0,0.10132660873333531,1.03,1.1,4.36,0.04,5.5,3.0163437672385505,7.2782005,1,13.8283,,1,0,0,False
Kepler-1392,5479.0,-0.2334670968652881,0.88,0.85,4.53,-0.11,4.68,,1.6933943,1,15.6665,,1,0,0,False
Kepler-1393,5697.0,-0.09694961751488207,0.95,0.92,4.5,-0.09,3.47,2.7359627881701694,18.046065,1,13.3324,,1,0,0,False
Kepler-1394,6481.0,1.0125382966478018,1.64,2.55,3.84,0.06,1.91,2.806457426655869,14.0296445,1,11.7144,,1,0,0,False
Kepler-1395,6071.93,0.27693,1.13,1.24297,4.30222,0.123,,2.692753531518994,7.0422352,1,12.536,,1,0,0,False
Kepler-1396,5874.91,0.20377,1.06,1.22049,4.2903,-0.0137,,3.027944570891818,16.7986466,1,14.5271,,1,0,0,False
Kepler-1397,6026.0,0.17144240465700422,1.09,1.12,4.37,0.0,3.55,3.0785474376638255,3.7836825,1,14.0909,,1,0,0,False
Kepler-1398,6126.0,0.2453618344617538,1.13,1.18,4.34,0.01,3.09,2.9305435683223675,10.5370393,1,13.6605,,2,0,0,False
Kepler-1399,5735.0,-0.048433995004429846,0.97,0.96,4.47,-0.03,4.37,3.1416692169662093,8.7340771,1,15.5074,,1,0,0,False
Kepler-1400,5044.0,-0.45182063304757575,0.83,0.78,4.58,0.04,4.57,2.8763546910920126,4.3674037,1,15.7129,,1,0,0,False
Kepler-1401,5964.0,0.13782575940756533,1.07,1.1,4.39,0.04,3.55,3.1539458948407244,4.9304355,1,14.9721,,1,0,0,False
Kepler-1402,5416.0,-0.2333570220871238,0.9,0.87,4.53,0.03,4.57,3.1742459355962604,8.0774938,1,14.6083,,1,0,0,False
Kepler-1403,6060.0,0.20417602733965562,1.11,1.15,4.36,0.03,3.31,3.3352371869097284,11.1813442,1,15.5907,,1,0,0,False
Kepler-1404,5261.0,-0.3566569688601889,0.84,0.8,4.56,-0.09,4.57,2.983257679451378,7.1802922,1,15.7029,,1,0,0,False
Kepler-1405,5925.0,0.10241082406627255,1.05,1.07,4.4,0.03,3.63,3.1847765782508493,3.7320245,1,15.8175,,1,0,0,False
Kepler-1406,5892.0,0.13237684799002383,1.05,1.12,4.36,0.04,5.01,2.757701901258304,11.8447891,1,13.3819,,1,0,0,False
Kepler-1407,6010.0,0.1897834186854689,1.1,1.15,4.36,0.05,3.24,3.1450129502318496,4.5883532,1,14.8925,,1,0,0,False
Kepler-1408,6037.31,0.57889,1.12,1.77996,3.98646,-0.1035,,2.7283927450119454,8.0005615,1,11.9622,,1,0,0,False
Kepler-1410,3950.0,-1.158,0.594,0.566,4.704,0.04,1.3,,,1,15.9484,,1,1,1,False
Kepler-1411,5664.0,-0.10704151661475154,0.95,0.92,4.49,-0.04,4.17,3.2202336490148333,6.4514263,1,15.7709,,1,0,0,False
Kepler-1412,5880.0,0.23800659618375514,1.06,1.27,4.25,0.04,6.31,2.8783367788173786,8.4006106,1,13.1928,,1,0,0,False
Kepler-1413,5196.0,-0.3782536064448642,0.84,0.8,4.57,-0.05,4.68,3.067253169355136,4.259251,1,16.2846,,1,0,0,False
Kepler-1414,4951.0,-0.5182159179233762,0.8,0.75,4.59,-0.02,4.68,2.7565105934560354,1.4240237,1,14.8607,,1,0,0,False
Kepler-1415,5267.0,-0.31229830447902585,0.89,0.84,4.54,0.12,4.17,3.018517424096059,18.4906089,1,15.7209,,1,0,0,False
Kepler-1416,5571.05,0.28393,0.98,1.48848,4.08381,-0.18,,2.97753613247593,5.7894248,1,14.226,,1,0,0,False
Kepler-1417,5750.42,0.39458,1.03,1.58688,4.04982,-0.307,,2.9964438083393827,4.5385966,1,13.8576,,1,0,0,False
Kepler-1418,4770.0,-0.6183716410097201,0.77,0.72,4.61,0.0,3.63,,,1,15.2813,,1,0,0,False
Kepler-1419,5796.0,0.014046104729120303,1.01,1.01,4.43,0.04,4.37,3.1756799322207114,9.2315249,1,15.7181,,1,0,0,False
Kepler-1420,5187.0,-0.3921909754774897,0.82,0.79,4.57,-0.1,4.9,3.022993040440555,11.1235003,1,15.8488,,1,0,0,False
Kepler-1421,6294.63,0.59941,1.23,1.67655,4.07914,-0.039,,2.8939841215828004,11.9969827,1,12.7261,,1,0,0,False
Kepler-1422,6194.0,0.30058487692915503,1.15,1.23,4.32,0.0,3.02,3.3919648932769686,2.0148812,1,15.6194,,1,0,0,False
Kepler-1423,4939.0,-0.5224315186031198,0.79,0.75,4.59,-0.02,4.68,,6.8082177,1,14.5581,,1,0,0,False
Kepler-1424,5838.0,0.076713767945689,1.02,1.07,4.39,0.01,5.25,2.8204779795697257,6.6246105,1,13.5925,,1,0,0,False
Kepler-1426,5831.0,0.033062359175300225,1.02,1.02,4.43,0.03,4.07,3.2298890872221135,8.4637929,1,15.1663,,1,0,0,False
Kepler-1427,5793.0,0.013146711528800977,1.01,1.01,4.44,0.06,4.07,,5.4427917,1,15.4816,,1,0,0,False
Kepler-1428,6184.0,0.38504559034879665,1.28,1.36,4.28,0.35,2.04,3.184782254152881,6.5506485,1,13.5234,,1,0,0,False
Kepler-1429,5902.0,0.09565422599346955,1.05,1.07,4.4,0.04,4.17,3.084250882006621,12.4496796,1,14.8316,,1,0,0,False
Kepler-1430,4796.0,-0.6089284594629314,0.77,0.72,4.62,-0.03,2.09,2.9422675594907157,28.684116,1,15.2824,,1,0,0,False
Kepler-1431,5806.0,0.03407242536025145,1.03,1.03,4.42,0.07,4.27,3.210382736073858,6.7815302,1,15.2711,,1,0,0,False
Kepler-1432,6031.0,0.18060405081793784,1.09,1.13,4.37,0.02,3.47,3.3368338264544226,5.3134798,1,15.3702,,1,0,0,False
Kepler-1433,6097.0,0.24444855284002898,1.14,1.19,4.34,0.07,3.02,,12.6730825,1,,,1,0,0,False
Kepler-1434,6291.0,0.76702892555911,1.47,2.04,3.98,0.19,2.57,2.889598042387526,10.7588587,1,12.0421,,1,0,0,False
Kepler-1435,6356.0,0.40677326652035506,1.21,1.32,4.28,-0.03,2.63,2.8477028046052104,10.3383035,1,12.8692,,1,0,0,False
Kepler-1436,5972.0,0.1322220420604859,1.06,1.09,4.39,-0.01,3.8,3.4032269360341267,4.3921743,1,14.9099,,1,0,0,False
Kepler-1437,5557.0,-0.15926354401254617,0.93,0.9,4.51,-0.02,4.57,3.3225686578301956,7.8580635,1,15.6607,,1,0,0,False
Kepler-1438,5530.0,-0.11166715873478274,0.97,0.96,4.46,0.2,5.37,3.062254730052665,7.8078391,1,14.861,,1,0,0,False
Kepler-1439,3578.0,-1.565611893948123,0.46,0.43,4.83,-0.03,4.07,2.352940424094381,42.3636292,1,16.0979,,1,0,0,False
Kepler-1440,5698.0,-0.05967790433974355,0.98,0.96,4.46,0.04,4.47,3.04741117161438,3.2853639,1,14.1018,,1,0,0,False
Kepler-1441,5572.13,0.32471,0.98,1.55943,4.04336,0.0678,,3.045510741211503,2.5869782,1,14.2567,,1,0,0,False
Kepler-1541,5301.74,-0.33627,0.91,0.804783,4.58575,-0.038,,2.619815162590211,14.9188984,1,13.7908,,1,0,0,False
Kepler-1542,5564.0,-0.07429127555757768,0.94,0.99,4.41,0.06,8.51,2.601096962101505,15.5008206,1,12.5876,,4,0,0,False
Kepler-1543,6620.14,0.48688,1.39,1.33155,4.33237,-0.1023,,2.964629165524218,12.9967617,1,13.4193,,1,0,0,False
Kepler-1544,4820.0,-0.606,0.743,0.713,4.608,-0.08,3.9,2.5251614674962055,31.1516944,1,14.039,,1,1,1,False
Kepler-1545,5112.8,-0.27681,0.86,0.926681,4.43871,0.045,,2.8633014423302203,8.6516448,1,15.0334,,1,1,1,False
Kepler-1546,5623.0,-0.11027191888723079,0.95,0.93,4.48,0.01,3.72,2.9693954086970202,5.0670223,1,15.368,,1,0,0,False
Kepler-1547,6078.0,0.23169664755523428,1.12,1.18,4.34,0.04,3.39,2.8291074917167953,9.3993564,1,13.4085,,1,0,0,False
Kepler-1548,5706.0,-0.04823961221599264,0.99,0.97,4.46,0.05,4.37,2.9406554170202486,20.0660767,1,15.2455,,1,0,0,False
Kepler-1549,5324.0,-0.29359939069839935,0.88,0.84,4.54,0.02,4.79,2.9047436680456484,2.5682798,1,15.1516,,1,1,1,False
Kepler-1550,5991.0,0.15353308590206244,1.07,1.11,4.38,0.01,3.55,3.0715174886628596,7.0478986,1,14.8841,,1,0,0,False
Kepler-1551,6136.0,0.27715091508048195,1.14,1.22,4.32,0.01,2.88,3.1654580069921368,3.2059258,1,15.0975,,1,0,0,False
Kepler-1552,4871.52,-0.20141,0.79,1.11332,4.24246,-0.1012,,2.885980552633812,7.249974,1,14.9308,,1,1,1,False
Kepler-1553,5288.0,-0.33697432636507774,0.85,0.81,4.56,-0.09,4.57,2.8404787249001613,20.3589742,1,14.9914,,1,0,0,False
Kepler-1554,5297.0,-0.3340202205330221,0.84,0.81,4.56,-0.1,4.68,2.9762798074890213,28.3638538,1,15.7147,,1,1,1,False
Kepler-1555,5866.0,0.07686981507496142,1.04,1.06,4.4,0.03,4.37,3.3039020221052047,6.9601848,1,15.3259,,1,0,0,False
Kepler-1556,5608.0,-0.09643091962060812,0.97,0.95,4.47,0.08,4.9,2.9752203544351263,2.0441654,1,15.2978,,1,0,0,False
Kepler-1557,6099.0,0.23029610689041485,1.11,1.17,4.34,0.02,3.31,3.1399294364658576,8.4772637,1,15.2987,,1,0,0,False
Kepler-1178,5084.79,-0.27723,0.85,0.93646,4.42451,-0.1924,,2.683305555713391,6.6428678,1,13.9597,,1,0,0,False
Kepler-1558,5001.44,-0.48006,0.829,0.766356,4.58776,0.2507,,2.5128670922559215,16.8106679,1,13.5998,,1,0,0,False
Kepler-1559,5216.81,-0.27638,0.89,0.89054,4.48815,0.1567,,2.7887529311984562,37.19127,1,14.488,,1,0,0,False
Kepler-1560,5815.0,0.028289069748991227,1.02,1.02,4.43,0.04,4.17,2.7011334732819097,6.291015,1,13.3846,,1,0,0,False
Kepler-1561,5957.0,0.14364620793598126,1.07,1.11,4.38,0.04,3.39,2.9238012991907856,1.4701537,1,14.648,,1,0,0,False
Kepler-1562,5760.0,0.03695838180001173,1.02,1.05,4.41,0.11,4.79,3.3140189860946347,13.0453769,1,15.2729,,1,0,0,False
Kepler-1563,5765.0,-0.01264251431474136,1.0,0.99,4.45,0.02,4.07,2.7900718357513985,4.4840775,1,13.5682,,1,0,0,False
Kepler-1564,5528.0,-0.1683529936894949,0.93,0.9,4.5,0.03,4.57,2.958470707744624,15.3881831,1,14.9531,,1,0,0,False
Kepler-1565,4940.0,-0.5455566340972132,0.76,0.73,4.6,-0.16,5.62,2.799292291830119,1.2595059,1,15.4317,,1,0,0,False
Kepler-1566,5068.0,-0.43675,0.85,0.784518,4.57828,-0.15,,2.6689317035662565,14.3277948,1,14.3122,,1,0,0,False
Kepler-1567,5655.0,-0.10041381587894598,0.95,0.93,4.49,-0.03,4.17,3.0813869182638896,22.8602717,1,15.6322,,1,0,0,False
Kepler-1568,5956.0,0.20380252907290297,1.09,1.19,4.32,0.09,4.57,2.9620438480713043,10.1300964,1,13.9451,,1,0,0,False
Kepler-1569,6319.0,0.44773934277971555,1.25,1.4,4.24,0.06,2.45,2.9756404035859743,1.2819849,1,13.9323,,1,0,0,False
Kepler-1570,5550.0,-0.17115820425218212,0.92,0.89,4.5,-0.04,4.17,2.963313148515255,15.5989393,1,13.9702,,1,0,0,False
Kepler-1571,5595.94,0.194,0.99,1.33016,4.18589,-0.009,,2.8294986790561096,12.7600906,1,13.77,,1,0,0,False
Kepler-1572,5917.22,0.37265,1.08,1.46132,4.142,-0.436,,2.976167417719178,12.7689838,1,13.7175,,1,0,0,False
Kepler-1573,5808.0,0.008996280735436717,1.01,1.0,4.44,0.02,4.07,3.162970434335603,4.070305,1,15.1693,,1,0,0,False
Kepler-1574,5892.0,0.10078831362355997,1.06,1.08,4.4,0.08,3.8,3.141186294673353,4.6152635,1,15.0937,,1,0,0,False
Kepler-1575,5667.0,-0.1061216447756179,0.95,0.92,4.49,-0.07,4.17,3.095838590869827,11.0962913,1,15.4185,,1,0,0,False
Kepler-1576,5876.0,0.07982872896970332,1.05,1.06,4.4,0.05,4.07,2.6636161307708774,3.5903638,1,13.3354,,1,0,0,False
Kepler-1577,4862.0,-0.5613868925414924,0.78,0.74,4.6,0.0,4.27,2.707594870572267,14.6286822,1,15.0571,,1,0,0,False
Kepler-1578,5545.0,-0.20250704560486169,0.9,0.86,4.53,-0.13,4.27,3.026962036054797,16.639877,1,15.3281,,1,0,0,False
Kepler-1579,4584.0,-0.7119356341668648,0.75,0.7,4.63,0.11,2.24,,7.6540527,1,15.2481,,1,0,0,False
Kepler-1580,6228.0,0.7951611853828285,1.47,2.15,3.94,0.12,2.75,3.0008763899972486,7.5168809,1,12.5755,,1,0,0,False
Kepler-1581,5995.2,0.39085,1.1,1.45368,4.15452,0.065,,2.6930010532496604,13.5596186,1,12.3525,,1,0,0,False
Kepler-1582,3208.0,-2.0679302021448844,0.28,0.3,4.93,0.48,7.76,1.897025259086073,121.7072108,1,16.4142,,1,0,0,False
Kepler-1583,5529.03,-0.01774,0.97,1.06779,4.36787,0.0095,,2.60630933505278,24.5984158,1,12.8414,,1,0,0,False
Kepler-1584,6069.0,0.19151528689599526,1.1,1.13,4.37,0.0,3.31,3.1511583215418564,9.2935459,1,14.8844,,1,0,0,False
Kepler-1585,5538.0,-0.15561555975230254,0.94,0.91,4.5,0.08,4.37,2.9751858684637713,10.0870141,1,15.9772,,1,0,0,False
Kepler-1586,6681.0,0.7383318343546788,1.45,1.75,4.12,0.06,1.7,2.7423715832469,7.5807532,1,13.0556,,1,0,0,False
Kepler-1587,5933.0,0.2187069046665992,1.08,1.22,4.3,0.07,5.01,3.0113504919684173,6.6746195,1,14.0315,,1,0,0,False
Kepler-1588,5817.0,0.0029564943558584873,0.96,0.99,4.43,-0.14,5.5,2.9657382383740383,4.7313051,1,13.821,,1,0,0,False
Kepler-1589,6166.0,0.30672395754535803,1.18,1.25,4.32,0.08,2.75,3.179879112038143,9.4906239,1,14.9651,,1,0,0,False
Kepler-1590,6053.0,0.20968852407133232,1.11,1.16,4.35,0.03,3.39,2.8871399892766507,14.3867666,1,14.077,,1,0,0,False
Kepler-1591,6082.0,0.21799149165357787,1.1,1.16,4.35,0.01,3.24,3.152159872085231,1.7115929,1,14.6583,,1,0,0,False
Kepler-1592,6213.0,0.34051520371548427,1.18,1.28,4.29,0.04,2.69,3.214703474098607,4.819713,1,14.7857,,1,0,0,False
Kepler-1593,4745.0,-0.652,0.725,0.698,4.616,-0.1,3.4,2.8049901430300332,3.083845,1,15.8836,,1,1,1,False
Kepler-1594,5946.0,0.11663698041686277,1.06,1.08,4.39,0.03,3.89,2.9898358833251146,2.9224982,1,14.7415,,1,0,0,False
Kepler-1595,5203.0,-0.37591487246467886,0.84,0.8,4.56,-0.02,4.68,2.926868015877771,5.3048314,1,15.4006,,1,0,0,False
Kepler-1596,5706.0,-0.0942074260573718,0.95,0.92,4.49,-0.11,3.89,3.331676261142714,3.2081763,1,15.3662,,1,0,0,False
Kepler-1597,6377.0,0.45738511842449775,1.25,1.39,4.24,0.02,2.4,3.086733447957575,8.2822003,1,14.1152,,1,0,0,False
Kepler-1598,5940.0,0.1228886257733087,1.07,1.09,4.39,0.04,3.8,2.7922950131927453,9.0790475,1,13.8135,,1,0,0,False
Kepler-1599,5767.0,-0.012039955194023476,0.99,0.99,4.45,0.02,4.27,3.1232634759028253,8.2190926,1,14.9023,,1,0,0,False
Kepler-1601,5869.0,0.08591384339200062,1.04,1.07,4.4,0.05,4.27,2.8091932714031262,13.5823324,1,13.6782,,1,0,0,False
Kepler-1602,6296.0,0.4162265441117551,1.22,1.36,4.25,0.02,2.51,2.799205414592699,10.3657304,1,13.3012,,1,0,0,False
Kepler-1603,6241.0,0.36844917160234736,1.21,1.31,4.28,0.07,2.82,3.4333825553528863,1.1169043,1,15.3397,,1,0,0,False
Kepler-1604,4976.0,-0.4979614787400807,0.81,0.76,4.59,0.02,4.17,2.7333489607122616,2.7483415,1,14.8989,,1,0,0,False
Kepler-1605,5280.0,-0.3289467551300303,0.86,0.82,4.55,-0.01,4.68,2.7373755487452494,6.1902181,1,12.4129,,1,0,0,False
Kepler-1606,5461.0,-0.171,0.921,0.915,4.486,0.12,9.4,2.9197509888834525,3.7005232,1,15.1062,,1,1,1,False
Kepler-1607,5894.79,0.70881,1.07,2.16832,3.7952,-0.037,,3.109274738230295,5.9646392,1,13.8751,,1,0,0,False
Kepler-1608,4992.0,-0.5393468504727055,0.75,0.72,4.61,-0.24,5.13,,1.2489411,1,15.8947,,1,0,0,False
Kepler-1609,6132.0,0.31090587660855146,1.18,1.27,4.29,0.1,3.02,3.2615102866643304,4.0608008,1,14.9366,,1,0,0,False
Kepler-1611,5605.0,-0.11584178520087453,0.94,0.93,4.49,0.01,5.01,2.9582981608784222,11.5779788,1,14.4116,,1,0,0,False
Kepler-1612,5643.0,-0.09481424175314998,0.96,0.94,4.48,0.03,4.57,2.8835058560638798,6.2912148,1,14.7157,,1,0,0,False
Kepler-1613,6005.0,0.16537794226335012,1.08,1.12,4.37,0.01,3.55,3.1784963690536885,7.6415986,1,14.068,,1,0,0,False
Kepler-1614,5121.0,-0.4480638621335456,0.79,0.76,4.58,-0.17,5.5,3.0759810388718494,3.9797876,1,15.9408,,1,0,0,False
Kepler-1615,5865.0,0.06834051391335559,1.04,1.05,4.42,0.06,3.89,3.144209807790597,10.0521146,1,14.5237,,1,0,0,False
Kepler-1616,6202.69,0.63778,1.19,1.80461,4.00085,-0.192,,3.056069746381774,9.0204166,1,13.4295,,1,0,0,False
Kepler-1617,6167.0,0.2859053050220027,1.15,1.22,4.32,0.01,3.02,2.9534262342804407,6.3629016,1,13.6555,,1,0,0,False
Kepler-1618,6391.96,0.69003,1.28,1.80467,4.03248,-0.1045,,3.089640216962199,7.54512,1,13.5664,,1,0,0,False
Kepler-1619,5724.26,0.32575,1.02,1.47942,4.10649,-0.3009,,2.866198698512012,42.6374473,1,13.2994,,1,0,0,False
Kepler-1620,6157.0,0.29017668721201023,1.15,1.23,4.31,0.03,3.02,2.9518565159462855,19.3768216,1,13.6228,,1,0,0,False
Kepler-1621,6158.0,0.29749195856047467,1.15,1.24,4.31,0.03,2.69,3.2126296669746766,8.8388771,1,15.0106,,1,0,0,False
Kepler-1622,6436.0,0.5395365097866178,1.31,1.5,4.2,0.04,2.19,2.901173239123583,4.0317269,1,13.3442,,1,0,0,False
Kepler-1623,5772.0,-0.001804860346886163,1.0,1.0,4.44,0.04,4.27,2.922974962946187,4.9936711,1,14.9243,,1,0,0,False
Kepler-1442,6394.0,0.4927053619004632,1.34,1.44,4.25,0.26,1.7,2.784389031944668,2.4050791,1,12.0303,,1,0,0,False
Kepler-1443,6289.0,0.3548236707933918,1.19,1.27,4.3,0.0,2.63,2.773527545862859,11.0666922,1,12.212,,1,0,0,False
Kepler-1444,5810.0,0.05197297766848671,1.03,1.05,4.4,0.06,4.79,2.5047086738488433,12.7766091,1,12.2578,,1,0,0,False
Kepler-1445,6150.0,0.30913140330408007,1.13,1.26,4.28,-0.03,3.8,2.704456818147473,12.6867524,1,12.4184,,1,0,0,False
Kepler-1446,4789.74,-0.65135,0.773,0.686044,4.65354,0.2438,,2.1820578251349607,23.0156441,1,12.4086,,1,0,0,False
Kepler-1447,5722.0,-0.061471525578041634,0.97,0.95,4.47,-0.03,4.17,2.9495344221441644,14.4237733,1,14.6643,,1,0,0,False
Kepler-1448,5774.0,-0.06423713474603558,0.95,0.93,4.49,-0.16,3.55,2.8858715553777055,3.7797692,1,14.3796,,1,0,0,False
Kepler-1449,5979.0,0.14218943396433792,1.08,1.1,4.39,0.04,3.47,3.302434835172311,11.8253674,1,15.0306,,1,0,0,False
Kepler-1450,4581.87,-0.7677,0.72,0.655719,4.66197,0.1913,,2.704003724531786,27.8364443,1,15.4892,,1,0,0,False
Kepler-1451,5782.0,-0.007527411499056723,1.0,0.99,4.45,0.01,4.17,3.0247811172995203,6.013512,1,15.2999,,1,0,0,False
Kepler-1452,6101.0,0.7222283906751444,1.41,2.06,3.95,0.14,3.24,2.9983988483773247,8.2257087,1,13.0714,,1,0,0,False
Kepler-1453,5665.0,-0.08805478603565117,0.97,0.94,4.48,0.01,4.27,3.0777457043085663,3.9477838,1,15.5278,,1,0,0,False
Kepler-1455,3950.0,-1.247,0.544,0.518,4.744,-0.21,1.4,2.5534230132456357,9.2890442,1,15.8657,,1,1,1,False
Kepler-1456,4231.0,-0.9565546697110262,0.64,0.62,4.67,-0.09,3.72,2.568567785636647,6.6762455,1,15.445,,1,0,0,False
Kepler-1457,5866.0,0.034900832110705986,1.01,1.01,4.43,-0.05,3.72,2.9493338863163654,7.2830095,1,14.0283,,1,0,0,False
Kepler-1458,5653.0,-0.09173850099284046,0.96,0.94,4.48,0.02,4.17,2.735958002142925,10.5776414,1,14.1996,,1,0,0,False
Kepler-1459,4828.0,-0.5735776648695138,0.78,0.74,4.61,0.01,3.89,2.6584683584893436,16.6466384,1,14.5519,,1,0,0,False
Kepler-1460,4422.0,-0.8124855916602792,0.7,0.67,4.64,-0.02,3.98,2.742896302264275,10.9680521,1,15.9191,,1,0,0,False
Kepler-1461,4919.0,-0.5411394203334349,0.79,0.74,4.6,-0.04,3.24,2.831937567538429,8.3582603,1,15.6949,,1,0,0,False
Kepler-1462,5756.0,-0.006627008974442266,1.0,1.0,4.45,0.06,4.07,3.0076709804381396,3.4464764,1,15.8562,,1,0,0,False
Kepler-1463,5679.0,-0.07457546472118028,0.96,0.95,4.47,0.0,4.79,3.227236060643643,5.7032129,1,15.7236,,1,0,0,False
Kepler-1464,5828.0,0.023610769924382678,1.02,1.01,4.44,0.03,3.89,3.061350679387879,16.1809012,1,14.1296,,2,0,0,False
Kepler-1465,4726.0,-0.6466185834091613,0.75,0.71,4.62,-0.06,3.72,2.5556952705495495,8.1180021,1,14.42,,1,0,0,False
Kepler-1466,5884.0,0.048780849713092427,1.01,1.02,4.43,-0.07,3.89,2.8006820309528027,8.1923356,1,13.8694,,1,0,0,False
Kepler-1467,5311.62,-0.35052,0.91,0.788751,4.60323,0.1106,,2.930892003998045,1.4494469,1,15.5207,,1,0,0,False
Kepler-1469,5507.0,-0.18466983081775692,0.92,0.89,4.51,0.02,4.47,3.0641958358646426,5.5165974,1,15.9891,,1,0,0,False
Kepler-1470,4961.0,-0.5032060573263877,0.8,0.76,4.59,-0.01,4.57,2.771294177972971,30.8017943,1,15.0436,,1,0,0,False
Kepler-1472,6159.0,0.3047506923444176,1.16,1.25,4.31,0.03,3.09,3.1700092817385896,3.5078424,1,14.5898,,1,0,0,False
Kepler-1473,6046.0,0.15361541721572797,1.09,1.09,4.4,-0.01,2.63,2.814416085289237,15.1016263,1,13.3679,,1,0,0,False
Kepler-1474,5619.43,0.0291,0.99,1.09099,4.35806,0.2358,,3.072213122603382,3.3010507,1,15.2172,,1,0,0,False
Kepler-1475,6214.0,0.3407947849388466,1.18,1.28,4.29,0.03,2.82,3.195451295535196,5.1896449,1,15.2775,,1,0,0,False
Kepler-1476,5663.0,-0.07038143744745926,0.98,0.96,4.47,0.06,4.57,3.0011883395976144,9.0782739,1,15.4086,,1,0,0,False
Kepler-1477,5100.0,-0.4326402402600064,0.81,0.78,4.58,-0.06,4.68,2.8330374084094285,16.8370548,1,14.5763,,1,0,0,False
Kepler-1478,5904.0,0.0880869757567684,1.04,1.06,4.41,0.03,3.98,3.266132875218769,15.1484251,1,15.3994,,1,0,0,False
Kepler-1479,5796.0,-0.012144491451175203,0.99,0.98,4.45,-0.02,4.27,2.8625296975767016,23.6030131,1,13.7331,,1,0,0,False
Kepler-1480,5156.0,-0.3808884775499513,0.85,0.81,4.56,0.07,4.79,2.699744095407621,3.3948784,2,14.4824,,1,0,0,False
Kepler-1481,4693.28,-0.58658,0.75,0.769856,4.54031,-0.079,,2.6618845889106204,0.5363161,1,14.7429,,1,0,0,False
Kepler-1483,6337.0,0.45268074982472184,1.25,1.4,4.24,0.04,2.4,3.1050944256158792,10.3491566,1,14.4231,,1,0,0,False
Kepler-1484,5730.0,-0.08691600747204219,0.94,0.92,4.49,-0.17,3.98,3.4593668515644316,4.5370861,1,15.2474,,1,0,0,False
Kepler-1485,6087.0,0.18893910231968453,1.11,1.12,4.39,0.02,2.51,2.789340937993635,4.8598859,1,13.1796,,1,0,0,False
Kepler-1486,5965.0,0.15376768733309365,1.08,1.12,4.38,0.06,3.55,3.247762201944017,3.2823683,1,15.2937,,1,0,0,False
Kepler-1490,5515.0,-0.20188957769063795,0.9,0.87,4.52,-0.08,4.57,2.935970534800941,10.5745823,1,15.4179,,1,0,0,False
Kepler-1492,4712.0,-0.6396240300539949,0.77,0.72,4.62,0.06,2.82,2.5205529619043427,29.7632704,1,14.4962,,1,0,0,False
Kepler-1493,5863.0,0.2465488473049747,1.06,1.29,4.24,0.06,6.46,2.7443328894307517,24.9686218,1,13.5532,,1,0,0,False
Kepler-1494,5659.0,-0.08989566709200318,0.96,0.94,4.48,0.01,4.37,3.10906532410824,7.3093168,1,15.217,,1,0,0,False
Kepler-1495,5831.0,0.04992869424902581,1.03,1.04,4.42,0.06,4.17,3.1321123374996587,12.9626446,1,15.6247,,1,0,0,False
Kepler-1496,6182.0,0.3250132947883457,1.18,1.27,4.29,0.05,2.95,3.116494839310516,1.577546,1,14.6819,,1,0,0,False
Kepler-1497,5675.0,-0.07579947599437573,0.96,0.95,4.47,0.01,4.27,,2.4689124,1,15.3761,,1,0,0,False
Kepler-1498,5256.0,-0.3475186860685156,0.86,0.81,4.56,-0.01,4.17,,10.6304921,1,15.0997,,1,0,0,False
Kepler-1499,4937.39,-0.46443,0.812,0.800648,4.54074,0.1725,,2.491178130604054,25.4377939,1,13.5155,,1,0,0,False
Kepler-1500,5845.0,0.020027911958722985,1.0,1.0,4.44,-0.05,4.07,3.08558310210339,26.9710412,1,14.5804,,1,0,0,False
Kepler-1501,6229.0,0.35844987807752504,1.2,1.3,4.28,0.04,2.75,2.874516606251231,9.2169221,1,13.6458,,1,0,0,False
Kepler-1502,6666.0,0.7194079810804304,1.44,1.72,4.13,0.05,1.7,3.180131612173478,0.6773765,1,14.0931,,1,0,0,False
Kepler-1503,5069.0,-0.4889575456771532,0.77,0.74,4.59,-0.19,5.13,3.0883381215820025,10.1915184,1,15.7862,,1,0,0,False
Kepler-1504,5393.0,-0.3028184311227634,0.85,0.81,4.55,-0.17,4.47,3.386666586920679,1.4702204,1,15.6311,,1,0,0,False
Kepler-1505,5595.29,0.14944,0.989,1.26394,4.22981,-0.2629,,2.6947350291888443,6.2832955,1,12.9258,,1,0,0,False
Kepler-1506,5676.0,-0.0939747057830968,0.95,0.93,4.49,-0.05,3.98,3.3740184114047294,11.8177331,1,15.6243,,1,0,0,False
Kepler-1507,5410.0,-0.25548323817784946,0.89,0.85,4.53,-0.03,4.57,2.5057982216659447,21.316818,1,13.1038,,1,0,0,False
Kepler-1508,6158.0,0.28336824958550094,1.14,1.22,4.32,0.01,2.69,3.1004670442806983,5.2647353,1,14.3466,,1,0,0,False
Kepler-1509,5780.0,-0.00812840715549651,1.0,0.99,4.45,0.03,3.98,3.3016722763266584,1.4248755,1,15.3316,,1,0,0,False
Kepler-1510,6200.0,0.3368765472560395,1.19,1.28,4.29,0.04,2.75,3.2294898606677935,2.7925208,1,15.1424,,1,0,0,False
Kepler-1511,6684.51,0.83813,1.41,1.95693,4.00413,-0.0819,,3.1689686465547657,6.6459554,1,13.5024,,1,0,0,False
Kepler-1512,3484.0,-1.695,0.418,0.393,4.865,0.15,1.6,,24.2954001,1,13.2634,,1,1,1,False
Kepler-1515,6511.0,0.505918856665634,1.3,1.41,4.26,0.07,1.82,2.7318473311106315,10.1891191,1,11.9975,,1,0,0,False
Kepler-1516,5904.0,0.09624280059764712,1.04,1.07,4.4,0.03,4.07,3.13320347798079,15.9220163,1,14.4469,,1,0,0,False
Kepler-1031,6011.0,0.16711280718211763,1.09,1.12,4.38,0.03,3.39,2.834345665356125,10.850885,1,,,1,0,0,False
Kepler-1517,6963.86,0.87873,1.53,1.88937,4.07013,0.032,,2.928036693843755,0.9243924,1,12.1739,,1,0,0,False
Kepler-1519,5644.0,-0.12267934506128451,0.94,0.91,4.5,-0.07,3.98,3.1588538113007014,14.7774508,1,14.8034,,1,1,1,False
Kepler-1520,4677.0,-0.6647239729605456,0.76,0.71,4.61,0.04,4.47,2.783844288314464,11.150732,1,15.6932,,1,0,0,False
Kepler-1521,4981.13,-0.5691,0.824,0.697343,4.6671,0.0918,,2.3159346772956817,24.5644534,1,12.8476,,1,0,0,False
Kepler-1522,5706.0,-0.08481718364061203,0.96,0.93,4.49,-0.07,3.89,2.910691091182139,11.9512179,1,14.1963,,1,0,0,False
Kepler-1523,5708.0,-0.05663182618313848,0.97,0.96,4.46,0.0,4.37,2.9373152408517487,3.926374,1,14.8369,,1,0,0,False
Kepler-1524,6179.0,0.3103826568417134,1.17,1.25,4.31,0.04,2.88,2.5818052106850793,8.3971442,1,12.7003,,1,0,0,False
Kepler-1525,5581.31,-0.0112,0.985,1.0558,4.38434,0.2943,,2.583186300579837,36.7842769,1,12.6919,,1,0,0,False
Kepler-1526,4601.0,-0.7180030354990175,0.73,0.69,4.62,-0.01,4.68,2.74474191323415,9.0336549,1,15.6551,,1,0,0,False
Kepler-1527,6224.0,0.37031604830551723,1.21,1.32,4.27,0.07,2.82,3.265320275312761,4.3385517,1,15.0782,,1,0,0,False
Kepler-1528,5857.0,0.04926519548947215,1.03,1.03,4.43,0.03,3.89,2.912505823357195,7.0301437,1,14.4764,,1,0,0,False
Kepler-1529,5048.0,-0.4616513147434373,0.81,0.77,4.58,-0.03,4.79,2.8202106577584978,0.6437813,1,15.3885,,1,0,0,False
Kepler-1531,6260.0,0.3467946247209199,1.16,1.27,4.29,-0.03,2.82,2.823691973909975,4.2615498,1,13.1712,,1,0,0,False
Kepler-1532,5559.0,-0.17815810957813535,0.91,0.88,4.51,-0.1,4.27,2.902136750973111,8.2229356,1,14.8028,,1,0,0,False
Kepler-1533,6473.13,0.66241,1.32,1.70463,4.09538,-0.211,,2.9853370909435744,15.0264726,1,13.1678,,1,0,0,False
Kepler-1535,6021.0,0.1622103163691944,1.08,1.11,4.38,0.0,3.47,2.9531471898202812,2.0228938,1,14.1798,,1,0,0,False
Kepler-1536,4233.97,-0.8224,0.66,0.721038,4.5417,-0.131,,2.5879891834584696,25.5636578,1,15.1407,,1,0,0,False
Kepler-1537,5079.0,-0.4510158483733581,0.81,0.77,4.58,-0.08,5.01,2.7137357620303453,6.7600004,1,14.5457,,1,0,0,False
Kepler-1538,5837.0,0.04332307261827148,1.03,1.03,4.42,0.02,4.37,3.051268318870385,17.7037518,1,15.2279,,1,0,0,False
Kepler-1539,5176.0,-0.3849531054062495,0.84,0.8,4.57,-0.01,4.79,2.8740908347063536,7.553961,1,15.3085,,1,1,1,False
Kepler-1540,4540.0,-0.7411885571297864,0.74,0.69,4.63,0.1,2.51,2.389095173354186,8.1298099,2,14.0831,,1,1,1,False
Kepler-1409,5160.0,-0.40125716094298425,0.83,0.79,4.57,-0.03,4.79,2.841916061893772,3.4040539,1,15.172,,1,0,0,False
Kepler-1425,5718.0,-0.06268633536713684,0.97,0.95,4.47,-0.03,4.07,2.9364499005190954,0.5332568,1,13.5629,,1,0,0,False
Kepler-1454,5448.0,-0.23316485192666214,0.9,0.86,4.53,-0.02,4.57,2.8924096302990985,12.5331298,1,14.8994,,1,0,0,False
Kepler-1624,3636.0,-1.4604189359615585,0.5,0.47,4.78,0.06,4.47,2.4132645495875176,30.3487034,1,15.6681,,1,0,0,False
Kepler-1625,5677.0,-0.08437886593166384,0.96,0.94,4.48,0.01,4.37,3.363632660089377,5.2566557,1,15.7627,,1,1,1,False
Kepler-1626,6826.0,0.8238984425437952,1.51,1.85,4.08,0.04,1.55,3.136349514864197,6.1677723,1,14.2242,,1,0,0,False
Kepler-1627,5445.0,-0.25456004154177425,0.87,0.84,4.54,-0.1,4.68,2.501657546109158,2.3258377,1,13.0492,,1,0,0,False
Kepler-1628,3724.0,-1.331064773525894,0.55,0.52,4.74,0.17,5.13,,12.6644424,1,16.9534,,1,1,1,False
Kepler-1630,4736.0,-0.7467822762660956,0.66,0.63,4.66,-0.46,5.01,2.520107374361227,26.5321482,1,14.2049,,1,0,0,False
Kepler-1631,5679.0,-0.07457546472118028,0.97,0.95,4.47,0.04,4.17,3.1159398515474424,2.9409561,1,15.4951,,1,0,0,False
Kepler-1632,6137.0,0.2558082658880764,1.12,1.19,4.33,0.0,3.09,2.8553737607946967,16.606827,1,13.066,,1,1,1,False
Kepler-1633,6168.72,0.64606,1.18,1.84201,3.97936,-0.123,,3.047239810809347,5.1492286,1,13.3918,,1,0,0,False
Kepler-1634,5269.14,-0.26507,0.9,0.884374,4.49904,0.2001,,2.79052371411238,9.7902845,1,14.486,,1,1,1,False
Kepler-1635,5347.0,-0.2758315622027647,0.89,0.85,4.53,0.06,4.9,3.029160484810584,6.0484282,1,15.6928,,1,1,1,False
Kepler-1636,5619.51,0.23674,0.99,1.38556,4.15045,0.146,,3.2894863862937047,4.740808,1,15.7916,,1,1,1,False
Kepler-1637,5789.0,0.02050439175833653,1.02,1.02,4.43,0.07,4.17,2.7537262682029264,22.1080822,1,13.2726,,1,0,0,False
Kepler-1638,5906.0,-0.114,0.817,0.835,4.525,-0.76,5.7,3.1834179057396192,7.7922911,1,14.7479,,1,1,1,False
Kepler-1639,6150.0,0.25215432768120494,1.12,1.18,4.34,-0.03,3.16,3.013389228865523,7.7772193,1,14.4686,,1,0,0,False
Kepler-1640,6324.0,0.46752936993809663,1.27,1.43,4.23,0.1,2.4,3.2694615730152483,9.4144963,1,14.9622,,1,0,0,False
Kepler-1641,6152.0,0.26004907992584736,1.12,1.19,4.34,-0.02,3.02,2.9346852586870615,3.1202637,1,14.2231,,2,0,0,False
Kepler-1642,5355.0,-0.28351367723745147,0.88,0.84,4.54,-0.01,4.47,2.616867095080421,12.63992,1,14.1012,,2,0,0,False
Kepler-1643,5508.0,-0.19416907939283104,0.92,0.88,4.52,-0.01,3.89,2.533739021269395,3.4522897,1,13.8271,,1,0,0,False
Kepler-1644,5499.0,-0.21697836881806068,0.89,0.86,4.53,-0.1,4.27,2.798837027560258,17.7943319,1,14.1827,,1,0,0,False
Kepler-1645,5812.0,0.027392615995058132,1.02,1.02,4.43,0.04,4.17,3.0800742501211444,5.1822615,1,14.4405,,1,0,0,False
Kepler-1482,5381.0,-0.27509960972297387,0.88,0.84,4.54,-0.04,4.47,2.7540087192415688,1.942991,1,13.7295,,1,0,0,False
Kepler-1534,5442.0,-0.23507909777062172,0.9,0.86,4.52,-0.01,4.57,,7.0516358,1,16.2352,,1,0,0,False
Kepler-1185,5622.0,-0.16850827970978802,0.96,0.87,4.54,-0.04,1.55,2.662070914619577,14.6963652,1,12.5524,,1,0,0,False
Kepler-1646,3299.0,-2.143634191909701,0.24,0.26,5.01,0.04,4.68,2.105820041248875,17.8146375,1,15.6554,,1,0,0,False
Kepler-1629,5776.0,0.008041335778903485,1.01,1.01,4.44,0.05,4.27,2.5264555906919464,4.6485697,1,12.7136,,1,0,0,False
K2-44,5795.0,0.44601,1.04,1.65787,4.016,0.13,,2.678247885049228,14.0778353,1,12.0238,,1,0,0,False
K2-46,6200.0,0.42144,1.19,1.40796,4.21643,-0.31,,2.6524755183687616,25.8153868,1,11.9153,,1,0,0,False
K2-27,5248.0,-0.27324830316664633,0.866,0.885,4.48,0.13,10.3,2.397322872237093,27.1949799,3,12.4528,,1,0,0,False
K2-35,4323.44,-0.71881,0.68,0.779092,4.4874,0.054,,2.4024264689759147,19.9655474,1,13.9152,,2,0,0,False
K2-42,4594.0,-0.66292,0.73,0.735887,4.56777,,,2.5986953234871724,33.6273033,1,14.6336,,1,0,0,False
K2-45,4377.0,-0.71158,0.68,0.766495,4.50156,,,2.6948832338566597,35.522177,1,15.3442,,1,0,0,False
K2-47,4896.88,-0.4573,0.8,0.820662,4.51283,-0.224,,2.543920359118516,33.4010728,1,13.7404,,1,0,0,False
K2-48,4710.7,-0.62359,0.75,0.732293,4.58376,-0.19,,2.49660311293403,51.1772287,1,13.9677,,1,0,0,False
K2-49,4396.0,-0.75041,0.69,0.726658,4.55426,,,2.6600349733461006,10.9932611,1,15.2444,,1,0,0,False
K2-36,4916.0,-0.57,0.79,0.718,4.621,-0.09,1.4,2.040400571771011,33.2746722,1,11.527,,2,0,0,False
WASP-85 A,6112.0,0.03924645398285725,1.09,0.935,4.535803276195589,,,2.151942606261572,78.0214432,2,10.6241,G,1,0,0,True
K2-24,5743.0,0.15836,1.12,1.21,4.29,0.42,5.1,2.2318822798879374,83.9581623,1,10.9072,G,2,0,0,False
K2-52,7147.0,1.0510660779966188,1.691,2.192,3.979,0.055,,3.0163688617790094,7.6766936,1,15.2553,,1,0,0,False
K2-37,5413.0,-0.254520190239882,0.9,0.85,4.52,-0.03,,2.2551349567377295,11.3447279,1,12.2573,G,3,0,0,False
K2-31,5340.0,-0.11028,0.922,1.02904,4.37794,0.15,,2.043468382262419,104.3947343,2,10.5371,,1,0,0,False
K2-53,4555.0,-0.5788,0.718,0.824666,4.46164,,,2.1399357298135167,38.4408569,1,12.1478,,1,0,0,False
K2-33,3410.0,-0.83,0.31,1.1,3.84,,0.0075,2.1438513388222145,25.8767082,1,14.157,M,1,0,0,False
K2-55,4279.0,-0.78432,0.669,0.737576,4.52788,,,2.202820585949519,25.4305141,1,13.0624,,1,0,0,False
K2-57,4413.0,-0.8122,0.699,0.671,4.629,0.08,6.8,2.421954182276871,35.0495298,1,14.1038,,1,0,0,False
K2-58,5134.0,-0.3954792590695923,0.857874,0.803348,4.54,0.11,,2.2594648613630204,11.9689497,1,12.1319,,3,0,0,False
K2-59,4920.0,-0.64044,0.81,0.658417,4.70955,,,2.4931972565976523,44.7434987,1,13.9395,,2,0,0,False
K2-60,5630.0,0.28233,1.0,1.45479,4.11247,0.18,,2.691850334997277,23.2061916,1,12.6108,,1,0,0,False
K2-61,5761.0,0.008455867990682684,1.030202,1.015751,4.38,0.17,,2.608239261772266,23.1430641,1,12.8575,,1,0,0,False
K2-62,4636.0,-0.7594574740293007,0.684147,0.647947,4.7,-0.29,,2.051025110711388,75.6893615,1,12.0433,,2,0,0,False
K2-63,5872.0,0.24402,1.06,1.27965,4.24919,,,2.713938886548934,23.4896353,1,12.7269,,2,0,0,False
K2-64,5391.0,-0.23421,0.94,0.875405,4.52678,,,2.6988753178177585,51.5106154,1,13.9146,,1,0,0,False
K2-65,4799.0,-0.6719756637793407,0.701917,0.668753,4.55,-0.34,,,256.9777066,1,,,1,0,0,False
K2-66,5887.0,0.4778989355111298,1.11,1.67,4.03,-0.047,,2.7108591800579727,8.0843165,1,11.9961,,1,0,0,False
K2-68,4788.0,-0.64414,0.773,0.692267,4.6457,,,2.2269914957405397,53.3750511,1,12.6573,,1,0,0,False
K2-69,3643.0,-1.35611,0.523949,0.526842,4.714,,,2.256950942299387,39.1324129,1,15.0572,,1,0,0,False
K2-70,5131.0,-0.40167175878380357,0.847597,0.798574,4.53,0.06,,2.3672888145483526,33.7954927,1,12.7782,,1,0,0,False
K2-71,3497.0,-1.51871,0.471923,0.474138,4.76013,,,2.185236086141411,103.5566826,1,15.1887,,1,0,0,False
K2-72,3498.0,-1.83673,0.309458,0.328585,4.89537,,,1.8223779812387322,209.4886222,1,14.2789,,4,1,1,False
K2-73,5865.0,0.07609,1.061,1.05721,4.41546,0.03,,2.4300476289571367,50.2007714,1,11.7146,,1,0,0,False
K2-39,4912.0,0.6516585232079515,1.192,2.93,3.58,0.43,6.7,2.487802747851106,56.7377939,1,10.5959,,1,0,0,False
K2-74,6022.0,0.09185,1.11,1.02116,4.4652,,,2.577287242628761,18.2027715,1,12.4364,,1,0,0,False
K2-28,3214.0,-2.100141684804948,0.257,0.288,4.93,0.26,,1.7993191788818585,320.4672536,1,14.6799,M,1,0,0,False
K2-75,6022.0,0.2573095792503774,1.173509,1.238022,4.26,0.3,,2.7496822185812193,13.6845553,1,12.5886,,2,0,0,False
K2-85,4441.0,-0.8355785495711958,0.678307,0.646851,4.65,-0.14,,1.9877462356619737,116.4278937,1,12.06,,1,0,0,False
K2-54,3990.0,-1.02228,0.615,0.643,4.61,-0.02,,2.2429263586016073,10.9202407,1,13.9449,,1,0,0,False
K2-77,5160.0,-0.39686,0.847,0.792,4.569,0.13,4.7,2.151464851351734,44.1100491,1,11.9202,,1,0,0,False
K2-79,5897.0,0.23959541210218718,1.066,1.265,4.263576153666881,0.035,6.5,2.4082586260019583,42.000715,1,11.8031,,1,0,0,True
K2-81,4784.0,-0.5689,0.772,0.756173,4.56844,,,2.401948233560897,36.8620026,1,13.9043,,1,0,0,False
K2-83,3848.0,-1.20362,0.556642,0.562821,4.6829,,,2.0987440691242543,44.5828466,1,13.8042,,2,0,0,False
K2-84,5249.16,-0.33702,0.897,0.820284,4.56293,0.278,,2.454655862694688,33.1174107,1,13.1474,,2,0,0,False
K2-86,5179.39,-0.3495,0.878,0.830515,4.54287,-0.3778,,2.412794749956121,68.3770971,1,12.7978,,1,0,0,False
K2-87,5583.56,0.2668,0.99,1.45288,4.10924,0.3484,,2.6912954908457825,29.3310226,1,13.7078,,1,0,0,False
K2-88,3572.0,-1.54478,0.436873,0.441001,4.78954,,,2.04360195814624,53.9398654,1,14.5451,,1,0,0,False
K2-89,3677.0,-1.32653,0.531616,0.535057,4.70687,,,1.9346933350345632,96.3600937,1,13.3216,,1,0,0,False
K2-90,4133.13,-0.95318,0.647,0.650887,4.62196,-0.038,,2.1277136800147822,85.794238,1,13.2292,,2,0,0,False
K2-91,3326.0,-1.84126,0.347552,0.361559,4.86273,,,1.7964251489423209,99.2504492,1,14.3219,,1,0,0,False
K2-97,4673.0,0.86688,1.17,4.14,3.276,0.328,7.5,2.9437071593145494,6.897851,1,12.3059,,1,0,0,False
K2-98,6260.0,0.50379,1.246,1.518,4.169,-0.044,3.4,2.7148534478370294,18.5925353,1,12.0398,,1,0,0,False
K2-104,3660.0,-1.43415,0.51,0.48,4.785087701346763,0.14,0.79,2.277125376889807,36.7131006,1,15.3955,,1,0,0,True
K2-100,5945.0,0.236340656110599,1.15,1.24,4.33,0.22,0.75,2.276367581922535,38.415718,1,10.4053,G,1,0,0,False
HD 59686 A,4670.0,1.76,1.43,11.22,2.63,0.01,2.73,1.9507157510579984,85.8179533,2,5.13228,,1,0,0,False
K2-26,3785.0,-1.3098,0.56,0.52,4.756181339736602,-0.13,1.0,1.9958562337104264,118.9910362,1,13.7519,M,1,0,0,True
WASP-76,6366.0,0.65418,1.467,1.744,4.1233,0.204,1.86,2.2888280480742997,61.0509847,2,9.39507,,1,0,0,False
WASP-90,6430.0,0.7790641221872378,1.55,1.98,4.033,0.11,4.4,2.6687892690470734,10.706989,1,11.4559,F,1,0,0,False
HD 5583,4830.0,1.61,1.01,9.09,2.53,-0.5,7.41,2.340872248982588,128.6367175,1,7.30769,,1,0,0,False
BD+15 2375,4649.0,1.57,1.08,8.95,2.61,-0.22,7.41,2.885386666228324,30.7736087,1,9.9918,,1,0,0,False
HD 143105,6254.8,0.55377,1.22,1.61105,4.11021,,,1.67005000521262,31.7710591,1,6.62583,,1,0,0,False
HIP 109600,5562.0,-0.07924,0.98,0.983034,4.44416,,,1.8217499351022535,228.1114695,2,9.003861,,1,0,0,False
HD 35759,5998.0,0.53425,1.11,1.71303,4.01586,,,1.8527379318634158,97.3168248,1,7.59606,,1,0,0,False
HIP 109384,5274.0,-0.3205,0.9,0.828172,4.55607,-0.23,,1.7705442159975273,249.4527161,1,9.387981,,1,1,1,False
HD 220842,5921.14,0.35594,1.08,1.43157,4.15986,-0.2372,,1.8105671856892553,168.6008408,2,7.83398,,1,0,0,False
HD 12484,5835.0,0.0211,1.05,1.00259,4.45701,0.09,,1.6842769973188123,37.941141,1,8.04463,,1,0,0,False
HIP 65407,5344.0,-0.1895,0.92,0.937926,4.45752,,,1.790850715833842,85.5763599,1,9.15101,,2,0,0,False
KELT-4 A,6206.0,0.53529,1.201,1.603,4.108,-0.116,4.44,2.3385560910094454,18.6442754,3,9.95702,F,1,0,0,False
HIP 74890,4850.0,1.21484,1.74,5.77,3.1,0.2,,1.8957329611571847,173.761664,1,6.75234,K,1,0,0,False
KELT-14,5720.0,0.34616114102892925,1.239,1.52,4.166,0.32,5.11,2.3981501563496423,11.438099,1,10.8384,G,1,0,0,False
KELT-15,6003.0,0.41162,1.181,1.481,4.168,0.047,,2.511459550099757,5.0605882,2,11.0694,,1,0,0,False
K2-29,5222.0,-0.42713,0.864,0.748,4.626,0.0,2.6,2.251577390630632,27.4614777,2,12.2008,K,1,0,0,False
HATS-17,5846.0,0.09342,1.131,1.091,4.416,0.3,2.1,2.602419221400785,32.1829891,1,12.2179,G,1,0,0,False
TYC 3667-1280-1,5130.0,1.38,1.87,6.26,3.11,-0.08,1.35,2.678987927951796,26.8782549,1,9.42321,,1,0,0,False
K2-30,5425.0,-0.25649,0.9,0.844,4.54,-0.15,3.9,2.522499005932876,21.7167955,1,13.2056,G,1,0,0,False
KELT-10,5948.0,0.21748,1.112,1.209,4.319,0.09,4.5,2.275090119048613,15.6467924,1,10.7009,G,1,0,0,False
K2-34,6149.0,0.4843,1.226,1.58,4.2,0.0,4.24,2.5423846869283087,14.2341494,1,11.4357,F,1,0,0,False
WASP-119,5650.0,0.1194461333402912,1.02,1.2,4.26,0.14,8.0,2.480650716990714,26.8320256,1,12.1014,G,1,0,0,False
WASP-124,6050.0,0.097111692100998,1.07,1.02,4.44,-0.02,2.1,2.651895087867535,14.5329419,1,12.5754,F,1,0,0,False
WASP-129,5900.0,-0.055217084585486124,1.0,0.9,4.53,0.15,1.0,2.4792325760768277,11.7785779,2,11.8127,G,1,0,0,False
WASP-133,5700.0,0.29311425684775233,1.16,1.44,4.18,0.29,6.8,2.747477063692872,14.6345773,1,12.7146,G,1,0,0,False
HD 191806,6010.0,0.3483,1.14,,4.45,0.3,2.9,1.8173458532572422,146.0268762,1,7.93339,,1,1,1,False
HD 214823,6215.0,0.63849,1.22,,4.05,0.17,2.7,2.0059008779088585,83.2025708,2,7.91589,G,1,1,1,False
HD 221585,5535.31,0.46159,0.97,1.84996,3.89051,0.2948,,1.747050392904808,440.2242981,1,7.28128,,1,1,1,False
Kepler-1647,6140.8,0.7873,1.16,2.18702,3.82282,-0.134,,3.0836638378542323,8.750994,2,13.579,,1,1,1,False
WASP-120,6450.0,0.7348119215813566,1.393,1.87,4.035,-0.05,2.6,2.581123269611555,6.9317107,1,10.8989,F,1,0,0,False
WASP-123,5740.0,0.2063436748938082,1.166,1.285,4.286,0.18,6.9,2.2966564165470102,35.9574116,2,10.8999,G,1,0,0,False
HATS-25,5715.0,0.06819,0.994,1.107,4.347,0.02,7.5,2.673166569594818,23.7237002,1,12.9353,G,1,0,0,False
HATS-26,6071.0,0.70415,1.299,2.04,3.936,-0.02,4.04,2.935428158581365,4.6501304,1,12.8431,F,1,0,0,False
HATS-27,6438.0,0.66932,1.415,1.74,4.107,0.09,2.3,2.91221567761925,13.6042345,1,12.6792,F,1,0,0,False
HATS-28,5498.0,-0.15739,0.929,0.922,4.476,0.01,6.2,2.7286645769304667,12.5038973,1,13.7929,G,1,0,0,False
HATS-29,5670.0,0.02938,1.032,1.073,4.389,0.16,5.5,2.548869517992027,37.4031182,1,12.4594,G,1,0,0,False
HATS-30,5943.0,0.09691,1.093,1.061,4.425,0.06,2.3,2.5342038510449245,22.839478,2,12.0815,G,1,0,0,False
WASP-121,6459.0,0.51851,1.353,1.458,4.242,0.13,1.5,2.4311996663565094,25.8940345,1,10.3746,F,1,0,0,False
V830 Tau,4250.0,0.08,1.0,2.0,3.837940008672038,,0.002,2.114314014758002,22.4325956,1,11.6928,,1,0,0,True
HATS-15,5311.0,-0.20412,0.871,0.922,4.449,0.0,11.0,3.056733385459966,18.3046061,1,14.6473,G,1,0,0,False
HATS-16,5738.0,0.17319,0.97,1.238,4.239,-0.1,9.5,2.879121121774682,20.4258335,1,13.6864,G,1,0,0,False
WASP-157,5838.0,0.12717232168904521,1.26,1.134,4.5,0.34,1.6,2.523794574613518,32.9093707,1,12.1818,G,1,0,0,False
K2-38,5731.0,0.03743,1.03,1.06,4.38,0.26,6.7,2.284859176733763,68.2729691,1,11.184,G,2,0,0,False
HIP 41378,6199.0,0.38284393236359376,1.14,1.35,4.2,-0.11,4.279,2.0264883210943783,48.1425366,1,8.80998,,4,2,1,False
NGC 2682 YBP 401,6143.23,0.30164,1.16,1.24934,4.30917,-0.046,,2.9195079880461385,11.4538523,1,13.5888,,1,0,0,False
WASP-113,5890.0,0.4459231179405588,1.318,1.608,4.2,0.1,6.2,2.63864497602088,9.4855989,1,11.6041,G,1,0,0,False
WASP-114,5940.0,0.35870770482218495,1.289,1.43,4.3,0.14,4.3,2.718781440506492,10.3020353,2,12.5227,G,1,0,0,False
BD+20 594,5766.0,-0.05552,0.961,0.928,4.5,-0.15,3.34,2.2539700834153624,63.0539428,1,10.8644,G,1,0,0,False
KIC 7917485,7287.54,1.07212,1.65,2.1555,3.98845,-0.1933,,3.140787636152006,6.5164074,1,13.1092,,1,0,0,False
HD 87646,5770.0,0.3782564989307961,1.12,1.55,4.1,-0.17,,1.8667805592495423,78.0535573,3,7.9295,G,1,0,0,False
Proxima Cen,3050.0,-2.80967,0.12,0.141,5.220743020736865,,,0.11434071695111069,3858.8657674,3,8.95361,M,1,1,1,True
K2-95,3471.0,-1.67778,0.361,0.402,4.789055095736718,0.11,0.8,2.2549201010848043,37.8515337,1,16.0836,M,1,0,0,True
HR 2562,6597.0,0.52698,1.38,1.40426,4.28305,,,1.5315695984808906,108.477275,1,5.99741,,1,0,0,False
KELT-17,7454.0,0.87564,1.635,1.645,4.22,-0.018,0.65,2.3550682063488506,25.5071645,1,9.20887,A,1,0,0,False
WASP-92,6280.0,0.3995859806192697,1.19,1.341,4.259,0.0,2.29,2.7603387831923034,13.2665781,1,12.8183,F,1,0,0,False
WASP-93,6700.0,0.6231589947777566,1.334,1.524,4.197,0.07,0.7,2.568534946557043,7.3890765,1,10.978,F,1,0,0,False
WASP-118,6410.0,0.639173663883947,1.32,1.696,4.1,0.16,1.17,2.5759471960323985,14.8009732,1,10.9196,F,1,0,0,False
HD 111998,6557.0,0.5424465891032985,1.18,1.45,4.19,0.07,1.9,1.5214479965712173,262.666257,1,5.99548,F,1,1,1,False
HAT-P-65,5835.0,0.55509,1.212,1.86,3.983,0.1,5.46,2.868361672957393,7.4606907,1,12.9952,G,1,0,0,False
HAT-P-66,6002.0,0.6149,1.255,1.881,3.993,0.035,4.66,2.971023364891507,17.9084728,1,12.8922,G,1,0,0,False
HATS-11,6060.0,0.40312,1.0,1.444,4.118,-0.39,7.7,2.975249320534961,20.240376,1,13.8333,G,1,0,0,False
HATS-12,6408.0,0.86332,1.489,2.21,3.923,-0.1,2.36,2.872819158700308,18.0385851,1,12.6766,F,1,0,0,False
HD 42618,5747.0,-0.046,0.97,0.95,4.49,-0.11,3.72,1.38624562754171,322.2991873,1,6.68303,G,1,0,0,False
HATS-18,5600.0,-0.03152,1.037,1.02,4.436,0.28,4.2,2.7954406365755995,5.8443095,1,13.8786,G,1,0,0,False
HD 9174,5577.0,0.38202,1.03,1.67,4.03,0.39,9.0,1.9111005871936169,187.3236255,1,8.22923,G,1,1,1,False
HD 68402,5950.0,0.06819,1.12,1.02,4.47,0.29,2.0,1.8944783388467092,111.1026566,1,8.95443,G,1,1,1,False
HD 72892,5688.0,0.14613,1.02,1.22,4.27,0.25,8.0,1.8434265162039438,193.7653771,1,8.6469,G,1,0,0,False
HD 128356,4875.0,-0.4437,0.65,0.85,4.52,0.17,10.0,1.4175514034218193,140.796492,1,7.97745,K,1,1,1,False
HD 147873,5972.0,0.77743,1.38,2.29,3.86,0.03,4.0,2.037645582089221,29.4904716,2,7.81828,G,2,0,0,False
HD 165155,5426.0,-0.1549,1.02,0.95,4.49,0.09,11.0,1.8017973467881694,76.9538265,1,9.21413,G,1,1,1,False
HD 224538,6097.0,0.46982,1.34,1.54,4.19,0.27,2.0,1.8979612045658654,85.3387125,1,7.92192,F,1,1,1,False
2MASS J22362452+4751425,4033.0,-1.00887,0.63,0.641152,4.62349,,,1.8424451001932725,69.8897974,1,11.9484,,1,0,0,False
GJ 536,3685.0,-1.377,0.52,0.5,4.75,-0.08,,1.0174173530517199,1019.3442717,1,8.85881,M,1,0,0,False
WASP-130,5625.0,-0.08207757681997534,1.04,0.96,4.49,0.26,2.0,2.2361743581355937,6.2355001,1,10.9717,G,1,0,0,False
WASP-131,6030.0,0.4435419601630903,1.06,1.53,4.089,-0.18,4.5,2.301192825565996,14.248875,1,9.86708,G,1,0,0,False
WASP-139,5310.0,-0.34055209172294904,0.92,0.8,4.59,0.2,0.5,2.327301705931228,29.2712697,2,12.2715,K,1,0,0,False
WASP-140,5260.0,-0.28412866818051924,0.9,0.87,4.51,0.12,0.5,2.0703999357167366,27.5591959,2,10.8202,K,1,0,0,False
WASP-141,5900.0,0.3097390308486777,1.25,1.37,4.26,0.29,5.0,2.713106480522449,7.7802964,1,12.4822,F,1,0,0,False
WASP-142,6010.0,0.4980754340736413,1.33,1.64,4.13,0.26,2.0,2.8638775697569723,21.9465762,1,12.7568,F,1,0,0,False
HATS-31,6050.0,0.61909,1.275,1.87,4.0,0.0,4.3,2.8887263717343306,2.5021229,1,12.9613,,1,0,0,False
HATS-32,5700.0,0.0569,1.099,1.097,4.396,0.39,3.5,2.8722238891754737,20.1688334,1,14.2166,,1,0,0,False
HATS-33,5659.0,-0.01773,1.062,1.022,4.445,0.29,3.0,2.3952564808860215,38.490164,1,11.7082,,1,0,0,False
HATS-34,5380.0,-0.14026,0.955,0.98,4.435,0.25,7.7,2.7065829509411357,5.7005088,1,13.679,,1,0,0,False
HATS-35,6300.0,0.46538,1.317,1.433,4.244,0.21,2.13,2.7114318026550692,23.2444817,1,12.4605,,1,0,0,False
HD 86950,4805.0,1.55991,1.66,8.8,2.66,0.04,,2.321886207931531,14.2058167,1,7.17997,K,1,0,0,False
HD 222076,4806.0,0.92942,1.07,4.1,3.31,0.05,,1.9597747781432902,88.8381112,1,7.18755,K,1,0,0,False
WASP-127,5620.0,0.23786471275172189,1.08,1.39,4.18,-0.18,11.41,2.202779746920883,25.6796481,2,10.054,,1,0,0,False
WASP-136,6260.0,0.8279717301792275,1.41,2.21,3.9,-0.18,3.62,2.4402587271636533,9.9588718,1,9.81929,,1,0,0,False
WASP-138,6272.0,0.4095918654132506,1.22,1.36,4.25,-0.09,3.44,2.6172457425689664,36.2524706,1,11.6873,,1,0,0,False
K2-101,4695.41,-0.5516,0.75,0.800765,4.50612,0.1057,,2.2749195064037537,38.6976148,1,12.6619,,1,0,0,False
K2-102,4695.0,-0.65738,0.77,0.71,4.623974027734332,0.14,0.79,2.2745619247063105,37.3842118,1,12.8466,,1,0,0,True
EPIC 211822797,3880.0,-1.15304,0.61,0.59,4.683625811726479,0.14,0.79,2.2699726793631454,37.9241885,1,14.5263,,1,0,0,True
XO-6,6720.0,0.8334815601981359,1.47,1.93,4.04,-0.07,1.88,2.37195218284166,28.0607596,1,10.191,F,1,0,0,False
EPIC 220674823,5590.0,-0.11919,0.93,0.83,4.56,0.025,5.0,2.388438697043693,61.004017,1,11.9535,G,2,0,0,False
HD 47366,4914.0,1.38917,2.19,6.2,3.1,-0.07,0.94,1.9261118594408295,126.1020656,1,5.83869,,2,0,0,False
WASP-87,6458.0,0.58579,1.31,1.56803,4.16463,,,2.4747871753608552,4.1466218,2,10.7091,,1,0,0,False
nu Oct A,4860.0,1.2277871917971224,1.61,5.81,3.12,0.18,2.8,1.326333812365043,248.6463352,2,3.44162,K,1,0,0,False
